posizione;uid;user;changesets;changesets_totali;changesets_fuori;percentuale_marchigiana;2025;2026;prima_attivita;ultima_attivita;profilo_osm
1;4188272;dp7;7431;8445;1014;87,99;3883;3548;2025-01-01T10:18:50+00:00;2026-09-27T15:22:02+00:00;https://www.openstreetmap.org/user/dp7
2;123412;totera;4684;5415;731;86,50;2726;1958;2025-01-01T15:00:25+00:00;2026-09-27T22:22:15+00:00;https://www.openstreetmap.org/user/totera
3;8716397;f_gonella;4004;8787;4783;45,57;2207;1797;2025-01-02T10:37:58+00:00;2026-09-27T04:55:49+00:00;https://www.openstreetmap.org/user/f_gonella
4;9660877;Neonkaaaaa;1279;3252;1973;39,33;631;648;2025-02-14T08:24:20+00:00;2026-09-26T15:58:18+00:00;https://www.openstreetmap.org/user/Neonkaaaaa
5;393359;Robot8A;962;10871;9909;8,85;460;502;2025-01-21T22:43:23+00:00;2026-09-26T11:46:24+00:00;https://www.openstreetmap.org/user/Robot8A
6;11734328;dambuster80;890;890;0;100,00;818;72;2025-01-01T09:50:16+00:00;2026-09-09T15:13:04+00:00;https://www.openstreetmap.org/user/dambuster80
7;19710820;Explorer0999;756;1310;554;57,71;470;286;2025-05-15T11:46:22+00:00;2026-09-19T12:51:08+00:00;https://www.openstreetmap.org/user/Explorer0999
8;4365159;wildmaps;473;15863;15390;2,98;0;473;2026-01-19T01:24:06+00:00;2026-09-10T16:47:30+00:00;https://www.openstreetmap.org/user/wildmaps
9;21229894;fvgm;467;482;15;96,89;421;46;2025-04-20T18:18:22+00:00;2026-09-27T16:25:47+00:00;https://www.openstreetmap.org/user/fvgm
10;133076;Galessandroni;455;663;208;68,63;162;293;2025-01-18T16:33:00+00:00;2026-09-18T12:05:24+00:00;https://www.openstreetmap.org/user/Galessandroni
11;160229;sorcrosc;380;557;177;68,22;306;74;2025-01-01T17:14:26+00:00;2026-09-12T13:28:10+00:00;https://www.openstreetmap.org/user/sorcrosc
12;23662238;storti d;379;409;30;92,67;27;352;2025-12-31T14:58:23+00:00;2026-07-25T15:59:24+00:00;https://www.openstreetmap.org/user/storti%20d
13;179966;jeawrong;370;491;121;75,36;295;75;2025-01-03T15:17:33+00:00;2026-09-25T16:52:32+00:00;https://www.openstreetmap.org/user/jeawrong
14;3240268;Max Ciaone;363;431;68;84,22;362;1;2025-08-12T21:35:26+00:00;2026-05-15T17:40:15+00:00;https://www.openstreetmap.org/user/Max%20Ciaone
15;21796089;Curculion;348;2109;1761;16,50;179;169;2025-07-06T12:38:47+00:00;2026-05-23T04:24:06+00:00;https://www.openstreetmap.org/user/Curculion
16;1914637;a1ca424;303;377;74;80,37;141;162;2025-01-05T16:36:44+00:00;2026-09-23T07:34:36+00:00;https://www.openstreetmap.org/user/a1ca424
17;464509;soflor;274;291;17;94,16;9;265;2025-03-11T16:25:33+00:00;2026-09-25T12:37:19+00:00;https://www.openstreetmap.org/user/soflor
18;686226;CAI-AP;257;431;174;59,63;236;21;2025-01-01T16:40:44+00:00;2026-04-06T15:08:27+00:00;https://www.openstreetmap.org/user/CAI-AP
19;5328797;LorenzoPesci;252;1195;943;21,09;106;146;2025-01-03T09:31:17+00:00;2026-09-17T10:02:16+00:00;https://www.openstreetmap.org/user/LorenzoPesci
20;14976718;Mapper56K;211;242;31;87,19;159;52;2025-01-11T18:14:53+00:00;2026-09-27T20:57:19+00:00;https://www.openstreetmap.org/user/Mapper56K
21;21490170;evilworld;207;529;322;39,13;161;46;2025-01-03T13:28:14+00:00;2026-09-01T01:03:00+00:00;https://www.openstreetmap.org/user/evilworld
22;10142223;Emabarto;198;2579;2381;7,68;59;139;2025-02-20T18:53:27+00:00;2026-05-01T09:51:02+00:00;https://www.openstreetmap.org/user/Emabarto
23;8608593;cla88;178;194;16;91,75;117;61;2025-01-01T01:21:35+00:00;2026-09-27T15:38:41+00:00;https://www.openstreetmap.org/user/cla88
24;22927472;TBonanno;167;177;10;94,35;163;4;2025-05-22T12:59:44+00:00;2026-04-22T08:10:26+00:00;https://www.openstreetmap.org/user/TBonanno
25;1940323;SekeRob;165;12814;12649;1,29;121;44;2025-01-06T15:17:35+00:00;2026-07-14T06:38:26+00:00;https://www.openstreetmap.org/user/SekeRob
26;7562272;Riccardo Pastocchi;164;164;0;100,00;133;31;2025-01-06T13:41:54+00:00;2026-09-26T00:05:34+00:00;https://www.openstreetmap.org/user/Riccardo%20Pastocchi
27;475264;Camoscio Sibillini;162;166;4;97,59;55;107;2025-11-28T20:08:48+00:00;2026-09-24T04:50:52+00:00;https://www.openstreetmap.org/user/Camoscio%20Sibillini
28;24247338;davide020382;155;7445;7290;2,08;0;155;2026-08-27T21:21:46+00:00;2026-08-31T19:58:08+00:00;https://www.openstreetmap.org/user/davide020382
29;10368945;Dom61;149;5842;5693;2,55;141;8;2025-03-13T20:18:43+00:00;2026-07-13T21:12:40+00:00;https://www.openstreetmap.org/user/Dom61
30;14257573;toponomastica_comune_arenzano;146;9227;9081;1,58;109;37;2025-04-03T20:01:21+00:00;2026-09-25T17:32:36+00:00;https://www.openstreetmap.org/user/toponomastica_comune_arenzano
31;11976;Map47;134;5621;5487;2,38;90;44;2025-01-02T10:50:45+00:00;2026-09-05T09:46:31+00:00;https://www.openstreetmap.org/user/Map47
32;14777719;Susymala;134;2962;2828;4,52;65;69;2025-01-17T16:47:50+00:00;2026-09-22T15:21:22+00:00;https://www.openstreetmap.org/user/Susymala
33;1404750;Yiyi_;133;6904;6771;1,93;128;5;2025-06-27T14:55:27+00:00;2026-08-30T13:38:21+00:00;https://www.openstreetmap.org/user/Yiyi_
34;10124288;damianeue;132;3552;3420;3,72;103;29;2025-01-15T11:58:43+00:00;2026-09-08T12:55:02+00:00;https://www.openstreetmap.org/user/damianeue
35;20578352;olecky;124;30772;30648;0,40;0;124;2026-06-13T14:30:55+00:00;2026-07-04T06:27:56+00:00;https://www.openstreetmap.org/user/olecky
36;103155;nilocram;114;205;91;55,61;78;36;2025-07-29T14:36:50+00:00;2026-08-22T18:04:45+00:00;https://www.openstreetmap.org/user/nilocram
37;17539192;Matty88A;111;134;23;82,84;81;30;2025-01-04T13:38:13+00:00;2026-09-13T14:35:38+00:00;https://www.openstreetmap.org/user/Matty88A
38;23832705;davide zagaria;98;101;3;97,03;0;98;2026-02-24T08:18:26+00:00;2026-05-18T09:46:14+00:00;https://www.openstreetmap.org/user/davide%20zagaria
39;3215770;Andrea Del Sarto;97;4918;4821;1,97;86;11;2025-01-08T22:05:56+00:00;2026-05-14T20:23:02+00:00;https://www.openstreetmap.org/user/Andrea%20Del%20Sarto
40;16035231;Aluminum0173;95;4965;4870;1,91;86;9;2025-01-08T16:26:54+00:00;2026-09-14T06:18:58+00:00;https://www.openstreetmap.org/user/Aluminum0173
41;22656739;Antonio Bacciaglia;95;107;12;88,79;73;22;2025-05-11T13:30:04+00:00;2026-09-21T12:03:18+00:00;https://www.openstreetmap.org/user/Antonio%20Bacciaglia
42;56519;karlrt;81;521;440;15,55;81;0;2025-05-06T15:28:58+00:00;2025-05-12T14:45:58+00:00;https://www.openstreetmap.org/user/karlrt
43;12456693;ExConcordiaFelicitas;80;85;5;94,12;80;0;2025-01-31T21:28:23+00:00;2025-03-03T13:08:17+00:00;https://www.openstreetmap.org/user/ExConcordiaFelicitas
44;13328146;Maloss34;80;116;36;68,97;40;40;2025-01-04T19:56:09+00:00;2026-09-05T17:55:45+00:00;https://www.openstreetmap.org/user/Maloss34
45;21708463;Sgabs;79;173;94;45,66;0;79;2026-09-22T17:25:04+00:00;2026-09-25T14:22:17+00:00;https://www.openstreetmap.org/user/Sgabs
46;23832707;Bobbyzzini;77;110;33;70,00;0;77;2026-03-07T15:06:19+00:00;2026-05-26T07:26:35+00:00;https://www.openstreetmap.org/user/Bobbyzzini
47;14617702;Đuro Jiří;75;78557;78482;0,10;70;5;2025-02-01T07:51:06+00:00;2026-03-26T15:54:49+00:00;https://www.openstreetmap.org/user/%C4%90uro%20Ji%C5%99%C3%AD
48;20516205;oddradiocircles;73;109;36;66,97;73;0;2025-12-21T09:57:53+00:00;2025-12-26T09:24:07+00:00;https://www.openstreetmap.org/user/oddradiocircles
49;24349145;DiegoBag;71;81;10;87,65;0;71;2026-07-25T14:25:24+00:00;2026-09-27T21:37:18+00:00;https://www.openstreetmap.org/user/DiegoBag
50;15541433;paulbrunner;70;8478;8408;0,83;70;0;2025-01-01T11:33:57+00:00;2025-09-30T21:07:33+00:00;https://www.openstreetmap.org/user/paulbrunner
51;1950277;Mannivu;69;10108;10039;0,68;65;4;2025-01-09T17:37:18+00:00;2026-07-22T20:34:56+00:00;https://www.openstreetmap.org/user/Mannivu
52;20532236;Mauro78;69;76;7;90,79;51;18;2025-08-07T11:09:19+00:00;2026-05-15T11:23:20+00:00;https://www.openstreetmap.org/user/Mauro78
53;18687683;full_equinoxe;65;75;10;86,67;57;8;2025-01-15T16:05:35+00:00;2026-07-17T15:37:08+00:00;https://www.openstreetmap.org/user/full_equinoxe
54;15346460;ppppana;64;65;1;98,46;59;5;2025-03-11T12:57:25+00:00;2026-07-04T20:53:57+00:00;https://www.openstreetmap.org/user/ppppana
55;22525435;btcitnet;64;3844;3780;1,66;60;4;2025-04-17T06:41:40+00:00;2026-09-17T07:06:56+00:00;https://www.openstreetmap.org/user/btcitnet
56;271894;Marco Barbieri70;62;132;70;46,97;62;0;2025-01-02T10:46:02+00:00;2025-03-22T14:00:42+00:00;https://www.openstreetmap.org/user/Marco%20Barbieri70
57;13820426;Bruno Arina;62;94;32;65,96;56;6;2025-02-09T22:22:42+00:00;2026-09-24T13:18:29+00:00;https://www.openstreetmap.org/user/Bruno%20Arina
58;5891;Accurimbono;61;72;11;84,72;37;24;2025-02-05T10:08:20+00:00;2026-08-14T12:52:42+00:00;https://www.openstreetmap.org/user/Accurimbono
59;654234;L'imaginaire;61;3278;3217;1,86;61;0;2025-02-15T07:55:08+00:00;2025-04-23T08:26:23+00:00;https://www.openstreetmap.org/user/L%27imaginaire
60;24012867;dibi_ca;61;75;14;81,33;0;61;2026-04-04T20:58:05+00:00;2026-05-12T19:15:39+00:00;https://www.openstreetmap.org/user/dibi_ca
61;19653888;Marco Tamburini;60;3985;3925;1,51;46;14;2025-04-16T23:26:28+00:00;2026-09-11T22:35:25+00:00;https://www.openstreetmap.org/user/Marco%20Tamburini
62;51179;Samuele Battarra;58;411;353;14,11;13;45;2025-01-02T22:28:21+00:00;2026-09-20T19:42:19+00:00;https://www.openstreetmap.org/user/Samuele%20Battarra
63;351361;dvdzero;57;2880;2823;1,98;0;57;2026-08-24T07:36:24+00:00;2026-09-07T07:40:59+00:00;https://www.openstreetmap.org/user/dvdzero
64;24256632;mr_peo;57;70;13;81,43;0;57;2026-06-28T19:20:36+00:00;2026-08-14T14:55:47+00:00;https://www.openstreetmap.org/user/mr_peo
65;21864105;clamemmel;55;4694;4639;1,17;55;0;2025-06-06T21:09:55+00:00;2025-06-09T21:26:19+00:00;https://www.openstreetmap.org/user/clamemmel
66;569741;emiliano-73-ancona;54;56;2;96,43;54;0;2025-06-05T20:16:59+00:00;2025-08-21T05:55:35+00:00;https://www.openstreetmap.org/user/emiliano-73-ancona
67;839857;jeanl;54;319;265;16,93;32;22;2025-09-20T18:28:44+00:00;2026-09-20T10:57:35+00:00;https://www.openstreetmap.org/user/jeanl
68;23654833;ilianertugral;54;54;0;100,00;0;54;2026-01-12T09:59:46+00:00;2026-03-31T07:56:27+00:00;https://www.openstreetmap.org/user/ilianertugral
69;23832459;Ariannapagnoni;54;71;17;76,06;0;54;2026-02-17T08:18:35+00:00;2026-05-18T16:15:11+00:00;https://www.openstreetmap.org/user/Ariannapagnoni
70;371415;at1839;53;72;19;73,61;44;9;2025-01-04T11:00:57+00:00;2026-09-23T15:44:54+00:00;https://www.openstreetmap.org/user/at1839
71;13384;Sebastien Dinot;52;482;430;10,79;27;25;2025-06-28T10:45:34+00:00;2026-07-21T16:56:58+00:00;https://www.openstreetmap.org/user/Sebastien%20Dinot
72;109705;gscholz;52;35664;35612;0,15;39;13;2025-01-03T07:17:44+00:00;2026-09-05T07:14:20+00:00;https://www.openstreetmap.org/user/gscholz
73;10341131;Yacine Boussoufa;52;53;1;98,11;12;40;2025-06-02T10:24:36+00:00;2026-08-07T16:03:50+00:00;https://www.openstreetmap.org/user/Yacine%20Boussoufa
74;22689107;Stuck_11;52;64;12;81,25;50;2;2025-03-29T19:07:23+00:00;2026-03-11T11:35:43+00:00;https://www.openstreetmap.org/user/Stuck_11
75;14426122;gianluca1984;51;53;2;96,23;43;8;2025-03-02T21:48:14+00:00;2026-04-01T08:51:18+00:00;https://www.openstreetmap.org/user/gianluca1984
76;166133;bikepiper;49;2785;2736;1,76;47;2;2025-08-06T07:44:35+00:00;2026-01-01T12:53:59+00:00;https://www.openstreetmap.org/user/bikepiper
77;10326831;Mauro Buscarini;49;68;19;72,06;32;17;2025-01-02T19:14:46+00:00;2026-09-14T09:20:53+00:00;https://www.openstreetmap.org/user/Mauro%20Buscarini
78;3608135;Semilsent;45;45;0;100,00;1;44;2025-12-02T14:02:46+00:00;2026-04-20T09:20:25+00:00;https://www.openstreetmap.org/user/Semilsent
79;23132468;Thebro7her;45;2410;2365;1,87;0;45;2026-05-11T14:20:33+00:00;2026-05-15T14:36:32+00:00;https://www.openstreetmap.org/user/Thebro7her
80;224342;mircozorzo;44;7135;7091;0,62;0;44;2026-03-15T08:59:27+00:00;2026-04-04T12:24:51+00:00;https://www.openstreetmap.org/user/mircozorzo
81;23832738;loRI_cECC;44;58;14;75,86;0;44;2026-03-09T09:55:21+00:00;2026-05-18T09:20:25+00:00;https://www.openstreetmap.org/user/loRI_cECC
82;69259;DnaX;43;5958;5915;0,72;31;12;2025-01-10T10:31:19+00:00;2026-09-22T10:26:46+00:00;https://www.openstreetmap.org/user/DnaX
83;24374406;Parabolo;43;54;11;79,63;0;43;2026-08-01T14:57:45+00:00;2026-08-17T07:29:32+00:00;https://www.openstreetmap.org/user/Parabolo
84;5589;user_5589;42;60488;60446;0,07;42;0;2025-01-03T11:33:51+00:00;2025-12-24T08:20:35+00:00;https://www.openstreetmap.org/user/user_5589
85;616774;mueschel;41;36056;36015;0,11;24;17;2025-01-12T09:42:51+00:00;2026-08-20T11:13:52+00:00;https://www.openstreetmap.org/user/mueschel
86;1726102;AlessioMela;41;3727;3686;1,10;9;32;2025-11-12T09:46:38+00:00;2026-06-25T12:42:01+00:00;https://www.openstreetmap.org/user/AlessioMela
87;8971394;vojtechzaboril;40;4513;4473;0,89;26;14;2025-02-07T09:04:13+00:00;2026-05-30T09:46:37+00:00;https://www.openstreetmap.org/user/vojtechzaboril
88;36030;WinstonSmith;39;1586;1547;2,46;2;37;2025-07-27T16:19:26+00:00;2026-08-29T11:07:15+00:00;https://www.openstreetmap.org/user/WinstonSmith
89;290680;wheelmap_visitor;39;94341;94302;0,04;28;11;2025-02-13T15:59:50+00:00;2026-09-27T19:14:37+00:00;https://www.openstreetmap.org/user/wheelmap_visitor
90;2566676;Carlo55;38;38;0;100,00;0;38;2026-05-26T15:17:24+00:00;2026-09-06T09:37:36+00:00;https://www.openstreetmap.org/user/Carlo55
91;22634620;Andrea Claudi;38;38;0;100,00;29;9;2025-03-15T21:24:21+00:00;2026-04-28T09:16:55+00:00;https://www.openstreetmap.org/user/Andrea%20Claudi
92;11220113;ivanbranco;37;11387;11350;0,32;23;14;2025-04-28T16:56:26+00:00;2026-09-16T08:50:05+00:00;https://www.openstreetmap.org/user/ivanbranco
93;22731099;Davide_Perruolo;37;37;0;100,00;37;0;2025-04-10T13:26:19+00:00;2025-04-10T13:57:29+00:00;https://www.openstreetmap.org/user/Davide_Perruolo
94;3136185;smorz;36;1734;1698;2,08;34;2;2025-03-11T14:14:39+00:00;2026-04-07T13:31:02+00:00;https://www.openstreetmap.org/user/smorz
95;19981378;u1009;36;36;0;100,00;36;0;2025-03-12T14:15:53+00:00;2025-08-30T21:16:37+00:00;https://www.openstreetmap.org/user/u1009
96;23832722;igor miti;35;35;0;100,00;0;35;2026-03-09T10:20:22+00:00;2026-05-20T16:56:26+00:00;https://www.openstreetmap.org/user/igor%20miti
97;16361248;Lellosvoice;34;34;0;100,00;34;0;2025-04-27T10:39:46+00:00;2025-10-13T12:55:04+00:00;https://www.openstreetmap.org/user/Lellosvoice
98;22926975;Lucas-09;34;39;5;87,18;32;2;2025-05-22T10:59:32+00:00;2026-06-02T09:30:22+00:00;https://www.openstreetmap.org/user/Lucas-09
99;24325433;cnlmrc;34;36;2;94,44;0;34;2026-07-18T19:14:55+00:00;2026-09-06T11:59:50+00:00;https://www.openstreetmap.org/user/cnlmrc
100;1801173;Pucciotrex30;33;6994;6961;0,47;9;24;2025-01-15T12:55:39+00:00;2026-09-21T15:17:04+00:00;https://www.openstreetmap.org/user/Pucciotrex30
101;2166199;carlo fornaciari;33;110;77;30,00;5;28;2025-07-07T12:23:16+00:00;2026-07-23T20:41:10+00:00;https://www.openstreetmap.org/user/carlo%20fornaciari
102;11206543;Fronzi Matteo;33;34;1;97,06;33;0;2025-05-14T20:40:03+00:00;2025-12-15T00:09:47+00:00;https://www.openstreetmap.org/user/Fronzi%20Matteo
103;22370663;Brascà;33;1538;1505;2,15;0;33;2026-06-21T18:52:13+00:00;2026-06-27T19:55:55+00:00;https://www.openstreetmap.org/user/Brasc%C3%A0
104;21310951;Brokkolino;32;46;14;69,57;32;0;2025-09-17T10:45:08+00:00;2025-09-21T16:30:39+00:00;https://www.openstreetmap.org/user/Brokkolino
105;22397838;aleb2000;32;37;5;86,49;32;0;2025-01-18T16:49:00+00:00;2025-08-04T08:20:51+00:00;https://www.openstreetmap.org/user/aleb2000
106;12049663;Eugenio723;31;105;74;29,52;30;1;2025-08-08T08:18:49+00:00;2026-05-31T10:00:44+00:00;https://www.openstreetmap.org/user/Eugenio723
107;20158959;Pietro395;31;35;4;88,57;31;0;2025-01-12T16:14:17+00:00;2025-10-11T12:21:30+00:00;https://www.openstreetmap.org/user/Pietro395
108;23784026;Drifter22;31;85;54;36,47;0;31;2026-02-04T09:51:59+00:00;2026-06-29T15:05:11+00:00;https://www.openstreetmap.org/user/Drifter22
109;23832720;ele stefanini;31;43;12;72,09;0;31;2026-02-17T08:12:14+00:00;2026-05-25T09:19:13+00:00;https://www.openstreetmap.org/user/ele%20stefanini
110;14055316;llamborda;30;551;521;5,44;25;5;2025-03-29T08:59:13+00:00;2026-08-29T21:35:48+00:00;https://www.openstreetmap.org/user/llamborda
111;21748492;Yurii Skvortsov;30;31860;31830;0,09;30;0;2025-12-29T22:29:04+00:00;2025-12-29T23:22:58+00:00;https://www.openstreetmap.org/user/Yurii%20Skvortsov
112;23050296;Giann00000;30;30;0;100,00;22;8;2025-06-29T13:06:59+00:00;2026-08-21T22:01:32+00:00;https://www.openstreetmap.org/user/Giann00000
113;21850090;mpbin;29;668;639;4,34;29;0;2025-01-01T12:54:11+00:00;2025-01-06T14:18:20+00:00;https://www.openstreetmap.org/user/mpbin
114;23670258;Light3r;29;766;737;3,79;0;29;2026-07-27T11:58:29+00:00;2026-07-30T16:42:37+00:00;https://www.openstreetmap.org/user/Light3r
115;23802080;Andrea Malipiero;29;74;45;39,19;0;29;2026-02-08T18:37:18+00:00;2026-07-30T17:33:21+00:00;https://www.openstreetmap.org/user/Andrea%20Malipiero
116;923271;aldoct;28;3896;3868;0,72;28;0;2025-01-20T18:21:01+00:00;2025-02-02T09:32:49+00:00;https://www.openstreetmap.org/user/aldoct
117;2442070;Jaka Kranjc;28;1459;1431;1,92;28;0;2025-12-02T08:23:36+00:00;2025-12-03T18:54:44+00:00;https://www.openstreetmap.org/user/Jaka%20Kranjc
118;8522139;mosis99;28;1137;1109;2,46;21;7;2025-12-29T18:40:23+00:00;2026-01-07T17:08:35+00:00;https://www.openstreetmap.org/user/mosis99
119;10973763;Roberto Onori;28;28;0;100,00;28;0;2025-05-03T17:14:28+00:00;2025-10-01T20:54:05+00:00;https://www.openstreetmap.org/user/Roberto%20Onori
120;13608596;acifani;28;28;0;100,00;28;0;2025-03-31T09:39:14+00:00;2025-03-31T15:35:56+00:00;https://www.openstreetmap.org/user/acifani
121;17697345;fb552;28;351;323;7,98;19;9;2025-01-09T07:31:53+00:00;2026-07-04T11:32:46+00:00;https://www.openstreetmap.org/user/fb552
122;22170307;FrancescaMaggiori;28;32;4;87,50;27;1;2025-01-22T16:29:02+00:00;2026-06-29T11:01:58+00:00;https://www.openstreetmap.org/user/FrancescaMaggiori
123;13802623;Mastrocom;27;2298;2271;1,17;0;27;2026-08-28T15:54:22+00:00;2026-08-31T19:41:02+00:00;https://www.openstreetmap.org/user/Mastrocom
124;21372887;pat-pat;27;120;93;22,50;19;8;2025-03-21T10:03:39+00:00;2026-06-18T10:01:44+00:00;https://www.openstreetmap.org/user/pat-pat
125;23228658;Pernycek;27;8354;8327;0,32;27;0;2025-10-10T14:22:54+00:00;2025-11-09T20:45:59+00:00;https://www.openstreetmap.org/user/Pernycek
126;8473;fparri;26;116;90;22,41;1;25;2025-11-03T10:47:12+00:00;2026-02-19T10:58:29+00:00;https://www.openstreetmap.org/user/fparri
127;615196;Alessandro Melandri;26;46;20;56,52;22;4;2025-07-10T12:05:43+00:00;2026-06-26T15:01:22+00:00;https://www.openstreetmap.org/user/Alessandro%20Melandri
128;1788682;talete1;26;940;914;2,77;9;17;2025-09-13T12:18:25+00:00;2026-02-21T20:05:06+00:00;https://www.openstreetmap.org/user/talete1
129;3335899;GBAB;26;2402;2376;1,08;24;2;2025-01-21T11:05:17+00:00;2026-02-16T17:05:20+00:00;https://www.openstreetmap.org/user/GBAB
130;4425563;Danysan95;26;2333;2307;1,11;24;2;2025-04-20T16:29:20+00:00;2026-09-12T16:17:10+00:00;https://www.openstreetmap.org/user/Danysan95
131;8215303;ross-map;26;7406;7380;0,35;26;0;2025-09-26T07:13:59+00:00;2025-09-26T15:03:55+00:00;https://www.openstreetmap.org/user/ross-map
132;9451067;b-jazz-bot;26;21694;21668;0,12;15;11;2025-01-03T23:08:02+00:00;2026-08-13T11:37:56+00:00;https://www.openstreetmap.org/user/b-jazz-bot
133;22299574;Alessandra Mercuri;26;34;8;76,47;26;0;2025-01-07T20:05:17+00:00;2025-05-20T10:17:31+00:00;https://www.openstreetmap.org/user/Alessandra%20Mercuri
134;21822;Jacopo;25;2685;2660;0,93;25;0;2025-03-26T12:35:21+00:00;2025-09-24T12:48:51+00:00;https://www.openstreetmap.org/user/Jacopo
135;1323411;LucaCeresoli;25;972;947;2,57;25;0;2025-07-07T12:40:23+00:00;2025-07-10T15:41:31+00:00;https://www.openstreetmap.org/user/LucaCeresoli
136;5127355;aTarom;25;22349;22324;0,11;20;5;2025-07-06T18:21:46+00:00;2026-08-18T06:10:40+00:00;https://www.openstreetmap.org/user/aTarom
137;7037875;franco_pi;25;259;234;9,65;25;0;2025-09-10T16:45:05+00:00;2025-09-13T18:18:15+00:00;https://www.openstreetmap.org/user/franco_pi
138;8371994;Giovanni Iannone;25;26;1;96,15;25;0;2025-02-22T11:04:21+00:00;2025-07-03T06:29:24+00:00;https://www.openstreetmap.org/user/Giovanni%20Iannone
139;8396288;P feliciati;25;26;1;96,15;25;0;2025-08-15T09:58:22+00:00;2025-11-26T14:30:10+00:00;https://www.openstreetmap.org/user/P%20feliciati
140;22732603;Anesa Halilovic;25;25;0;100,00;25;0;2025-04-10T11:42:28+00:00;2025-04-10T13:57:09+00:00;https://www.openstreetmap.org/user/Anesa%20Halilovic
141;23832732;Pit-_-;25;27;2;92,59;0;25;2026-02-17T08:52:31+00:00;2026-05-04T09:32:17+00:00;https://www.openstreetmap.org/user/Pit-_-
142;22409706;Steve Pizzati;24;274;250;8,76;23;1;2025-06-05T04:58:44+00:00;2026-05-19T02:39:54+00:00;https://www.openstreetmap.org/user/Steve%20Pizzati
143;712033;lgsp0;23;489;466;4,70;23;0;2025-09-09T08:27:19+00:00;2025-09-24T14:57:43+00:00;https://www.openstreetmap.org/user/lgsp0
144;15008590;Shel_Sri;23;14064;14041;0,16;23;0;2025-05-21T05:34:33+00:00;2025-11-11T06:45:31+00:00;https://www.openstreetmap.org/user/Shel_Sri
145;16207454;Redfriend;23;26;3;88,46;19;4;2025-01-01T20:06:17+00:00;2026-07-04T08:55:52+00:00;https://www.openstreetmap.org/user/Redfriend
146;23832711;santa222;23;32;9;71,88;0;23;2026-02-16T22:31:28+00:00;2026-05-04T09:03:39+00:00;https://www.openstreetmap.org/user/santa222
147;4249125;francesco vichi;22;22;0;100,00;14;8;2025-02-07T10:41:56+00:00;2026-03-06T11:27:18+00:00;https://www.openstreetmap.org/user/francesco%20vichi
148;17280586;Shre_WD;22;13074;13052;0,17;0;22;2026-08-07T13:20:23+00:00;2026-08-10T12:02:40+00:00;https://www.openstreetmap.org/user/Shre_WD
149;22263136;Jobert Koomans;22;22;0;100,00;22;0;2025-07-13T13:37:56+00:00;2025-07-19T08:41:03+00:00;https://www.openstreetmap.org/user/Jobert%20Koomans
150;23862581;Regno92;22;195;173;11,28;0;22;2026-03-01T16:13:32+00:00;2026-03-02T14:09:00+00:00;https://www.openstreetmap.org/user/Regno92
151;66492;DavidM;21;22;1;95,45;4;17;2025-05-04T15:49:29+00:00;2026-04-16T04:03:03+00:00;https://www.openstreetmap.org/user/DavidM
152;10047647;dxmann;20;27;7;74,07;0;20;2026-04-29T06:50:44+00:00;2026-05-12T15:23:27+00:00;https://www.openstreetmap.org/user/dxmann
153;10431996;LiDaGiu;20;32;12;62,50;0;20;2026-08-22T13:23:04+00:00;2026-09-14T17:17:55+00:00;https://www.openstreetmap.org/user/LiDaGiu
154;14728745;Sammamish;20;2565;2545;0,78;20;0;2025-05-21T05:20:28+00:00;2025-05-21T07:31:36+00:00;https://www.openstreetmap.org/user/Sammamish
155;19877818;photicsneeze;20;20;0;100,00;12;8;2025-05-23T16:12:46+00:00;2026-05-15T15:01:00+00:00;https://www.openstreetmap.org/user/photicsneeze
156;21321497;FedericoCrine;20;23;3;86,96;0;20;2026-03-02T18:20:40+00:00;2026-03-23T09:59:54+00:00;https://www.openstreetmap.org/user/FedericoCrine
157;22732610;Gopi Battineni;20;20;0;100,00;20;0;2025-04-10T13:30:19+00:00;2025-04-10T13:47:05+00:00;https://www.openstreetmap.org/user/Gopi%20Battineni
158;23832716;ga gasparri;20;30;10;66,67;0;20;2026-03-16T10:14:39+00:00;2026-05-26T07:28:43+00:00;https://www.openstreetmap.org/user/ga%20gasparri
159;66965;urk;19;11731;11712;0,16;19;0;2025-04-29T12:21:09+00:00;2025-06-10T15:24:12+00:00;https://www.openstreetmap.org/user/urk
160;474183;ratrun;19;33427;33408;0,06;14;5;2025-02-22T08:07:27+00:00;2026-08-28T11:56:00+00:00;https://www.openstreetmap.org/user/ratrun
161;792390;Skyfinder84;19;19;0;100,00;12;7;2025-01-12T13:05:26+00:00;2026-03-28T13:11:18+00:00;https://www.openstreetmap.org/user/Skyfinder84
162;7022493;Fra00;19;558;539;3,41;10;9;2025-04-04T20:26:40+00:00;2026-08-18T16:12:34+00:00;https://www.openstreetmap.org/user/Fra00
163;23832717;ANTOHH;19;25;6;76,00;0;19;2026-04-13T09:16:13+00:00;2026-05-26T19:42:51+00:00;https://www.openstreetmap.org/user/ANTOHH
164;322785;BCNorwich;18;15803;15785;0,11;16;2;2025-10-13T08:06:10+00:00;2026-06-29T09:10:43+00:00;https://www.openstreetmap.org/user/BCNorwich
165;5408794;miclam60;18;542;524;3,32;8;10;2025-09-05T15:22:36+00:00;2026-08-26T10:19:39+00:00;https://www.openstreetmap.org/user/miclam60
166;9466404;bene_vanni;18;68;50;26,47;0;18;2026-04-20T12:32:15+00:00;2026-04-20T14:30:13+00:00;https://www.openstreetmap.org/user/bene_vanni
167;19199876;harisont;18;416;398;4,33;18;0;2025-06-23T20:41:16+00:00;2025-06-25T11:14:02+00:00;https://www.openstreetmap.org/user/harisont
168;23832747;_basii;18;20;2;90,00;0;18;2026-02-24T08:26:41+00:00;2026-05-19T14:20:29+00:00;https://www.openstreetmap.org/user/_basii
169;24116052;Gilberto Ficara;18;18;0;100,00;0;18;2026-05-10T15:39:48+00:00;2026-09-25T16:46:55+00:00;https://www.openstreetmap.org/user/Gilberto%20Ficara
170;17280926;Pan_Nug;17;13767;13750;0,12;0;17;2026-04-29T09:07:26+00:00;2026-09-03T09:31:47+00:00;https://www.openstreetmap.org/user/Pan_Nug
171;22134477;DiegosDigosOfficial;17;18;1;94,44;14;3;2025-01-06T17:51:14+00:00;2026-06-20T09:56:51+00:00;https://www.openstreetmap.org/user/DiegosDigosOfficial
172;23829075;EmanueleDiGiacomo;17;27;10;62,96;0;17;2026-02-15T10:36:53+00:00;2026-02-28T15:25:04+00:00;https://www.openstreetmap.org/user/EmanueleDiGiacomo
173;23832737;dadograss;17;26;9;65,38;0;17;2026-03-30T08:25:26+00:00;2026-05-04T09:23:10+00:00;https://www.openstreetmap.org/user/dadograss
174;49848;Simone Piccardi;16;291;275;5,50;0;16;2026-04-11T16:17:25+00:00;2026-04-12T21:38:39+00:00;https://www.openstreetmap.org/user/Simone%20Piccardi
175;65021;gecco;16;19;3;84,21;10;6;2025-05-08T08:29:27+00:00;2026-04-13T11:09:13+00:00;https://www.openstreetmap.org/user/gecco
176;133562;Ataro;16;16;0;100,00;1;15;2025-07-01T17:28:48+00:00;2026-08-26T10:08:43+00:00;https://www.openstreetmap.org/user/Ataro
177;196617;demetrio_m;16;20298;20282;0,08;16;0;2025-03-05T18:51:14+00:00;2025-06-02T14:29:46+00:00;https://www.openstreetmap.org/user/demetrio_m
178;616481;gigi2037;16;4156;4140;0,38;9;7;2025-05-07T06:41:46+00:00;2026-04-14T16:25:26+00:00;https://www.openstreetmap.org/user/gigi2037
179;10854013;laflormaria;16;31;15;51,61;16;0;2025-09-10T16:43:04+00:00;2025-09-13T17:07:51+00:00;https://www.openstreetmap.org/user/laflormaria
180;20944241;SekeRob repair;16;435;419;3,68;5;11;2025-01-05T10:20:28+00:00;2026-06-08T14:26:01+00:00;https://www.openstreetmap.org/user/SekeRob%20repair
181;21771443;simone-viozzi;16;26;10;61,54;16;0;2025-08-13T11:15:15+00:00;2025-08-13T15:04:19+00:00;https://www.openstreetmap.org/user/simone-viozzi
182;22295445;Thorbjørn Lindeijer;16;173;157;9,25;0;16;2026-07-29T16:58:16+00:00;2026-08-05T12:43:01+00:00;https://www.openstreetmap.org/user/Thorbj%C3%B8rn%20Lindeijer
183;22732625;Vanessa Chicchon Vasquez;16;16;0;100,00;16;0;2025-04-10T13:38:51+00:00;2025-04-10T14:02:27+00:00;https://www.openstreetmap.org/user/Vanessa%20Chicchon%20Vasquez
184;22909472;Milziade;16;976;960;1,64;15;1;2025-06-23T13:58:18+00:00;2026-08-04T08:58:37+00:00;https://www.openstreetmap.org/user/Milziade
185;23717762;Frugopondo;16;69;53;23,19;0;16;2026-07-26T07:08:32+00:00;2026-07-26T07:37:58+00:00;https://www.openstreetmap.org/user/Frugopondo
186;23957795;Maro314o;16;133;117;12,03;0;16;2026-07-27T17:49:05+00:00;2026-08-01T10:40:41+00:00;https://www.openstreetmap.org/user/Maro314o
187;175882;MarcoR;15;3602;3587;0,42;11;4;2025-04-16T12:52:37+00:00;2026-09-06T09:43:52+00:00;https://www.openstreetmap.org/user/MarcoR
188;465432;Shadowfax;15;16;1;93,75;11;4;2025-04-11T10:57:33+00:00;2026-08-21T08:18:55+00:00;https://www.openstreetmap.org/user/Shadowfax
189;3396329;djsip;15;15;0;100,00;6;9;2025-01-02T08:17:53+00:00;2026-04-17T20:36:46+00:00;https://www.openstreetmap.org/user/djsip
190;9433567;Stenux;15;137;122;10,95;0;15;2026-07-24T18:34:30+00:00;2026-07-25T07:41:01+00:00;https://www.openstreetmap.org/user/Stenux
191;11675346;Granodiorite;15;15;0;100,00;1;14;2025-05-26T09:47:44+00:00;2026-08-28T12:42:09+00:00;https://www.openstreetmap.org/user/Granodiorite
192;18664193;Donaufelder;15;509;494;2,95;7;8;2025-08-06T13:28:31+00:00;2026-07-20T13:43:42+00:00;https://www.openstreetmap.org/user/Donaufelder
193;22146035;eddym71;15;15;0;100,00;8;7;2025-01-12T11:58:23+00:00;2026-04-03T21:47:17+00:00;https://www.openstreetmap.org/user/eddym71
194;22764359;bolsius;15;33;18;45,45;9;6;2025-04-18T13:54:50+00:00;2026-06-08T16:47:54+00:00;https://www.openstreetmap.org/user/bolsius
195;23354742;Aless Cerioni;15;28;13;53,57;14;1;2025-12-20T09:57:39+00:00;2026-01-01T11:47:51+00:00;https://www.openstreetmap.org/user/Aless%20Cerioni
196;380811;ThePhilemon;14;102;88;13,73;0;14;2026-09-05T14:43:09+00:00;2026-09-05T17:31:41+00:00;https://www.openstreetmap.org/user/ThePhilemon
197;8612892;Cetereos;14;22;8;63,64;14;0;2025-04-22T20:26:16+00:00;2025-04-30T16:30:37+00:00;https://www.openstreetmap.org/user/Cetereos
198;20630622;scati;14;310;296;4,52;10;4;2025-04-19T09:39:24+00:00;2026-09-21T14:07:05+00:00;https://www.openstreetmap.org/user/scati
199;23337701;NikoAuso;14;16;2;87,50;10;4;2025-09-27T14:25:03+00:00;2026-01-05T22:22:05+00:00;https://www.openstreetmap.org/user/NikoAuso
200;24037717;pepi2030;14;20;6;70,00;0;14;2026-05-24T09:55:51+00:00;2026-05-26T07:52:29+00:00;https://www.openstreetmap.org/user/pepi2030
201;20610;napo;13;286;273;4,55;13;0;2025-07-31T12:24:02+00:00;2025-08-03T15:15:33+00:00;https://www.openstreetmap.org/user/napo
202;54561;jacopogg83;13;151;138;8,61;0;13;2026-07-03T16:56:39+00:00;2026-07-07T11:46:52+00:00;https://www.openstreetmap.org/user/jacopogg83
203;974272;baprischka;13;4051;4038;0,32;13;0;2025-04-29T18:35:46+00:00;2025-07-20T08:01:33+00:00;https://www.openstreetmap.org/user/baprischka
204;13841144;Flamen_Sru;13;11293;11280;0,12;9;4;2025-01-29T06:36:31+00:00;2026-06-17T09:26:42+00:00;https://www.openstreetmap.org/user/Flamen_Sru
205;21269818;Flobestin;13;15;2;86,67;0;13;2026-08-31T09:58:21+00:00;2026-09-01T09:36:25+00:00;https://www.openstreetmap.org/user/Flobestin
206;22242779;notmyproblem1;13;3045;3032;0,43;13;0;2025-01-20T21:07:49+00:00;2025-11-09T15:15:01+00:00;https://www.openstreetmap.org/user/notmyproblem1
207;23836332;CoolCastle561;13;14;1;92,86;0;13;2026-04-28T07:37:02+00:00;2026-05-05T07:42:08+00:00;https://www.openstreetmap.org/user/CoolCastle561
208;139580;morsi;12;394;382;3,05;3;9;2025-03-26T20:02:14+00:00;2026-09-21T18:46:12+00:00;https://www.openstreetmap.org/user/morsi
209;4179361;Latisana992;12;398;386;3,02;12;0;2025-09-09T17:16:35+00:00;2025-09-24T13:59:21+00:00;https://www.openstreetmap.org/user/Latisana992
210;18230056;AwFi;12;1860;1848;0,65;9;3;2025-08-04T17:48:40+00:00;2026-05-01T20:07:44+00:00;https://www.openstreetmap.org/user/AwFi
211;20415418;Gorger;12;10709;10697;0,11;1;11;2025-11-13T09:59:19+00:00;2026-08-11T13:51:50+00:00;https://www.openstreetmap.org/user/Gorger
212;21671240;Pilù1;12;13;1;92,31;9;3;2025-03-08T10:15:03+00:00;2026-07-13T20:58:57+00:00;https://www.openstreetmap.org/user/Pil%C3%B91
213;21727059;AlexRacci;12;16;4;75,00;0;12;2026-01-19T12:47:54+00:00;2026-02-01T10:22:04+00:00;https://www.openstreetmap.org/user/AlexRacci
214;22159855;Aionna;12;13;1;92,31;11;1;2025-12-02T09:52:37+00:00;2026-05-19T12:52:22+00:00;https://www.openstreetmap.org/user/Aionna
215;22528471;ArtemisiaDaniele;12;12;0;100,00;9;3;2025-02-17T22:23:05+00:00;2026-01-19T17:27:19+00:00;https://www.openstreetmap.org/user/ArtemisiaDaniele
216;24114259;Ludovico Latini;12;16;4;75,00;0;12;2026-05-09T17:12:27+00:00;2026-06-01T06:50:45+00:00;https://www.openstreetmap.org/user/Ludovico%20Latini
217;454306;dega180;11;190;179;5,79;10;1;2025-08-25T14:01:32+00:00;2026-07-28T08:20:25+00:00;https://www.openstreetmap.org/user/dega180
218;730682;Max1234-ITA;11;1552;1541;0,71;11;0;2025-09-09T07:48:02+00:00;2025-09-11T22:38:40+00:00;https://www.openstreetmap.org/user/Max1234-ITA
219;1902578;mingo23;11;309;298;3,56;11;0;2025-08-06T09:18:14+00:00;2025-12-20T09:08:53+00:00;https://www.openstreetmap.org/user/mingo23
220;2533093;carciofo;11;1589;1578;0,69;0;11;2026-08-24T16:40:44+00:00;2026-08-24T20:43:52+00:00;https://www.openstreetmap.org/user/carciofo
221;5379291;Repower CMC;11;583;572;1,89;9;2;2025-01-22T13:15:40+00:00;2026-05-18T09:33:27+00:00;https://www.openstreetmap.org/user/Repower%20CMC
222;10477933;FinixFighter;11;1130;1119;0,97;6;5;2025-03-13T08:24:02+00:00;2026-09-01T18:19:33+00:00;https://www.openstreetmap.org/user/FinixFighter
223;14882737;Dáire Drôme;11;11;0;100,00;7;4;2025-08-30T19:34:44+00:00;2026-09-19T12:52:34+00:00;https://www.openstreetmap.org/user/D%C3%A1ire%20Dr%C3%B4me
224;22674326;oh_pyt;11;12;1;91,67;10;1;2025-05-02T15:25:35+00:00;2026-01-13T00:09:17+00:00;https://www.openstreetmap.org/user/oh_pyt
225;22732601;Bakir3;11;11;0;100,00;11;0;2025-04-10T13:33:00+00:00;2025-04-10T13:53:18+00:00;https://www.openstreetmap.org/user/Bakir3
226;161619;FvGordon;10;13680;13670;0,07;8;2;2025-03-11T18:01:24+00:00;2026-07-25T09:05:53+00:00;https://www.openstreetmap.org/user/FvGordon
227;3199858;Mateusz Konieczny - bot account;10;17549;17539;0,06;4;6;2025-05-14T14:56:53+00:00;2026-09-26T09:59:32+00:00;https://www.openstreetmap.org/user/Mateusz%20Konieczny%20-%20bot%20account
228;6011437;Squarcia Claudio;10;15;5;66,67;7;3;2025-06-09T08:05:58+00:00;2026-06-11T16:04:27+00:00;https://www.openstreetmap.org/user/Squarcia%20Claudio
229;13568212;Stewie2292;10;65;55;15,38;8;2;2025-03-12T21:50:43+00:00;2026-03-11T14:50:15+00:00;https://www.openstreetmap.org/user/Stewie2292
230;21646218;giopera;10;3238;3228;0,31;0;10;2026-03-20T15:14:03+00:00;2026-09-25T10:47:56+00:00;https://www.openstreetmap.org/user/giopera
231;22266367;bbmc_GAE;10;767;757;1,30;9;1;2025-08-03T07:23:12+00:00;2026-01-01T13:25:45+00:00;https://www.openstreetmap.org/user/bbmc_GAE
232;22673427;Carlo Santini Comunicazione;10;10;0;100,00;8;2;2025-03-25T17:11:37+00:00;2026-02-17T15:46:52+00:00;https://www.openstreetmap.org/user/Carlo%20Santini%20Comunicazione
233;22732616;Esternn;10;10;0;100,00;10;0;2025-04-10T09:44:06+00:00;2025-04-10T13:58:44+00:00;https://www.openstreetmap.org/user/Esternn
234;23863900;Edino-plin-plin;10;13;3;76,92;0;10;2026-03-30T09:49:09+00:00;2026-05-11T19:20:56+00:00;https://www.openstreetmap.org/user/Edino-plin-plin
235;612312;Maredy;9;124;115;7,26;9;0;2025-04-23T08:31:45+00:00;2025-04-26T16:11:51+00:00;https://www.openstreetmap.org/user/Maredy
236;1861652;mascalzone67;9;523;514;1,72;3;6;2025-04-19T16:24:56+00:00;2026-03-10T19:39:56+00:00;https://www.openstreetmap.org/user/mascalzone67
237;1989686;sirleonheart89;9;9;0;100,00;0;9;2026-01-05T09:38:45+00:00;2026-01-20T21:48:58+00:00;https://www.openstreetmap.org/user/sirleonheart89
238;2976645;Jrachi;9;1675;1666;0,54;5;4;2025-03-14T09:21:51+00:00;2026-08-02T07:58:30+00:00;https://www.openstreetmap.org/user/Jrachi
239;3665024;Alessandro Paoletti;9;9;0;100,00;9;0;2025-01-29T15:01:09+00:00;2025-01-30T18:40:13+00:00;https://www.openstreetmap.org/user/Alessandro%20Paoletti
240;6794624;Comino;9;7793;7784;0,12;7;2;2025-05-12T19:38:35+00:00;2026-03-09T00:55:25+00:00;https://www.openstreetmap.org/user/Comino
241;15458791;BR_pebble;9;10842;10833;0,08;9;0;2025-05-21T05:24:09+00:00;2025-05-21T06:47:25+00:00;https://www.openstreetmap.org/user/BR_pebble
242;16124154;riccardot87;9;9;0;100,00;9;0;2025-04-23T14:37:21+00:00;2025-08-26T17:30:28+00:00;https://www.openstreetmap.org/user/riccardot87
243;21864233;qwertzMA;9;3838;3829;0,23;9;0;2025-10-19T15:07:40+00:00;2025-10-26T08:54:27+00:00;https://www.openstreetmap.org/user/qwertzMA
244;21982800;Luca-gto;9;30;21;30,00;8;1;2025-01-01T09:17:23+00:00;2026-01-03T12:59:44+00:00;https://www.openstreetmap.org/user/Luca-gto
245;22030291;HeChWa;9;9;0;100,00;9;0;2025-06-16T10:13:35+00:00;2025-06-16T10:43:18+00:00;https://www.openstreetmap.org/user/HeChWa
246;23663733;GianlucaBelvedere;9;9;0;100,00;0;9;2026-01-01T19:25:16+00:00;2026-01-24T21:07:28+00:00;https://www.openstreetmap.org/user/GianlucaBelvedere
247;23928020;LeoLotus2407;9;85;76;10,59;0;9;2026-06-20T10:54:53+00:00;2026-07-02T11:58:24+00:00;https://www.openstreetmap.org/user/LeoLotus2407
248;1288;Niels Elgaard Larsen;8;9966;9958;0,08;8;0;2025-10-26T15:19:17+00:00;2025-11-05T00:37:45+00:00;https://www.openstreetmap.org/user/Niels%20Elgaard%20Larsen
249;513389;vegemap;8;110;102;7,27;8;0;2025-08-06T06:18:26+00:00;2025-08-26T08:19:45+00:00;https://www.openstreetmap.org/user/vegemap
250;525678;Ben9;8;54;46;14,81;7;1;2025-07-19T05:21:42+00:00;2026-02-02T06:05:24+00:00;https://www.openstreetmap.org/user/Ben9
251;1751908;Blues Brothers;8;131;123;6,11;4;4;2025-09-09T14:18:26+00:00;2026-08-16T17:18:10+00:00;https://www.openstreetmap.org/user/Blues%20Brothers
252;3861224;Bernard Delvaux;8;13;5;61,54;0;8;2026-05-10T08:38:35+00:00;2026-05-11T07:36:27+00:00;https://www.openstreetmap.org/user/Bernard%20Delvaux
253;6765127;Cristoffs;8;12957;12949;0,06;8;0;2025-04-19T10:58:59+00:00;2025-11-11T14:10:34+00:00;https://www.openstreetmap.org/user/Cristoffs
254;8545687;gbtest85;8;8;0;100,00;8;0;2025-03-20T20:55:32+00:00;2025-04-01T19:35:53+00:00;https://www.openstreetmap.org/user/gbtest85
255;8821717;CasGroenigen;8;4427;4419;0,18;0;8;2026-07-01T10:31:06+00:00;2026-07-01T22:35:46+00:00;https://www.openstreetmap.org/user/CasGroenigen
256;12176569;A_SP;8;8;0;100,00;7;1;2025-01-06T21:39:49+00:00;2026-01-26T23:37:31+00:00;https://www.openstreetmap.org/user/A_SP
257;23635627;Marco Gagliardi;8;8;0;100,00;0;8;2026-02-09T19:16:44+00:00;2026-06-15T16:14:33+00:00;https://www.openstreetmap.org/user/Marco%20Gagliardi
258;23863763;Ghazikadii;8;15;7;53,33;0;8;2026-03-09T10:07:44+00:00;2026-03-30T08:56:23+00:00;https://www.openstreetmap.org/user/Ghazikadii
259;23937526;ADEF95;8;54;46;14,81;0;8;2026-04-09T17:40:34+00:00;2026-09-01T15:47:15+00:00;https://www.openstreetmap.org/user/ADEF95
260;24422899;milliro;8;9;1;88,89;0;8;2026-09-01T14:05:39+00:00;2026-09-02T12:59:02+00:00;https://www.openstreetmap.org/user/milliro
261;51019;indi37;7;332;325;2,11;7;0;2025-10-10T15:24:45+00:00;2025-10-10T18:38:28+00:00;https://www.openstreetmap.org/user/indi37
262;3268598;Una tantum;7;3315;3308;0,21;6;1;2025-02-26T09:04:26+00:00;2026-01-21T14:37:39+00:00;https://www.openstreetmap.org/user/Una%20tantum
263;4430457;stillhart;7;11695;11688;0,06;1;6;2025-06-02T13:32:20+00:00;2026-03-14T17:19:15+00:00;https://www.openstreetmap.org/user/stillhart
264;6407636;deltapir;7;840;833;0,83;7;0;2025-04-23T10:32:27+00:00;2025-04-24T21:17:30+00:00;https://www.openstreetmap.org/user/deltapir
265;7522075;Rockedf;7;8558;8551;0,08;7;0;2025-01-19T03:33:53+00:00;2025-08-11T16:46:57+00:00;https://www.openstreetmap.org/user/Rockedf
266;8141338;MauZ81;7;7;0;100,00;7;0;2025-03-15T12:28:24+00:00;2025-03-15T12:37:35+00:00;https://www.openstreetmap.org/user/MauZ81
267;8305310;Martinligabue;7;9957;9950;0,07;6;1;2025-01-31T18:07:17+00:00;2026-07-28T09:20:44+00:00;https://www.openstreetmap.org/user/Martinligabue
268;12820340;KozaK69;7;3783;3776;0,19;0;7;2026-01-05T20:09:53+00:00;2026-03-11T22:10:51+00:00;https://www.openstreetmap.org/user/KozaK69
269;15503642;A_Langer;7;7;0;100,00;0;7;2026-06-09T18:09:07+00:00;2026-06-11T16:16:05+00:00;https://www.openstreetmap.org/user/A_Langer
270;18411784;SS82;7;992;985;0,71;7;0;2025-05-18T06:15:26+00:00;2025-06-19T20:59:40+00:00;https://www.openstreetmap.org/user/SS82
271;18655433;fabian_somewhere;7;10;3;70,00;7;0;2025-09-07T20:37:57+00:00;2025-09-08T09:39:48+00:00;https://www.openstreetmap.org/user/fabian_somewhere
272;20605899;gopredd;7;211;204;3,32;7;0;2025-07-01T15:53:35+00:00;2025-09-24T11:41:33+00:00;https://www.openstreetmap.org/user/gopredd
273;21903060;danieleesatrail;7;8;1;87,50;7;0;2025-05-05T07:37:15+00:00;2025-05-05T14:57:50+00:00;https://www.openstreetmap.org/user/danieleesatrail
274;22282689;ItaliA1delSole;7;236;229;2,97;0;7;2026-03-15T18:41:08+00:00;2026-04-24T11:03:33+00:00;https://www.openstreetmap.org/user/ItaliA1delSole
275;22306665;Arianna Ascenzi;7;10;3;70,00;7;0;2025-01-07T09:26:41+00:00;2025-01-07T12:08:04+00:00;https://www.openstreetmap.org/user/Arianna%20Ascenzi
276;22934955;fabiolinux73;7;110;103;6,36;0;7;2026-06-10T17:21:48+00:00;2026-07-25T06:21:55+00:00;https://www.openstreetmap.org/user/fabiolinux73
277;23008374;Nickkduca;7;50;43;14,00;0;7;2026-01-21T10:15:28+00:00;2026-01-23T21:09:19+00:00;https://www.openstreetmap.org/user/Nickkduca
278;23069395;Falansterio;7;32;25;21,88;0;7;2026-02-27T14:21:00+00:00;2026-06-19T18:39:17+00:00;https://www.openstreetmap.org/user/Falansterio
279;23474891;Andrea_cc;7;7;0;100,00;7;0;2025-11-05T21:39:02+00:00;2025-12-03T17:13:37+00:00;https://www.openstreetmap.org/user/Andrea_cc
280;23904016;Hiker2978;7;131;124;5,34;0;7;2026-03-12T08:09:02+00:00;2026-03-20T11:20:00+00:00;https://www.openstreetmap.org/user/Hiker2978
281;24108631;Giulia Jobert Fritz;7;7;0;100,00;0;7;2026-05-07T12:28:36+00:00;2026-05-07T12:29:30+00:00;https://www.openstreetmap.org/user/Giulia%20Jobert%20Fritz
282;24207516;matcap94;7;7;0;100,00;0;7;2026-06-11T10:17:07+00:00;2026-06-11T10:19:06+00:00;https://www.openstreetmap.org/user/matcap94
283;24235546;Danilodg75;7;7;0;100,00;0;7;2026-06-21T12:49:56+00:00;2026-06-21T13:12:41+00:00;https://www.openstreetmap.org/user/Danilodg75
284;24260032;dottPepe;7;40;33;17,50;0;7;2026-07-05T18:10:49+00:00;2026-07-06T07:30:11+00:00;https://www.openstreetmap.org/user/dottPepe
285;412293;Federico Silvio;6;711;705;0,84;6;0;2025-06-16T07:28:02+00:00;2025-08-16T06:48:20+00:00;https://www.openstreetmap.org/user/Federico%20Silvio
286;445671;flierfy;6;1210;1204;0,50;6;0;2025-01-28T18:14:35+00:00;2025-01-28T23:11:40+00:00;https://www.openstreetmap.org/user/flierfy
287;3341187;Pepilepioux;6;938;932;0,64;0;6;2026-02-09T20:02:55+00:00;2026-02-14T20:41:46+00:00;https://www.openstreetmap.org/user/Pepilepioux
288;4624362;marchemap;6;7;1;85,71;3;3;2025-05-08T14:31:12+00:00;2026-09-08T07:38:06+00:00;https://www.openstreetmap.org/user/marchemap
289;8493663;fabfab38;6;328;322;1,83;6;0;2025-07-28T12:19:42+00:00;2025-07-29T07:22:42+00:00;https://www.openstreetmap.org/user/fabfab38
290;8899504;Edoardo Cataldi;6;58;52;10,34;0;6;2026-08-14T06:39:40+00:00;2026-09-23T07:47:00+00:00;https://www.openstreetmap.org/user/Edoardo%20Cataldi
291;9497745;Andrea_hype;6;6;0;100,00;6;0;2025-10-08T07:57:54+00:00;2025-10-17T21:22:47+00:00;https://www.openstreetmap.org/user/Andrea_hype
292;10411345;Daniele Pangaro;6;46;40;13,04;6;0;2025-03-17T14:53:55+00:00;2025-04-17T19:29:38+00:00;https://www.openstreetmap.org/user/Daniele%20Pangaro
293;11992032;homnia;6;531;525;1,13;0;6;2026-01-31T23:40:46+00:00;2026-06-11T06:30:53+00:00;https://www.openstreetmap.org/user/homnia
294;13261038;Ago1896;6;9;3;66,67;0;6;2026-06-30T19:43:47+00:00;2026-07-01T11:36:17+00:00;https://www.openstreetmap.org/user/Ago1896
295;13840929;aa30mom;6;4195;4189;0,14;6;0;2025-04-12T09:05:22+00:00;2025-10-14T15:55:28+00:00;https://www.openstreetmap.org/user/aa30mom
296;14287237;RivalgoAV;6;340;334;1,76;1;5;2025-11-20T09:45:31+00:00;2026-09-03T15:44:40+00:00;https://www.openstreetmap.org/user/RivalgoAV
297;18452174;Chiarant;6;116;110;5,17;6;0;2025-03-01T13:45:29+00:00;2025-09-17T13:07:45+00:00;https://www.openstreetmap.org/user/Chiarant
298;18872222;Andrea7576;6;6;0;100,00;6;0;2025-04-02T08:55:21+00:00;2025-04-02T13:28:18+00:00;https://www.openstreetmap.org/user/Andrea7576
299;20516914;checifaccioqui;6;11;5;54,55;6;0;2025-08-29T10:52:25+00:00;2025-08-29T11:25:24+00:00;https://www.openstreetmap.org/user/checifaccioqui
300;20574418;jampabhi;6;464;458;1,29;6;0;2025-01-13T12:32:27+00:00;2025-08-18T10:45:57+00:00;https://www.openstreetmap.org/user/jampabhi
301;20685598;aldus12;6;8;2;75,00;3;3;2025-03-22T10:32:09+00:00;2026-04-30T12:50:21+00:00;https://www.openstreetmap.org/user/aldus12
302;20771505;Peter Ostermann;6;6;0;100,00;6;0;2025-01-02T21:12:42+00:00;2025-05-30T15:05:38+00:00;https://www.openstreetmap.org/user/Peter%20Ostermann
303;21249463;LorenzoZanarelli;6;6;0;100,00;6;0;2025-03-22T14:49:35+00:00;2025-09-24T20:10:30+00:00;https://www.openstreetmap.org/user/LorenzoZanarelli
304;21736638;Maria Sole Moretti;6;10;4;60,00;6;0;2025-03-24T18:51:57+00:00;2025-03-26T16:07:16+00:00;https://www.openstreetmap.org/user/Maria%20Sole%20Moretti
305;22073598;astom83;6;6;0;100,00;6;0;2025-03-12T11:00:19+00:00;2025-08-20T08:38:00+00:00;https://www.openstreetmap.org/user/astom83
306;22082046;Alessandro Aldè;6;285;279;2,11;4;2;2025-04-15T09:54:26+00:00;2026-05-15T13:43:32+00:00;https://www.openstreetmap.org/user/Alessandro%20Ald%C3%A8
307;22876381;Tirrenum;6;13;7;46,15;6;0;2025-05-08T08:39:32+00:00;2025-07-03T17:36:25+00:00;https://www.openstreetmap.org/user/Tirrenum
308;23121212;Ollolanda;6;15;9;40,00;6;0;2025-07-24T16:10:10+00:00;2025-08-03T09:08:40+00:00;https://www.openstreetmap.org/user/Ollolanda
309;23405320;Lovy01rm;6;45;39;13,33;5;1;2025-10-26T15:12:01+00:00;2026-01-14T19:47:26+00:00;https://www.openstreetmap.org/user/Lovy01rm
310;23832721;li_lucarini;6;11;5;54,55;0;6;2026-03-16T10:26:20+00:00;2026-05-26T07:53:39+00:00;https://www.openstreetmap.org/user/li_lucarini
311;23934246;reaperdoder;6;6;0;100,00;0;6;2026-03-13T11:23:06+00:00;2026-03-13T13:11:57+00:00;https://www.openstreetmap.org/user/reaperdoder
312;23993537;Dani Petru;6;9;3;66,67;0;6;2026-03-30T08:56:31+00:00;2026-04-21T07:49:32+00:00;https://www.openstreetmap.org/user/Dani%20Petru
313;24277790;ROBY16;6;6;0;100,00;0;6;2026-07-04T06:54:45+00:00;2026-08-31T15:25:46+00:00;https://www.openstreetmap.org/user/ROBY16
314;5359;user_5359;5;12289;12284;0,04;4;1;2025-04-18T12:25:53+00:00;2026-09-19T11:56:28+00:00;https://www.openstreetmap.org/user/user_5359
315;8339;mtmail;5;3368;3363;0,15;5;0;2025-05-27T11:51:44+00:00;2025-09-05T10:25:48+00:00;https://www.openstreetmap.org/user/mtmail
316;55980;gimicky;5;173;168;2,89;5;0;2025-08-03T18:14:45+00:00;2025-08-14T06:29:03+00:00;https://www.openstreetmap.org/user/gimicky
317;251543;ChrissW-R1;5;7698;7693;0,06;3;2;2025-09-23T20:38:23+00:00;2026-05-16T11:23:24+00:00;https://www.openstreetmap.org/user/ChrissW-R1
318;461682;Griphon;5;243;238;2,06;5;0;2025-01-31T15:37:24+00:00;2025-08-16T20:59:44+00:00;https://www.openstreetmap.org/user/Griphon
319;1261323;Pierfrancesco;5;5;0;100,00;0;5;2026-05-25T13:04:54+00:00;2026-05-25T13:26:30+00:00;https://www.openstreetmap.org/user/Pierfrancesco
320;1780735;rolvos;5;31;26;16,13;0;5;2026-09-05T16:07:28+00:00;2026-09-09T15:44:23+00:00;https://www.openstreetmap.org/user/rolvos
321;2166519;unfoxo;5;659;654;0,76;0;5;2026-04-08T13:10:29+00:00;2026-09-18T23:14:35+00:00;https://www.openstreetmap.org/user/unfoxo
322;2249955;bianchi1952;5;20;15;25,00;5;0;2025-07-15T07:52:55+00:00;2025-07-20T10:22:05+00:00;https://www.openstreetmap.org/user/bianchi1952
323;2757894;giacomomensio;5;35;30;14,29;5;0;2025-08-14T10:47:50+00:00;2025-08-14T13:47:23+00:00;https://www.openstreetmap.org/user/giacomomensio
324;3028811;Tommi Boom;5;57;52;8,77;0;5;2026-05-07T11:59:20+00:00;2026-05-17T12:58:14+00:00;https://www.openstreetmap.org/user/Tommi%20Boom
325;3092246;manlio magnoni;5;5;0;100,00;0;5;2026-07-28T07:45:39+00:00;2026-07-28T07:58:38+00:00;https://www.openstreetmap.org/user/manlio%20magnoni
326;3554729;DL1EKC;5;249;244;2,01;5;0;2025-09-21T08:26:05+00:00;2025-09-28T12:20:06+00:00;https://www.openstreetmap.org/user/DL1EKC
327;6220204;Ysogo;5;695;690;0,72;5;0;2025-07-21T15:19:03+00:00;2025-09-09T11:52:14+00:00;https://www.openstreetmap.org/user/Ysogo
328;6618492;fulip;5;12;7;41,67;5;0;2025-01-25T21:36:23+00:00;2025-01-25T21:38:52+00:00;https://www.openstreetmap.org/user/fulip
329;9383353;LutherKopp;5;5;0;100,00;2;3;2025-02-24T14:35:51+00:00;2026-03-31T17:52:15+00:00;https://www.openstreetmap.org/user/LutherKopp
330;9616185;LukeDH;5;382;377;1,31;5;0;2025-07-05T07:51:43+00:00;2025-08-13T08:15:28+00:00;https://www.openstreetmap.org/user/LukeDH
331;9925732;Flight777;5;411;406;1,22;4;1;2025-10-21T06:34:37+00:00;2026-04-20T06:31:18+00:00;https://www.openstreetmap.org/user/Flight777
332;11404081;Panpa;5;328;323;1,52;5;0;2025-03-10T19:18:05+00:00;2025-03-11T18:35:54+00:00;https://www.openstreetmap.org/user/Panpa
333;11979968;Francesco Zanaboni;5;970;965;0,52;1;4;2025-01-27T13:20:57+00:00;2026-04-30T13:22:06+00:00;https://www.openstreetmap.org/user/Francesco%20Zanaboni
334;12604637;Mapiate;5;2721;2716;0,18;2;3;2025-12-15T12:13:33+00:00;2026-06-04T20:30:52+00:00;https://www.openstreetmap.org/user/Mapiate
335;14922624;M-M_82;5;5;0;100,00;5;0;2025-02-09T14:49:49+00:00;2025-02-09T15:19:29+00:00;https://www.openstreetmap.org/user/M-M_82
336;16761163;radishfabio;5;5;0;100,00;0;5;2026-07-02T10:50:41+00:00;2026-07-02T16:10:44+00:00;https://www.openstreetmap.org/user/radishfabio
337;16832873;Snibblenosh;5;6;1;83,33;0;5;2026-07-27T18:02:44+00:00;2026-07-28T16:21:03+00:00;https://www.openstreetmap.org/user/Snibblenosh
338;17802633;sashokv36;5;712;707;0,70;3;2;2025-04-18T19:09:45+00:00;2026-06-01T09:18:51+00:00;https://www.openstreetmap.org/user/sashokv36
339;19321321;Frapperr;5;32;27;15,62;5;0;2025-08-25T14:43:17+00:00;2025-08-25T15:43:55+00:00;https://www.openstreetmap.org/user/Frapperr
340;19805734;karlottobenz;5;109;104;4,59;0;5;2026-06-25T13:09:43+00:00;2026-08-07T14:36:54+00:00;https://www.openstreetmap.org/user/karlottobenz
341;20227858;Maksim Hradaboyeu;5;10406;10401;0,05;0;5;2026-02-17T08:58:17+00:00;2026-05-25T11:56:39+00:00;https://www.openstreetmap.org/user/Maksim%20Hradaboyeu
342;20900475;Paolitosss;5;8922;8917;0,06;5;0;2025-09-24T06:23:00+00:00;2025-09-24T15:42:08+00:00;https://www.openstreetmap.org/user/Paolitosss
343;21222236;medurix;5;5;0;100,00;3;2;2025-12-20T16:24:49+00:00;2026-03-20T15:09:12+00:00;https://www.openstreetmap.org/user/medurix
344;21693124;Christian Mancini;5;667;662;0,75;0;5;2026-08-11T09:17:19+00:00;2026-08-11T09:17:31+00:00;https://www.openstreetmap.org/user/Christian%20Mancini
345;22249042;viktoriia_frolova;5;760;755;0,66;0;5;2026-02-19T10:47:11+00:00;2026-03-20T14:28:33+00:00;https://www.openstreetmap.org/user/viktoriia_frolova
346;22360406;Daniele Bontempo;5;5;0;100,00;5;0;2025-01-08T12:12:43+00:00;2025-01-09T05:51:21+00:00;https://www.openstreetmap.org/user/Daniele%20Bontempo
347;23832727;tonyboy1999;5;5;0;100,00;0;5;2026-04-13T09:34:13+00:00;2026-05-26T07:15:37+00:00;https://www.openstreetmap.org/user/tonyboy1999
348;23849966;Electrocalpen67;5;29;24;17,24;0;5;2026-09-11T11:39:18+00:00;2026-09-11T11:41:16+00:00;https://www.openstreetmap.org/user/Electrocalpen67
349;24006657;NicolaCCN;5;5;0;100,00;0;5;2026-04-08T14:17:10+00:00;2026-07-08T14:57:24+00:00;https://www.openstreetmap.org/user/NicolaCCN
350;24037791;therealfang;5;5;0;100,00;0;5;2026-05-20T15:57:40+00:00;2026-05-26T07:03:55+00:00;https://www.openstreetmap.org/user/therealfang
351;24040557;Cesare Venturini;5;15;10;33,33;0;5;2026-04-14T07:06:02+00:00;2026-04-14T07:24:09+00:00;https://www.openstreetmap.org/user/Cesare%20Venturini
352;24201361;Stray_is;5;5;0;100,00;0;5;2026-06-09T13:04:12+00:00;2026-06-21T16:15:53+00:00;https://www.openstreetmap.org/user/Stray_is
353;24225808;azienda agricola fiorano;5;5;0;100,00;0;5;2026-06-17T16:50:21+00:00;2026-06-22T18:28:04+00:00;https://www.openstreetmap.org/user/azienda%20agricola%20fiorano
354;24543698;Riccardo Fiorani;5;5;0;100,00;0;5;2026-09-15T08:17:40+00:00;2026-09-19T16:28:33+00:00;https://www.openstreetmap.org/user/Riccardo%20Fiorani
355;1380;markusN;4;681;677;0,59;0;4;2026-03-02T13:04:27+00:00;2026-03-02T13:38:19+00:00;https://www.openstreetmap.org/user/markusN
356;13591;lucadelu;4;95;91;4,21;4;0;2025-09-24T07:26:03+00:00;2025-09-24T07:39:50+00:00;https://www.openstreetmap.org/user/lucadelu
357;332223;bernardo60;4;112;108;3,57;4;0;2025-04-26T15:46:57+00:00;2025-06-03T16:38:11+00:00;https://www.openstreetmap.org/user/bernardo60
358;398010;rm_;4;134;130;2,99;4;0;2025-07-28T06:47:32+00:00;2025-07-28T06:59:18+00:00;https://www.openstreetmap.org/user/rm_
359;761877;bertogatti;4;43;39;9,30;0;4;2026-07-13T09:02:50+00:00;2026-07-16T14:52:40+00:00;https://www.openstreetmap.org/user/bertogatti
360;1806050;mfortini;4;374;370;1,07;3;1;2025-07-25T15:35:29+00:00;2026-07-18T18:17:38+00:00;https://www.openstreetmap.org/user/mfortini
361;1885866;wombatmaper;4;10850;10846;0,04;3;1;2025-05-08T01:43:53+00:00;2026-07-25T16:07:16+00:00;https://www.openstreetmap.org/user/wombatmaper
362;2331851;Datová žurnalistika;4;342;338;1,17;4;0;2025-04-13T14:01:40+00:00;2025-04-13T16:01:23+00:00;https://www.openstreetmap.org/user/Datov%C3%A1%20%C5%BEurnalistika
363;2666431;MissAnnabelleLee;4;46;42;8,70;4;0;2025-06-09T11:32:56+00:00;2025-06-09T11:33:02+00:00;https://www.openstreetmap.org/user/MissAnnabelleLee
364;2733258;5bird;4;88;84;4,55;0;4;2026-06-05T12:33:03+00:00;2026-06-05T12:34:39+00:00;https://www.openstreetmap.org/user/5bird
365;3417876;5R-MFT;4;11462;11458;0,03;0;4;2026-04-27T10:06:43+00:00;2026-09-10T17:32:26+00:00;https://www.openstreetmap.org/user/5R-MFT
366;3579653;AlexTies;4;426;422;0,94;1;3;2025-01-23T07:37:14+00:00;2026-01-09T23:22:21+00:00;https://www.openstreetmap.org/user/AlexTies
367;5330364;GabriRuflex;4;4;0;100,00;4;0;2025-10-26T13:27:17+00:00;2025-11-23T09:04:10+00:00;https://www.openstreetmap.org/user/GabriRuflex
368;5721717;Stefano Manfredini;4;970;966;0,41;3;1;2025-03-07T17:19:49+00:00;2026-02-04T15:26:35+00:00;https://www.openstreetmap.org/user/Stefano%20Manfredini
369;6259189;CrikCrok;4;4;0;100,00;4;0;2025-05-15T16:01:03+00:00;2025-05-15T16:17:58+00:00;https://www.openstreetmap.org/user/CrikCrok
370;9473121;Red Zeppelin;4;1389;1385;0,29;0;4;2026-08-06T17:26:19+00:00;2026-08-06T17:37:50+00:00;https://www.openstreetmap.org/user/Red%20Zeppelin
371;10073688;Alby90;4;4;0;100,00;2;2;2025-05-19T13:03:35+00:00;2026-06-26T15:30:13+00:00;https://www.openstreetmap.org/user/Alby90
372;10948218;Giorgio Marinelli;4;9;5;44,44;4;0;2025-06-09T21:17:17+00:00;2025-08-09T07:27:25+00:00;https://www.openstreetmap.org/user/Giorgio%20Marinelli
373;11052147;pippo6;4;1012;1008;0,40;4;0;2025-03-07T09:46:01+00:00;2025-03-07T14:46:13+00:00;https://www.openstreetmap.org/user/pippo6
374;12807368;Martin Walden;4;11;7;36,36;4;0;2025-11-11T09:43:34+00:00;2025-11-11T09:57:46+00:00;https://www.openstreetmap.org/user/Martin%20Walden
375;13524418;RobertoErre;4;8;4;50,00;3;1;2025-10-23T10:04:55+00:00;2026-05-04T23:54:55+00:00;https://www.openstreetmap.org/user/RobertoErre
376;15350382;Epus Naples;4;4;0;100,00;4;0;2025-01-04T17:22:13+00:00;2025-01-13T17:44:36+00:00;https://www.openstreetmap.org/user/Epus%20Naples
377;18063623;DomeF;4;301;297;1,33;4;0;2025-09-24T13:58:56+00:00;2025-09-24T14:38:38+00:00;https://www.openstreetmap.org/user/DomeF
378;19174018;AdamWest;4;405;401;0,99;4;0;2025-08-05T09:12:51+00:00;2025-08-05T12:52:40+00:00;https://www.openstreetmap.org/user/AdamWest
379;20088776;Matteo Cavalletti;4;4;0;100,00;4;0;2025-11-14T16:11:26+00:00;2025-11-14T16:19:19+00:00;https://www.openstreetmap.org/user/Matteo%20Cavalletti
380;20432991;Kaduna;4;6371;6367;0,06;3;1;2025-01-21T14:32:40+00:00;2026-06-19T17:24:50+00:00;https://www.openstreetmap.org/user/Kaduna
381;20440024;tatsiana-krauchanka;4;970;966;0,41;3;1;2025-06-13T14:22:48+00:00;2026-03-13T07:48:54+00:00;https://www.openstreetmap.org/user/tatsiana-krauchanka
382;21445501;Riky_94;4;32;28;12,50;4;0;2025-12-28T16:35:56+00:00;2025-12-29T15:17:15+00:00;https://www.openstreetmap.org/user/Riky_94
383;21883044;edobenfe;4;669;665;0,60;0;4;2026-03-27T20:08:27+00:00;2026-09-15T18:23:45+00:00;https://www.openstreetmap.org/user/edobenfe
384;22094720;Vitalina Hryharkevich;4;8160;8156;0,05;4;0;2025-05-05T15:24:39+00:00;2025-05-05T15:48:14+00:00;https://www.openstreetmap.org/user/Vitalina%20Hryharkevich
385;22474879;LeoPeo;4;15;11;26,67;4;0;2025-05-17T08:23:59+00:00;2025-08-20T08:08:22+00:00;https://www.openstreetmap.org/user/LeoPeo
386;22537488;ivo mooskeau;4;4;0;100,00;4;0;2025-02-19T18:29:45+00:00;2025-06-29T09:26:07+00:00;https://www.openstreetmap.org/user/ivo%20mooskeau
387;22548853;FilippoPalmucci;4;4;0;100,00;4;0;2025-02-22T14:11:27+00:00;2025-02-22T14:49:48+00:00;https://www.openstreetmap.org/user/FilippoPalmucci
388;22614977;pavelito;4;1451;1447;0,28;0;4;2026-03-11T08:23:16+00:00;2026-07-07T15:25:36+00:00;https://www.openstreetmap.org/user/pavelito
389;22716101;BenDm86;4;51;47;7,84;4;0;2025-08-02T09:59:58+00:00;2025-08-08T04:37:47+00:00;https://www.openstreetmap.org/user/BenDm86
390;22732628;Silvianddd;4;4;0;100,00;4;0;2025-04-10T13:42:08+00:00;2025-04-10T13:48:41+00:00;https://www.openstreetmap.org/user/Silvianddd
391;22734330;m_fuhrmann;4;6048;6044;0,07;0;4;2026-02-25T14:55:38+00:00;2026-02-25T19:43:55+00:00;https://www.openstreetmap.org/user/m_fuhrmann
392;22937323;RobStr75;4;152;148;2,63;4;0;2025-05-31T17:39:33+00:00;2025-05-31T17:41:28+00:00;https://www.openstreetmap.org/user/RobStr75
393;22954076;Accalappia;4;948;944;0,42;1;3;2025-06-16T21:10:28+00:00;2026-08-31T21:07:35+00:00;https://www.openstreetmap.org/user/Accalappia
394;22965509;Borghi Italia;4;4;0;100,00;4;0;2025-06-03T11:08:39+00:00;2025-06-03T11:12:55+00:00;https://www.openstreetmap.org/user/Borghi%20Italia
395;22989935;luciano egidi;4;4;0;100,00;0;4;2026-03-26T10:43:47+00:00;2026-04-09T15:18:30+00:00;https://www.openstreetmap.org/user/luciano%20egidi
396;23379837;Jonathan_Compagnucci;4;4;0;100,00;3;1;2025-10-09T14:58:10+00:00;2026-01-17T18:01:04+00:00;https://www.openstreetmap.org/user/Jonathan_Compagnucci
397;23711873;Heisen Park;4;4;0;100,00;0;4;2026-01-15T10:45:30+00:00;2026-01-15T10:46:57+00:00;https://www.openstreetmap.org/user/Heisen%20Park
398;23763533;ElenaPaniccia;4;4;0;100,00;0;4;2026-01-28T19:52:05+00:00;2026-01-28T20:20:37+00:00;https://www.openstreetmap.org/user/ElenaPaniccia
399;23832743;Ghazi khadija;4;11;7;36,36;0;4;2026-03-31T07:13:02+00:00;2026-05-04T09:15:04+00:00;https://www.openstreetmap.org/user/Ghazi%20khadija
400;23832795;Jaddd;4;7;3;57,14;0;4;2026-03-30T09:45:17+00:00;2026-05-26T07:27:08+00:00;https://www.openstreetmap.org/user/Jaddd
401;23863896;Davide marangoni;4;9;5;44,44;0;4;2026-03-30T09:05:13+00:00;2026-05-05T08:03:32+00:00;https://www.openstreetmap.org/user/Davide%20marangoni
402;23915031;Cristhàlia;4;4;0;100,00;0;4;2026-03-08T17:40:20+00:00;2026-03-08T17:55:59+00:00;https://www.openstreetmap.org/user/Cristh%C3%A0lia
403;24124182;Pambianchi Daniel;4;4;0;100,00;0;4;2026-05-14T06:34:46+00:00;2026-05-14T08:32:27+00:00;https://www.openstreetmap.org/user/Pambianchi%20Daniel
404;24233968;Rudolf_W;4;4;0;100,00;0;4;2026-06-20T11:56:59+00:00;2026-06-23T06:25:03+00:00;https://www.openstreetmap.org/user/Rudolf_W
405;24239500;Viottausen;4;4;0;100,00;0;4;2026-06-22T13:30:27+00:00;2026-06-22T13:40:19+00:00;https://www.openstreetmap.org/user/Viottausen
406;24366914;jpewww;4;4;0;100,00;0;4;2026-07-30T11:17:46+00:00;2026-08-03T12:03:41+00:00;https://www.openstreetmap.org/user/jpewww
407;24548215;Erres61;4;6;2;66,67;0;4;2026-09-13T09:27:37+00:00;2026-09-17T16:47:52+00:00;https://www.openstreetmap.org/user/Erres61
408;4732;iandees;3;2278;2275;0,13;0;3;2026-03-09T13:22:44+00:00;2026-03-30T13:40:36+00:00;https://www.openstreetmap.org/user/iandees
409;34088;Tri38;3;1043;1040;0,29;3;0;2025-10-27T19:53:18+00:00;2025-12-06T14:17:49+00:00;https://www.openstreetmap.org/user/Tri38
410;90379;Andrea Musuruane;3;3131;3128;0,10;3;0;2025-04-17T09:22:21+00:00;2025-04-22T17:44:47+00:00;https://www.openstreetmap.org/user/Andrea%20Musuruane
411;379560;trahflow;3;124;121;2,42;0;3;2026-09-10T07:30:19+00:00;2026-09-10T07:31:02+00:00;https://www.openstreetmap.org/user/trahflow
412;504241;lupoingegnoso;3;3;0;100,00;3;0;2025-01-14T21:08:04+00:00;2025-02-02T15:53:16+00:00;https://www.openstreetmap.org/user/lupoingegnoso
413;507006;Pietro Magnanini;3;7;4;42,86;3;0;2025-03-22T20:00:55+00:00;2025-06-10T10:56:25+00:00;https://www.openstreetmap.org/user/Pietro%20Magnanini
414;544235;cuzi;3;11655;11652;0,03;1;2;2025-05-05T16:42:48+00:00;2026-09-14T21:47:35+00:00;https://www.openstreetmap.org/user/cuzi
415;606555;marczoutendijk;3;5394;5391;0,06;3;0;2025-09-04T07:18:18+00:00;2025-09-16T07:05:19+00:00;https://www.openstreetmap.org/user/marczoutendijk
416;701800;bdsklo;3;5;2;60,00;3;0;2025-06-01T16:26:49+00:00;2025-06-02T11:24:06+00:00;https://www.openstreetmap.org/user/bdsklo
417;1380462;MarcoA;3;3;0;100,00;3;0;2025-06-24T13:41:08+00:00;2025-12-16T10:45:25+00:00;https://www.openstreetmap.org/user/MarcoA
418;1722488;Mateusz Konieczny;3;16516;16513;0,02;3;0;2025-03-27T12:56:21+00:00;2025-12-19T07:39:29+00:00;https://www.openstreetmap.org/user/Mateusz%20Konieczny
419;1779173;carlop();3;5;2;60,00;3;0;2025-07-20T14:40:31+00:00;2025-07-20T14:56:44+00:00;https://www.openstreetmap.org/user/carlop%28%29
420;1923366;maxculver;3;266;263;1,13;3;0;2025-11-08T12:11:31+00:00;2025-11-08T12:58:31+00:00;https://www.openstreetmap.org/user/maxculver
421;2108413;liamrocker;3;1012;1009;0,30;2;1;2025-05-30T14:58:54+00:00;2026-05-19T17:30:12+00:00;https://www.openstreetmap.org/user/liamrocker
422;3059713;A S V;3;3;0;100,00;3;0;2025-04-14T10:42:04+00:00;2025-10-30T09:50:00+00:00;https://www.openstreetmap.org/user/A%20S%20V
423;3206305;HiddeWie;3;436;433;0,69;0;3;2026-07-10T15:47:19+00:00;2026-08-01T15:21:55+00:00;https://www.openstreetmap.org/user/HiddeWie
424;3335735;nick1993;3;7826;7823;0,04;3;0;2025-09-09T21:33:39+00:00;2025-09-24T19:39:55+00:00;https://www.openstreetmap.org/user/nick1993
425;3666419;pavlina88;3;428;425;0,70;0;3;2026-08-04T07:18:24+00:00;2026-09-15T14:33:01+00:00;https://www.openstreetmap.org/user/pavlina88
426;4571384;Free Mountain;3;7;4;42,86;0;3;2026-04-12T16:55:59+00:00;2026-07-15T08:24:29+00:00;https://www.openstreetmap.org/user/Free%20Mountain
427;4887311;mapperue;3;25426;25423;0,01;3;0;2025-08-16T10:46:46+00:00;2025-09-23T17:07:00+00:00;https://www.openstreetmap.org/user/mapperue
428;5617767;DavideOnOSM;3;57;54;5,26;0;3;2026-05-29T14:34:56+00:00;2026-05-29T14:36:52+00:00;https://www.openstreetmap.org/user/DavideOnOSM
429;5701090;Olly1240;3;46;43;6,52;3;0;2025-04-23T14:00:31+00:00;2025-04-23T14:40:41+00:00;https://www.openstreetmap.org/user/Olly1240
430;6201821;Walter Mayeku;3;3551;3548;0,08;2;1;2025-08-13T16:10:29+00:00;2026-06-01T18:42:13+00:00;https://www.openstreetmap.org/user/Walter%20Mayeku
431;6549455;conradoos;3;7097;7094;0,04;3;0;2025-04-02T20:29:46+00:00;2025-09-09T18:40:57+00:00;https://www.openstreetmap.org/user/conradoos
432;7014121;ArWe1970;3;6;3;50,00;3;0;2025-06-16T16:37:21+00:00;2025-06-18T11:34:43+00:00;https://www.openstreetmap.org/user/ArWe1970
433;8265165;Discostu36;3;1185;1182;0,25;3;0;2025-08-26T12:27:54+00:00;2025-08-26T14:05:09+00:00;https://www.openstreetmap.org/user/Discostu36
434;8955470;Minilepre;3;461;458;0,65;3;0;2025-06-21T16:48:31+00:00;2025-07-04T14:34:16+00:00;https://www.openstreetmap.org/user/Minilepre
435;9265159;grawal;3;596;593;0,50;3;0;2025-01-06T15:42:56+00:00;2025-01-08T15:33:48+00:00;https://www.openstreetmap.org/user/grawal
436;9451594;Gabriele Parisini;3;3;0;100,00;3;0;2025-01-30T09:18:25+00:00;2025-07-20T09:07:43+00:00;https://www.openstreetmap.org/user/Gabriele%20Parisini
437;10477650;Ermanno Cavallini;3;3;0;100,00;3;0;2025-08-03T15:53:48+00:00;2025-08-03T16:14:11+00:00;https://www.openstreetmap.org/user/Ermanno%20Cavallini
438;10613119;chalkandsun;3;15;12;20,00;0;3;2026-06-16T18:08:25+00:00;2026-06-18T13:18:07+00:00;https://www.openstreetmap.org/user/chalkandsun
439;11437083;czebureks;3;7044;7041;0,04;3;0;2025-07-10T17:56:08+00:00;2025-07-18T16:07:56+00:00;https://www.openstreetmap.org/user/czebureks
440;11446690;Marethyu;3;3;0;100,00;3;0;2025-08-31T12:41:51+00:00;2025-10-18T13:19:50+00:00;https://www.openstreetmap.org/user/Marethyu
441;11773733;Keller7;3;3;0;100,00;2;1;2025-02-24T13:39:43+00:00;2026-06-04T08:41:43+00:00;https://www.openstreetmap.org/user/Keller7
442;12478216;earthlydelight;3;12;9;25,00;3;0;2025-08-14T12:38:11+00:00;2025-08-14T12:39:39+00:00;https://www.openstreetmap.org/user/earthlydelight
443;12495047;Yan Bakhmat;3;3765;3762;0,08;3;0;2025-05-27T17:04:09+00:00;2025-07-17T18:59:26+00:00;https://www.openstreetmap.org/user/Yan%20Bakhmat
444;12985346;Alessandro Lepore;3;3;0;100,00;3;0;2025-09-16T18:51:50+00:00;2025-12-18T17:32:13+00:00;https://www.openstreetmap.org/user/Alessandro%20Lepore
445;14727398;Nar_ach;3;11436;11433;0,03;0;3;2026-02-04T11:50:03+00:00;2026-07-24T15:49:27+00:00;https://www.openstreetmap.org/user/Nar_ach
446;14819428;Simo3D;3;11;8;27,27;3;0;2025-03-23T14:17:08+00:00;2025-03-25T16:07:56+00:00;https://www.openstreetmap.org/user/Simo3D
447;15458800;NumisK;3;6998;6995;0,04;1;2;2025-08-05T04:53:59+00:00;2026-03-18T06:47:21+00:00;https://www.openstreetmap.org/user/NumisK
448;15567969;matteo994;3;3;0;100,00;3;0;2025-07-14T12:13:59+00:00;2025-09-28T08:47:18+00:00;https://www.openstreetmap.org/user/matteo994
449;16143884;alephconzero;3;3;0;100,00;0;3;2026-01-23T16:02:13+00:00;2026-01-23T16:39:18+00:00;https://www.openstreetmap.org/user/alephconzero
450;16160130;ClaudioPicchi86;3;3;0;100,00;1;2;2025-05-09T06:44:22+00:00;2026-03-23T19:50:55+00:00;https://www.openstreetmap.org/user/ClaudioPicchi86
451;16413147;fuligna stefano;3;3;0;100,00;2;1;2025-02-13T16:47:49+00:00;2026-09-10T07:11:58+00:00;https://www.openstreetmap.org/user/fuligna%20stefano
452;17281421;Ky_AT;3;8252;8249;0,04;2;1;2025-02-17T09:54:31+00:00;2026-04-22T11:37:52+00:00;https://www.openstreetmap.org/user/Ky_AT
453;17483894;MBiscotto;3;3;0;100,00;2;1;2025-09-07T07:53:26+00:00;2026-04-09T08:39:49+00:00;https://www.openstreetmap.org/user/MBiscotto
454;18172663;Chizevefhlen;3;483;480;0,62;0;3;2026-04-08T10:23:52+00:00;2026-04-10T11:08:28+00:00;https://www.openstreetmap.org/user/Chizevefhlen
455;18245565;Norzclock;3;12;9;25,00;0;3;2026-02-13T21:49:28+00:00;2026-02-14T13:30:30+00:00;https://www.openstreetmap.org/user/Norzclock
456;19075609;riccardo omiccioli;3;3;0;100,00;0;3;2026-06-23T19:07:44+00:00;2026-07-04T13:36:03+00:00;https://www.openstreetmap.org/user/riccardo%20omiccioli
457;19461905;Belagund;3;113;110;2,65;3;0;2025-08-21T09:29:45+00:00;2025-08-21T13:50:33+00:00;https://www.openstreetmap.org/user/Belagund
458;20432920;Metauro;3;10698;10695;0,03;0;3;2026-02-04T13:19:43+00:00;2026-04-23T10:34:53+00:00;https://www.openstreetmap.org/user/Metauro
459;21243039;squeaker_andrus;3;4196;4193;0,07;1;2;2025-07-09T15:28:39+00:00;2026-07-13T11:36:02+00:00;https://www.openstreetmap.org/user/squeaker_andrus
460;21293326;EZ_TT;3;88;85;3,41;3;0;2025-03-13T13:00:38+00:00;2025-03-13T13:11:13+00:00;https://www.openstreetmap.org/user/EZ_TT
461;21642935;arniman;3;72;69;4,17;3;0;2025-01-22T07:28:31+00:00;2025-03-10T10:09:24+00:00;https://www.openstreetmap.org/user/arniman
462;21642938;tvmpch;3;369;366;0,81;3;0;2025-01-16T10:52:21+00:00;2025-04-08T15:05:11+00:00;https://www.openstreetmap.org/user/tvmpch
463;21991761;UnusualWorld;3;2559;2556;0,12;3;0;2025-03-24T00:32:04+00:00;2025-03-24T00:32:36+00:00;https://www.openstreetmap.org/user/UnusualWorld
464;22314720;InfinityGb;3;9;6;33,33;0;3;2026-08-17T08:26:48+00:00;2026-08-17T11:40:32+00:00;https://www.openstreetmap.org/user/InfinityGb
465;22393151;Domenico1900;3;10;7;30,00;3;0;2025-02-09T12:40:40+00:00;2025-02-09T12:50:35+00:00;https://www.openstreetmap.org/user/Domenico1900
466;22397567;Lorenzo Fratesi - MenoPancia;3;3;0;100,00;2;1;2025-01-18T14:56:14+00:00;2026-09-11T07:08:59+00:00;https://www.openstreetmap.org/user/Lorenzo%20Fratesi%20-%20MenoPancia
467;22506540;Margadarshi;3;593;590;0,51;2;1;2025-05-01T19:19:04+00:00;2026-05-05T12:29:28+00:00;https://www.openstreetmap.org/user/Margadarshi
468;22731125;Ducati102;3;3;0;100,00;3;0;2025-04-10T13:51:44+00:00;2025-04-10T14:05:15+00:00;https://www.openstreetmap.org/user/Ducati102
469;22732225;MacMat;3;3;0;100,00;3;0;2025-04-10T11:21:50+00:00;2025-06-22T15:47:29+00:00;https://www.openstreetmap.org/user/MacMat
470;22832471;Andypicio;3;3;0;100,00;3;0;2025-04-25T16:41:30+00:00;2025-04-26T16:34:31+00:00;https://www.openstreetmap.org/user/Andypicio
471;22943217;AboutVenia;3;1713;1710;0,18;3;0;2025-09-24T08:18:06+00:00;2025-09-24T09:00:23+00:00;https://www.openstreetmap.org/user/AboutVenia
472;23272223;mtb_93;3;1995;1992;0,15;0;3;2026-05-26T07:11:53+00:00;2026-08-23T09:10:25+00:00;https://www.openstreetmap.org/user/mtb_93
473;23305271;FapFlamingo;3;8;5;37,50;3;0;2025-09-18T10:59:56+00:00;2025-09-19T05:22:27+00:00;https://www.openstreetmap.org/user/FapFlamingo
474;23389941;lavio995;3;3;0;100,00;3;0;2025-10-12T20:32:58+00:00;2025-10-12T20:43:16+00:00;https://www.openstreetmap.org/user/lavio995
475;23396370;Tommizanot;3;914;911;0,33;0;3;2026-07-28T15:40:09+00:00;2026-08-23T23:14:11+00:00;https://www.openstreetmap.org/user/Tommizanot
476;23493463;Valentino_Frisoni;3;3;0;100,00;3;0;2025-11-11T11:58:28+00:00;2025-11-18T10:06:05+00:00;https://www.openstreetmap.org/user/Valentino_Frisoni
477;23672622;rec1978;3;3;0;100,00;0;3;2026-09-07T22:08:11+00:00;2026-09-25T18:03:33+00:00;https://www.openstreetmap.org/user/rec1978
478;23811571;User93095;3;7;4;42,86;0;3;2026-05-28T18:15:45+00:00;2026-07-03T14:07:43+00:00;https://www.openstreetmap.org/user/User93095
479;24026911;Chris1904;3;3;0;100,00;0;3;2026-04-09T09:25:30+00:00;2026-05-21T09:36:19+00:00;https://www.openstreetmap.org/user/Chris1904
480;24048783;holzius;3;13;10;23,08;0;3;2026-04-16T10:09:52+00:00;2026-04-22T05:46:01+00:00;https://www.openstreetmap.org/user/holzius
481;24087087;Flavio 79;3;3;0;100,00;0;3;2026-04-29T13:33:19+00:00;2026-06-16T15:16:32+00:00;https://www.openstreetmap.org/user/Flavio%2079
482;24089392;dnohr;3;18;15;16,67;0;3;2026-08-26T08:36:06+00:00;2026-09-17T12:30:04+00:00;https://www.openstreetmap.org/user/dnohr
483;26139;dieterdreist;2;3502;3500;0,06;2;0;2025-02-13T19:09:01+00:00;2025-02-13T19:10:51+00:00;https://www.openstreetmap.org/user/dieterdreist
484;69388;newpinco;2;12;10;16,67;0;2;2026-01-08T08:54:48+00:00;2026-01-09T16:16:49+00:00;https://www.openstreetmap.org/user/newpinco
485;85218;Aleks-Berlin;2;2885;2883;0,07;1;1;2025-11-09T09:24:03+00:00;2026-01-23T09:43:52+00:00;https://www.openstreetmap.org/user/Aleks-Berlin
486;116394;Ermanon;2;2;0;100,00;2;0;2025-06-23T07:31:06+00:00;2025-06-23T07:51:38+00:00;https://www.openstreetmap.org/user/Ermanon
487;348648;flo2154;2;1389;1387;0,14;0;2;2026-05-22T14:45:05+00:00;2026-05-22T14:47:17+00:00;https://www.openstreetmap.org/user/flo2154
488;416478;giubar;2;1540;1538;0,13;2;0;2025-05-11T19:07:28+00:00;2025-05-11T19:08:45+00:00;https://www.openstreetmap.org/user/giubar
489;554973;dgitto;2;80;78;2,50;2;0;2025-03-17T12:47:45+00:00;2025-03-22T07:50:16+00:00;https://www.openstreetmap.org/user/dgitto
490;602784;fedc;2;254;252;0,79;2;0;2025-05-01T15:45:40+00:00;2025-05-01T16:45:53+00:00;https://www.openstreetmap.org/user/fedc
491;670683;nerimic;2;20;18;10,00;2;0;2025-01-02T15:20:56+00:00;2025-05-06T11:56:39+00:00;https://www.openstreetmap.org/user/nerimic
492;944876;servilius_ahala;2;969;967;0,21;2;0;2025-05-23T17:45:19+00:00;2025-06-21T21:54:19+00:00;https://www.openstreetmap.org/user/servilius_ahala
493;1123304;ryoiida;2;2;0;100,00;0;2;2026-07-04T08:34:27+00:00;2026-07-04T08:41:15+00:00;https://www.openstreetmap.org/user/ryoiida
494;1161293;Umberto Casadio;2;77;75;2,60;0;2;2026-09-14T12:54:50+00:00;2026-09-14T13:01:03+00:00;https://www.openstreetmap.org/user/Umberto%20Casadio
495;1204984;north79;2;561;559;0,36;2;0;2025-02-08T06:53:12+00:00;2025-02-08T06:58:02+00:00;https://www.openstreetmap.org/user/north79
496;1211510;arcanma;2;455;453;0,44;2;0;2025-10-22T08:22:27+00:00;2025-10-22T14:09:44+00:00;https://www.openstreetmap.org/user/arcanma
497;1467637;SimonTheGolds;2;504;502;0,40;0;2;2026-08-28T15:50:37+00:00;2026-09-03T17:10:17+00:00;https://www.openstreetmap.org/user/SimonTheGolds
498;1477895;Renato Lapio;2;295;293;0,68;2;0;2025-04-02T14:51:54+00:00;2025-04-02T14:52:34+00:00;https://www.openstreetmap.org/user/Renato%20Lapio
499;1958492;lucha29;2;2;0;100,00;2;0;2025-04-02T06:56:08+00:00;2025-04-02T06:57:32+00:00;https://www.openstreetmap.org/user/lucha29
500;1983103;Jorisbo;2;7598;7596;0,03;0;2;2026-03-13T10:26:44+00:00;2026-03-24T17:20:55+00:00;https://www.openstreetmap.org/user/Jorisbo
501;2021175;matteo466;2;2;0;100,00;0;2;2026-05-03T14:15:42+00:00;2026-06-15T23:15:48+00:00;https://www.openstreetmap.org/user/matteo466
502;2029680;enricamp;2;8;6;25,00;2;0;2025-03-20T09:29:57+00:00;2025-03-20T13:22:43+00:00;https://www.openstreetmap.org/user/enricamp
503;2297726;NCarlo;2;2;0;100,00;2;0;2025-12-08T15:38:20+00:00;2025-12-08T15:40:39+00:00;https://www.openstreetmap.org/user/NCarlo
504;2684847;doc2rep;2;2;0;100,00;0;2;2026-07-23T13:00:32+00:00;2026-07-23T13:10:03+00:00;https://www.openstreetmap.org/user/doc2rep
505;2753343;ilagps;2;2;0;100,00;2;0;2025-07-12T10:48:49+00:00;2025-07-12T11:08:39+00:00;https://www.openstreetmap.org/user/ilagps
506;2801665;Luca Cicconi;2;2;0;100,00;0;2;2026-07-15T15:29:53+00:00;2026-07-15T15:43:07+00:00;https://www.openstreetmap.org/user/Luca%20Cicconi
507;2842498;Igorzo;2;803;801;0,25;2;0;2025-01-12T12:33:23+00:00;2025-01-12T12:35:12+00:00;https://www.openstreetmap.org/user/Igorzo
508;3151555;Dino Michelini;2;1460;1458;0,14;2;0;2025-04-15T07:23:06+00:00;2025-04-15T08:15:49+00:00;https://www.openstreetmap.org/user/Dino%20Michelini
509;3286661;LorenzoBassi_SICAI_Team;2;259;257;0,77;2;0;2025-04-28T06:40:06+00:00;2025-09-24T07:19:44+00:00;https://www.openstreetmap.org/user/LorenzoBassi_SICAI_Team
510;3383826;PaoLas;2;2;0;100,00;0;2;2026-01-04T15:10:17+00:00;2026-01-04T15:10:50+00:00;https://www.openstreetmap.org/user/PaoLas
511;3430332;minamo;2;190;188;1,05;0;2;2026-05-05T17:15:25+00:00;2026-05-06T04:06:21+00:00;https://www.openstreetmap.org/user/minamo
512;3478535;lumacraft;2;767;765;0,26;1;1;2025-02-11T22:08:14+00:00;2026-02-13T17:32:04+00:00;https://www.openstreetmap.org/user/lumacraft
513;4192908;Lord Yoruno;2;2;0;100,00;0;2;2026-07-07T08:53:02+00:00;2026-07-07T08:57:55+00:00;https://www.openstreetmap.org/user/Lord%20Yoruno
514;6645382;canfe;2;1722;1720;0,12;0;2;2026-06-17T11:49:30+00:00;2026-06-17T11:50:16+00:00;https://www.openstreetmap.org/user/canfe
515;6654756;simon_geovelo;2;1876;1874;0,11;0;2;2026-05-22T14:08:59+00:00;2026-05-22T14:09:59+00:00;https://www.openstreetmap.org/user/simon_geovelo
516;8257857;Boza22;2;174;172;1,15;2;0;2025-04-16T10:26:55+00:00;2025-04-23T16:01:43+00:00;https://www.openstreetmap.org/user/Boza22
517;8460768;kl15;2;158;156;1,27;0;2;2026-07-09T14:28:59+00:00;2026-07-09T14:34:52+00:00;https://www.openstreetmap.org/user/kl15
518;8536374;Cesare Maragnano;2;2;0;100,00;1;1;2025-12-19T10:36:32+00:00;2026-02-26T21:48:28+00:00;https://www.openstreetmap.org/user/Cesare%20Maragnano
519;8758904;Spaghetti Monster🍝;2;3247;3245;0,06;2;0;2025-06-04T22:43:39+00:00;2025-06-04T22:44:06+00:00;https://www.openstreetmap.org/user/Spaghetti%20Monster%F0%9F%8D%9D
520;8844626;Marewani;2;2;0;100,00;0;2;2026-07-15T13:03:15+00:00;2026-07-15T13:11:45+00:00;https://www.openstreetmap.org/user/Marewani
521;9045419;Alberto-V;2;427;425;0,47;2;0;2025-09-05T19:22:49+00:00;2025-09-06T09:08:20+00:00;https://www.openstreetmap.org/user/Alberto-V
522;9436824;rumbrummer;2;702;700;0,28;2;0;2025-04-23T05:38:24+00:00;2025-04-23T07:21:37+00:00;https://www.openstreetmap.org/user/rumbrummer
523;9605640;nopra;2;12;10;16,67;0;2;2026-07-13T06:34:00+00:00;2026-07-16T10:34:17+00:00;https://www.openstreetmap.org/user/nopra
524;10318941;Alanantos;2;95;93;2,11;2;0;2025-02-24T23:20:35+00:00;2025-02-24T23:35:51+00:00;https://www.openstreetmap.org/user/Alanantos
525;10732704;joseph83;2;205;203;0,98;2;0;2025-10-22T13:03:47+00:00;2025-10-22T15:33:44+00:00;https://www.openstreetmap.org/user/joseph83
526;11236721;bsvka;2;3562;3560;0,06;2;0;2025-09-12T20:07:41+00:00;2025-09-15T13:07:09+00:00;https://www.openstreetmap.org/user/bsvka
527;11282982;AndreaDp271;2;2238;2236;0,09;0;2;2026-02-03T09:48:29+00:00;2026-02-03T09:48:52+00:00;https://www.openstreetmap.org/user/AndreaDp271
528;11688067;Willi_Gross;2;2;0;100,00;2;0;2025-08-12T08:16:19+00:00;2025-08-12T08:46:38+00:00;https://www.openstreetmap.org/user/Willi_Gross
529;12294600;alessandrocarmeli;2;838;836;0,24;2;0;2025-11-03T16:29:32+00:00;2025-11-03T16:29:51+00:00;https://www.openstreetmap.org/user/alessandrocarmeli
530;12638075;elucci;2;935;933;0,21;0;2;2026-08-21T19:45:16+00:00;2026-09-20T19:34:20+00:00;https://www.openstreetmap.org/user/elucci
531;13088903;FrancescoMaths;2;2;0;100,00;2;0;2025-01-22T21:33:06+00:00;2025-04-22T15:02:52+00:00;https://www.openstreetmap.org/user/FrancescoMaths
532;13319670;RichardMacDuff;2;32;30;6,25;2;0;2025-07-19T14:24:11+00:00;2025-07-19T14:24:33+00:00;https://www.openstreetmap.org/user/RichardMacDuff
533;14271637;jamiavin;2;42;40;4,76;2;0;2025-01-22T07:57:10+00:00;2025-02-20T10:59:37+00:00;https://www.openstreetmap.org/user/jamiavin
534;14550710;Fil_Vim;2;5645;5643;0,04;1;1;2025-07-02T12:46:13+00:00;2026-09-11T12:17:46+00:00;https://www.openstreetmap.org/user/Fil_Vim
535;14562823;Federico Massi;2;2;0;100,00;2;0;2025-08-02T19:47:55+00:00;2025-08-09T08:52:13+00:00;https://www.openstreetmap.org/user/Federico%20Massi
536;14680881;Yass Kappa;2;2;0;100,00;2;0;2025-06-05T16:18:34+00:00;2025-06-05T17:02:12+00:00;https://www.openstreetmap.org/user/Yass%20Kappa
537;14728702;Tinetto;2;10094;10092;0,02;0;2;2026-03-26T09:32:55+00:00;2026-05-12T12:27:38+00:00;https://www.openstreetmap.org/user/Tinetto
538;14874072;cri_cri58;2;2;0;100,00;2;0;2025-05-24T15:42:12+00:00;2025-05-25T18:54:58+00:00;https://www.openstreetmap.org/user/cri_cri58
539;14946924;Smirra City;2;2;0;100,00;2;0;2025-02-21T02:12:05+00:00;2025-03-01T03:01:46+00:00;https://www.openstreetmap.org/user/Smirra%20City
540;15373989;nerdinand;2;29;27;6,90;0;2;2026-09-15T14:13:58+00:00;2026-09-15T14:21:29+00:00;https://www.openstreetmap.org/user/nerdinand
541;15609524;Tommaso Lucarelli;2;2;0;100,00;0;2;2026-01-18T14:11:20+00:00;2026-01-18T14:14:26+00:00;https://www.openstreetmap.org/user/Tommaso%20Lucarelli
542;15742286;pavemula;2;591;589;0,34;2;0;2025-01-15T07:40:35+00:00;2025-05-23T04:11:20+00:00;https://www.openstreetmap.org/user/pavemula
543;16065396;stasiu512;2;5591;5589;0,04;2;0;2025-08-20T18:14:39+00:00;2025-09-04T07:09:06+00:00;https://www.openstreetmap.org/user/stasiu512
544;16083471;dab64;2;2;0;100,00;0;2;2026-08-02T05:01:13+00:00;2026-08-02T14:03:32+00:00;https://www.openstreetmap.org/user/dab64
545;16408483;melody_Tej;2;12163;12161;0,02;0;2;2026-01-02T05:50:53+00:00;2026-07-28T09:38:54+00:00;https://www.openstreetmap.org/user/melody_Tej
546;16577323;007Transformer;2;5130;5128;0,04;2;0;2025-07-24T06:57:43+00:00;2025-08-07T10:55:12+00:00;https://www.openstreetmap.org/user/007Transformer
547;16577436;Wildsharky;2;3742;3740;0,05;0;2;2026-01-30T10:53:34+00:00;2026-02-17T09:08:26+00:00;https://www.openstreetmap.org/user/Wildsharky
548;16680488;Pearpeearo;2;36;34;5,56;2;0;2025-07-04T08:09:43+00:00;2025-07-05T10:25:36+00:00;https://www.openstreetmap.org/user/Pearpeearo
549;18266291;nicola_alle;2;1050;1048;0,19;0;2;2026-08-30T16:26:31+00:00;2026-08-30T16:30:49+00:00;https://www.openstreetmap.org/user/nicola_alle
550;18416863;Anton_Klebanovich;2;6731;6729;0,03;1;1;2025-03-18T10:50:44+00:00;2026-03-25T15:26:18+00:00;https://www.openstreetmap.org/user/Anton_Klebanovich
551;18511019;Senihtu;2;10733;10731;0,02;0;2;2026-09-17T16:03:45+00:00;2026-09-25T16:18:09+00:00;https://www.openstreetmap.org/user/Senihtu
552;19210335;shifattest;2;6;4;33,33;0;2;2026-05-15T21:14:11+00:00;2026-05-19T18:25:00+00:00;https://www.openstreetmap.org/user/shifattest
553;19548357;jummes;2;2;0;100,00;0;2;2026-07-08T19:07:18+00:00;2026-07-12T23:26:16+00:00;https://www.openstreetmap.org/user/jummes
554;20159881;ludomi05;2;2;0;100,00;2;0;2025-01-29T13:11:29+00:00;2025-08-07T18:00:33+00:00;https://www.openstreetmap.org/user/ludomi05
555;20178909;sbera1;2;30;28;6,67;2;0;2025-07-02T09:33:04+00:00;2025-09-24T13:45:37+00:00;https://www.openstreetmap.org/user/sbera1
556;20366470;PinRPG;2;1454;1452;0,14;0;2;2026-07-24T06:40:39+00:00;2026-07-24T17:35:12+00:00;https://www.openstreetmap.org/user/PinRPG
557;20408980;Marildv;2;1892;1890;0,11;1;1;2025-05-30T06:54:06+00:00;2026-01-09T14:56:57+00:00;https://www.openstreetmap.org/user/Marildv
558;20542683;LeoMos10;2;2;0;100,00;0;2;2026-07-20T11:11:35+00:00;2026-07-20T11:12:30+00:00;https://www.openstreetmap.org/user/LeoMos10
559;20605888;malledis;2;132;130;1,52;2;0;2025-01-14T04:08:36+00:00;2025-01-17T02:00:06+00:00;https://www.openstreetmap.org/user/malledis
560;20606484;Luca Facchini;2;5;3;40,00;2;0;2025-12-23T11:51:07+00:00;2025-12-23T11:53:32+00:00;https://www.openstreetmap.org/user/Luca%20Facchini
561;20795476;WWMapper101;2;713;711;0,28;2;0;2025-01-24T18:11:36+00:00;2025-01-24T18:12:11+00:00;https://www.openstreetmap.org/user/WWMapper101
562;20939392;tarpano;2;2;0;100,00;2;0;2025-12-11T10:34:50+00:00;2025-12-11T10:35:55+00:00;https://www.openstreetmap.org/user/tarpano
563;20950951;Alfoanto02;2;3;1;66,67;2;0;2025-01-06T18:49:22+00:00;2025-01-06T18:49:34+00:00;https://www.openstreetmap.org/user/Alfoanto02
564;21433506;Francesco Casoni;2;2;0;100,00;0;2;2026-07-09T07:42:13+00:00;2026-07-09T07:45:53+00:00;https://www.openstreetmap.org/user/Francesco%20Casoni
565;21642937;ashijade;2;418;416;0,48;2;0;2025-06-11T10:22:45+00:00;2025-09-29T08:47:01+00:00;https://www.openstreetmap.org/user/ashijade
566;21713906;Kacsamaki;2;416;414;0,48;2;0;2025-04-25T22:19:32+00:00;2025-04-26T11:19:11+00:00;https://www.openstreetmap.org/user/Kacsamaki
567;22121546;Tiziano Smeraldo;2;2;0;100,00;2;0;2025-05-31T10:36:51+00:00;2025-06-05T15:52:40+00:00;https://www.openstreetmap.org/user/Tiziano%20Smeraldo
568;22341982;Max861;2;2;0;100,00;2;0;2025-01-02T16:13:55+00:00;2025-01-02T16:18:21+00:00;https://www.openstreetmap.org/user/Max861
569;22427748;alambiccoancona;2;2;0;100,00;2;0;2025-01-26T22:17:17+00:00;2025-04-21T07:56:27+00:00;https://www.openstreetmap.org/user/alambiccoancona
570;22434897;Emma Js;2;809;807;0,25;0;2;2026-05-13T06:55:22+00:00;2026-06-08T09:57:03+00:00;https://www.openstreetmap.org/user/Emma%20Js
571;22581631;mrs_wibkas;2;3;1;66,67;2;0;2025-06-14T11:16:50+00:00;2025-06-14T11:17:18+00:00;https://www.openstreetmap.org/user/mrs_wibkas
572;22612849;HelenPataneika;2;1219;1217;0,16;2;0;2025-05-05T15:11:53+00:00;2025-05-05T15:20:59+00:00;https://www.openstreetmap.org/user/HelenPataneika
573;22630381;Danilo Burattini;2;2;0;100,00;2;0;2025-03-22T10:33:47+00:00;2025-03-22T12:00:18+00:00;https://www.openstreetmap.org/user/Danilo%20Burattini
574;22732307;Yeginbay Aldiyar;2;2;0;100,00;2;0;2025-04-10T13:54:48+00:00;2025-04-10T14:03:36+00:00;https://www.openstreetmap.org/user/Yeginbay%20Aldiyar
575;22823289;Valery Visciglia Aleinik 244854;2;36;34;5,56;2;0;2025-06-26T09:21:52+00:00;2025-06-26T09:45:02+00:00;https://www.openstreetmap.org/user/Valery%20Visciglia%20Aleinik%20244854
576;22851409;daggoo;2;2;0;100,00;2;0;2025-05-01T06:20:19+00:00;2025-05-01T06:22:16+00:00;https://www.openstreetmap.org/user/daggoo
577;22861657;RVR!;2;2;0;100,00;2;0;2025-05-04T12:43:46+00:00;2025-05-04T17:44:58+00:00;https://www.openstreetmap.org/user/RVR%21
578;22984868;Geocrest;2;2759;2757;0,07;0;2;2026-04-17T16:47:51+00:00;2026-05-11T09:35:18+00:00;https://www.openstreetmap.org/user/Geocrest
579;23014783;Rowan Tommins;2;6;4;33,33;2;0;2025-06-18T14:03:38+00:00;2025-06-18T16:51:18+00:00;https://www.openstreetmap.org/user/Rowan%20Tommins
580;23054499;flovd;2;8;6;25,00;2;0;2025-06-30T20:36:33+00:00;2025-06-30T20:39:12+00:00;https://www.openstreetmap.org/user/flovd
581;23066531;DavideP01;2;4;2;50,00;0;2;2026-02-11T09:40:48+00:00;2026-02-11T09:46:38+00:00;https://www.openstreetmap.org/user/DavideP01
582;23068658;sh22r;2;29;27;6,90;0;2;2026-04-15T17:24:03+00:00;2026-05-03T08:51:51+00:00;https://www.openstreetmap.org/user/sh22r
583;23097958;frè;2;2;0;100,00;2;0;2025-07-15T12:39:34+00:00;2025-07-16T09:18:32+00:00;https://www.openstreetmap.org/user/fr%C3%A8
584;23129114;Sargio_57;2;6;4;33,33;2;0;2025-08-04T17:45:51+00:00;2025-08-04T17:46:42+00:00;https://www.openstreetmap.org/user/Sargio_57
585;23208011;Raul_A;2;2;0;100,00;1;1;2025-08-20T10:05:42+00:00;2026-05-06T20:16:02+00:00;https://www.openstreetmap.org/user/Raul_A
586;23211197;simone bellardinelli;2;2;0;100,00;2;0;2025-08-21T08:34:21+00:00;2025-08-21T08:37:42+00:00;https://www.openstreetmap.org/user/simone%20bellardinelli
587;23228531;Salvatore La Vecchia;2;7;5;28,57;2;0;2025-09-03T08:56:41+00:00;2025-09-06T11:22:45+00:00;https://www.openstreetmap.org/user/Salvatore%20La%20Vecchia
588;23253144;Danielejj94;2;2;0;100,00;2;0;2025-09-04T20:35:48+00:00;2025-09-04T20:58:59+00:00;https://www.openstreetmap.org/user/Danielejj94
589;23305731;Daniele Miccini;2;2;0;100,00;2;0;2025-09-18T11:44:37+00:00;2025-09-18T11:49:49+00:00;https://www.openstreetmap.org/user/Daniele%20Miccini
590;23406307;MP1973;2;2;0;100,00;2;0;2025-10-17T07:09:54+00:00;2025-10-17T07:25:46+00:00;https://www.openstreetmap.org/user/MP1973
591;23456492;Claudius-Caesar;2;348;346;0,57;2;0;2025-12-21T17:39:38+00:00;2025-12-21T17:39:43+00:00;https://www.openstreetmap.org/user/Claudius-Caesar
592;23482740;baditaflorinbot;2;323;321;0,62;2;0;2025-11-08T12:35:59+00:00;2025-11-08T12:38:07+00:00;https://www.openstreetmap.org/user/baditaflorinbot
593;23585634;germiricky67;2;2;0;100,00;2;0;2025-12-06T16:42:57+00:00;2025-12-06T20:22:40+00:00;https://www.openstreetmap.org/user/germiricky67
594;23610262;HachiChan;2;2;0;100,00;2;0;2025-12-13T21:59:15+00:00;2025-12-13T22:19:27+00:00;https://www.openstreetmap.org/user/HachiChan
595;23761219;Comunicazione Medica Marche;2;2;0;100,00;0;2;2026-01-28T09:11:28+00:00;2026-01-28T09:19:53+00:00;https://www.openstreetmap.org/user/Comunicazione%20Medica%20Marche
596;23770971;Gioelem93;2;2;0;100,00;0;2;2026-01-30T18:29:55+00:00;2026-03-07T11:04:42+00:00;https://www.openstreetmap.org/user/Gioelem93
597;23783530;Anon-n69420;2;3;1;66,67;0;2;2026-02-03T11:22:51+00:00;2026-02-03T11:43:15+00:00;https://www.openstreetmap.org/user/Anon-n69420
598;23952086;Skatepassion - Pattinaggio;2;2;0;100,00;0;2;2026-03-18T09:16:25+00:00;2026-03-18T09:18:15+00:00;https://www.openstreetmap.org/user/Skatepassion%20-%20Pattinaggio
599;23956011;Rita Pi;2;2;0;100,00;0;2;2026-03-26T10:44:02+00:00;2026-03-26T11:00:38+00:00;https://www.openstreetmap.org/user/Rita%20Pi
600;24008813;Elisa Montesi;2;2;0;100,00;0;2;2026-04-03T09:47:56+00:00;2026-04-03T10:04:15+00:00;https://www.openstreetmap.org/user/Elisa%20Montesi
601;24044653;Giulia2627;2;2;0;100,00;0;2;2026-04-15T10:04:01+00:00;2026-04-28T15:11:41+00:00;https://www.openstreetmap.org/user/Giulia2627
602;24064267;Fabri061;2;2;0;100,00;0;2;2026-09-05T16:50:48+00:00;2026-09-06T11:38:28+00:00;https://www.openstreetmap.org/user/Fabri061
603;24069443;Braian Dradi;2;4;2;50,00;0;2;2026-07-23T09:49:43+00:00;2026-07-23T09:51:08+00:00;https://www.openstreetmap.org/user/Braian%20Dradi
604;24079349;Piticave;2;2;0;100,00;0;2;2026-05-23T10:41:48+00:00;2026-05-30T17:18:03+00:00;https://www.openstreetmap.org/user/Piticave
605;24117795;Alessandro Numana;2;2;0;100,00;0;2;2026-05-11T09:39:50+00:00;2026-05-11T09:59:04+00:00;https://www.openstreetmap.org/user/Alessandro%20Numana
606;24162803;Irapoli;2;2;0;100,00;0;2;2026-05-27T16:35:13+00:00;2026-05-27T16:37:12+00:00;https://www.openstreetmap.org/user/Irapoli
607;24208424;Woffylu;2;2;0;100,00;0;2;2026-06-11T15:25:41+00:00;2026-06-11T15:32:09+00:00;https://www.openstreetmap.org/user/Woffylu
608;24228370;strudlik;2;434;432;0,46;0;2;2026-07-27T12:58:31+00:00;2026-07-27T12:58:58+00:00;https://www.openstreetmap.org/user/strudlik
609;24289167;Guterfluss;2;18;16;11,11;0;2;2026-07-24T21:58:59+00:00;2026-07-24T21:59:07+00:00;https://www.openstreetmap.org/user/Guterfluss
610;24590899;Raffaele Galanti;2;2;0;100,00;0;2;2026-09-24T23:29:53+00:00;2026-09-25T14:02:05+00:00;https://www.openstreetmap.org/user/Raffaele%20Galanti
611;864;Niccolo;1;35;34;2,86;1;0;2025-06-14T16:09:06+00:00;2025-06-14T16:09:06+00:00;https://www.openstreetmap.org/user/Niccolo
612;1987;niubii;1;112;111;0,89;1;0;2025-09-05T05:48:38+00:00;2025-09-05T05:48:38+00:00;https://www.openstreetmap.org/user/niubii
613;8082;Pim Moerenhout;1;2460;2459;0,04;1;0;2025-08-18T12:05:31+00:00;2025-08-18T12:05:31+00:00;https://www.openstreetmap.org/user/Pim%20Moerenhout
614;18069;Claudius Henrichs;1;12168;12167;0,01;1;0;2025-08-18T07:08:46+00:00;2025-08-18T07:08:46+00:00;https://www.openstreetmap.org/user/Claudius%20Henrichs
615;25204;fukejs;1;840;839;0,12;1;0;2025-01-16T16:58:45+00:00;2025-01-16T16:58:45+00:00;https://www.openstreetmap.org/user/fukejs
616;26599;cdavila;1;930;929;0,11;0;1;2026-06-12T05:58:08+00:00;2026-06-12T05:58:08+00:00;https://www.openstreetmap.org/user/cdavila
617;26734;yetzt;1;906;905;0,11;0;1;2026-08-08T17:59:47+00:00;2026-08-08T17:59:47+00:00;https://www.openstreetmap.org/user/yetzt
618;27099;MAPconcierge;1;805;804;0,12;1;0;2025-04-19T16:24:05+00:00;2025-04-19T16:24:05+00:00;https://www.openstreetmap.org/user/MAPconcierge
619;29874;Godot;1;2171;2170;0,05;1;0;2025-11-10T06:54:07+00:00;2025-11-10T06:54:07+00:00;https://www.openstreetmap.org/user/Godot
620;32788;alloalli;1;8;7;12,50;1;0;2025-04-04T08:35:38+00:00;2025-04-04T08:35:38+00:00;https://www.openstreetmap.org/user/alloalli
621;42123;Ropino;1;12284;12283;0,01;1;0;2025-04-25T08:31:25+00:00;2025-04-25T08:31:25+00:00;https://www.openstreetmap.org/user/Ropino
622;47978;Christoph Lotz;1;483;482;0,21;0;1;2026-04-29T15:53:00+00:00;2026-04-29T15:53:00+00:00;https://www.openstreetmap.org/user/Christoph%20Lotz
623;53188;Enrico Rossi;1;12;11;8,33;1;0;2025-07-20T16:20:11+00:00;2025-07-20T16:20:11+00:00;https://www.openstreetmap.org/user/Enrico%20Rossi
624;66391;geozeisig;1;14611;14610;0,01;0;1;2026-09-11T07:08:15+00:00;2026-09-11T07:08:15+00:00;https://www.openstreetmap.org/user/geozeisig
625;69102;Mathbau;1;46;45;2,17;1;0;2025-12-01T19:46:22+00:00;2025-12-01T19:46:22+00:00;https://www.openstreetmap.org/user/Mathbau
626;99231;fra76mm;1;67;66;1,49;1;0;2025-09-08T20:58:59+00:00;2025-09-08T20:58:59+00:00;https://www.openstreetmap.org/user/fra76mm
627;142769;asdakloek;1;45;44;2,22;1;0;2025-05-03T12:26:47+00:00;2025-05-03T12:26:47+00:00;https://www.openstreetmap.org/user/asdakloek
628;159039;mutnig;1;82;81;1,22;1;0;2025-06-14T07:53:27+00:00;2025-06-14T07:53:27+00:00;https://www.openstreetmap.org/user/mutnig
629;178610;Pab09;1;241;240;0,41;1;0;2025-11-03T08:07:03+00:00;2025-11-03T08:07:03+00:00;https://www.openstreetmap.org/user/Pab09
630;193512;Pyknite;1;348;347;0,29;1;0;2025-08-05T06:06:43+00:00;2025-08-05T06:06:43+00:00;https://www.openstreetmap.org/user/Pyknite
631;195989;gi4mmyz;1;2;1;50,00;0;1;2026-08-28T18:40:35+00:00;2026-08-28T18:40:35+00:00;https://www.openstreetmap.org/user/gi4mmyz
632;203156;Olikos;1;197;196;0,51;1;0;2025-01-09T21:01:45+00:00;2025-01-09T21:01:45+00:00;https://www.openstreetmap.org/user/Olikos
633;221961;gvb;1;352;351;0,28;1;0;2025-06-29T19:31:27+00:00;2025-06-29T19:31:27+00:00;https://www.openstreetmap.org/user/gvb
634;251688;Molko;1;631;630;0,16;0;1;2026-08-18T08:33:44+00:00;2026-08-18T08:33:44+00:00;https://www.openstreetmap.org/user/Molko
635;281269;alisseo;1;6;5;16,67;1;0;2025-11-13T06:03:05+00:00;2025-11-13T06:03:05+00:00;https://www.openstreetmap.org/user/alisseo
636;282711;linu650;1;5;4;20,00;0;1;2026-03-07T17:05:21+00:00;2026-03-07T17:05:21+00:00;https://www.openstreetmap.org/user/linu650
637;284259;batty;1;3;2;33,33;1;0;2025-07-02T07:00:48+00:00;2025-07-02T07:00:48+00:00;https://www.openstreetmap.org/user/batty
638;300459;didier2020;1;4482;4481;0,02;0;1;2026-05-31T17:42:01+00:00;2026-05-31T17:42:01+00:00;https://www.openstreetmap.org/user/didier2020
639;335143;Bogomil Shopov - Бого;1;2400;2399;0,04;1;0;2025-10-26T09:24:00+00:00;2025-10-26T09:24:00+00:00;https://www.openstreetmap.org/user/Bogomil%20Shopov%20-%20%D0%91%D0%BE%D0%B3%D0%BE
640;337806;huldsfred;1;27;26;3,70;1;0;2025-10-20T09:05:02+00:00;2025-10-20T09:05:02+00:00;https://www.openstreetmap.org/user/huldsfred
641;361003;Cascafico;1;503;502;0,20;0;1;2026-03-18T13:35:46+00:00;2026-03-18T13:35:46+00:00;https://www.openstreetmap.org/user/Cascafico
642;379039;pitec;1;1;0;100,00;0;1;2026-09-26T16:34:35+00:00;2026-09-26T16:34:35+00:00;https://www.openstreetmap.org/user/pitec
643;542131;splisp;1;1;0;100,00;1;0;2025-04-15T17:15:24+00:00;2025-04-15T17:15:24+00:00;https://www.openstreetmap.org/user/splisp
644;554235;Malhado;1;55;54;1,82;0;1;2026-03-15T11:54:27+00:00;2026-03-15T11:54:27+00:00;https://www.openstreetmap.org/user/Malhado
645;557496;claudia10;1;5725;5724;0,02;1;0;2025-08-04T11:41:51+00:00;2025-08-04T11:41:51+00:00;https://www.openstreetmap.org/user/claudia10
646;567792;Natfoot;1;2067;2066;0,05;0;1;2026-03-02T02:59:26+00:00;2026-03-02T02:59:26+00:00;https://www.openstreetmap.org/user/Natfoot
647;579545;Aury88;1;934;933;0,11;1;0;2025-10-09T20:38:06+00:00;2025-10-09T20:38:06+00:00;https://www.openstreetmap.org/user/Aury88
648;579620;Luport;1;2;1;50,00;1;0;2025-04-22T08:47:37+00:00;2025-04-22T08:47:37+00:00;https://www.openstreetmap.org/user/Luport
649;635443;lorenzgr;1;105;104;0,95;1;0;2025-07-22T10:11:42+00:00;2025-07-22T10:11:42+00:00;https://www.openstreetmap.org/user/lorenzgr
650;672706;Mike Tamanti;1;1;0;100,00;1;0;2025-10-30T00:05:03+00:00;2025-10-30T00:05:03+00:00;https://www.openstreetmap.org/user/Mike%20Tamanti
651;696723;Fabienamnet;1;239;238;0,42;1;0;2025-12-08T17:08:40+00:00;2025-12-08T17:08:40+00:00;https://www.openstreetmap.org/user/Fabienamnet
652;928855;cmaglie;1;54;53;1,85;0;1;2026-01-10T15:48:28+00:00;2026-01-10T15:48:28+00:00;https://www.openstreetmap.org/user/cmaglie
653;958845;Petr Fukátko;1;56;55;1,79;1;0;2025-09-16T12:29:42+00:00;2025-09-16T12:29:42+00:00;https://www.openstreetmap.org/user/Petr%20Fuk%C3%A1tko
654;1075395;trallallahoi;1;39;38;2,56;1;0;2025-05-19T12:58:57+00:00;2025-05-19T12:58:57+00:00;https://www.openstreetmap.org/user/trallallahoi
655;1092114;kräckel;1;641;640;0,16;1;0;2025-01-02T09:45:19+00:00;2025-01-02T09:45:19+00:00;https://www.openstreetmap.org/user/kr%C3%A4ckel
656;1220473;gepgep;1;1;0;100,00;1;0;2025-12-19T09:49:22+00:00;2025-12-19T09:49:22+00:00;https://www.openstreetmap.org/user/gepgep
657;1230818;Ygramul;1;5894;5893;0,02;1;0;2025-01-12T20:08:35+00:00;2025-01-12T20:08:35+00:00;https://www.openstreetmap.org/user/Ygramul
658;1306319;spidernik84;1;2;1;50,00;0;1;2026-07-13T10:58:57+00:00;2026-07-13T10:58:57+00:00;https://www.openstreetmap.org/user/spidernik84
659;1337142;Nordpfeil;1;2909;2908;0,03;1;0;2025-10-24T07:39:07+00:00;2025-10-24T07:39:07+00:00;https://www.openstreetmap.org/user/Nordpfeil
660;1565883;Leedrag;1;1;0;100,00;0;1;2026-09-13T10:24:19+00:00;2026-09-13T10:24:19+00:00;https://www.openstreetmap.org/user/Leedrag
661;1683540;vindert;1;480;479;0,21;1;0;2025-06-22T17:04:04+00:00;2025-06-22T17:04:04+00:00;https://www.openstreetmap.org/user/vindert
662;1716999;CriGuss;1;13;12;7,69;1;0;2025-09-09T08:55:54+00:00;2025-09-09T08:55:54+00:00;https://www.openstreetmap.org/user/CriGuss
663;1884038;gnacca;1;55;54;1,82;1;0;2025-07-22T08:48:24+00:00;2025-07-22T08:48:24+00:00;https://www.openstreetmap.org/user/gnacca
664;1893120;Zerrossetto;1;53;52;1,89;0;1;2026-06-29T06:32:46+00:00;2026-06-29T06:32:46+00:00;https://www.openstreetmap.org/user/Zerrossetto
665;1904925;malaerba;1;101;100;0,99;1;0;2025-09-07T19:54:37+00:00;2025-09-07T19:54:37+00:00;https://www.openstreetmap.org/user/malaerba
666;1994883;franzo15;1;3;2;33,33;0;1;2026-05-23T12:09:49+00:00;2026-05-23T12:09:49+00:00;https://www.openstreetmap.org/user/franzo15
667;2434593;Pierpaoloercoli;1;1;0;100,00;1;0;2025-12-23T19:40:17+00:00;2025-12-23T19:40:17+00:00;https://www.openstreetmap.org/user/Pierpaoloercoli
668;2473351;Artlander77;1;1;0;100,00;1;0;2025-11-01T10:13:54+00:00;2025-11-01T10:13:54+00:00;https://www.openstreetmap.org/user/Artlander77
669;2916541;NazzaF;1;1;0;100,00;1;0;2025-10-29T10:51:44+00:00;2025-10-29T10:51:44+00:00;https://www.openstreetmap.org/user/NazzaF
670;3028180;CoreForce;1;16;15;6,25;1;0;2025-07-03T19:58:01+00:00;2025-07-03T19:58:01+00:00;https://www.openstreetmap.org/user/CoreForce
671;3168532;ClairM;1;147;146;0,68;0;1;2026-03-05T16:37:14+00:00;2026-03-05T16:37:14+00:00;https://www.openstreetmap.org/user/ClairM
672;3247186;Nick Manini;1;35;34;2,86;1;0;2025-03-26T13:37:07+00:00;2025-03-26T13:37:07+00:00;https://www.openstreetmap.org/user/Nick%20Manini
673;3307068;Hypsometric;1;7673;7672;0,01;0;1;2026-09-18T11:26:31+00:00;2026-09-18T11:26:31+00:00;https://www.openstreetmap.org/user/Hypsometric
674;3453577;Lorenzo Giovannini;1;3;2;33,33;1;0;2025-12-21T01:28:30+00:00;2025-12-21T01:28:30+00:00;https://www.openstreetmap.org/user/Lorenzo%20Giovannini
675;3640738;Davide Albertini;1;1;0;100,00;0;1;2026-06-09T14:44:20+00:00;2026-06-09T14:44:20+00:00;https://www.openstreetmap.org/user/Davide%20Albertini
676;3798707;GiulyR98;1;2853;2852;0,04;0;1;2026-01-12T20:32:00+00:00;2026-01-12T20:32:00+00:00;https://www.openstreetmap.org/user/GiulyR98
677;3846472;tuukkapuranen;1;223;222;0,45;0;1;2026-03-15T14:43:15+00:00;2026-03-15T14:43:15+00:00;https://www.openstreetmap.org/user/tuukkapuranen
678;3859834;Malyacko;1;9;8;11,11;0;1;2026-04-28T21:54:35+00:00;2026-04-28T21:54:35+00:00;https://www.openstreetmap.org/user/Malyacko
679;4238703;paso92;1;246;245;0,41;1;0;2025-02-18T13:59:48+00:00;2025-02-18T13:59:48+00:00;https://www.openstreetmap.org/user/paso92
680;4413023;realjep;1;293;292;0,34;0;1;2026-02-02T13:36:17+00:00;2026-02-02T13:36:17+00:00;https://www.openstreetmap.org/user/realjep
681;4515353;quincylvania;1;4821;4820;0,02;1;0;2025-03-20T19:15:54+00:00;2025-03-20T19:15:54+00:00;https://www.openstreetmap.org/user/quincylvania
682;4705730;AnisKoutsi;1;42;41;2,38;1;0;2025-09-21T14:09:44+00:00;2025-09-21T14:09:44+00:00;https://www.openstreetmap.org/user/AnisKoutsi
683;4712099;brozwenc2;1;7;6;14,29;1;0;2025-10-03T17:18:15+00:00;2025-10-03T17:18:15+00:00;https://www.openstreetmap.org/user/brozwenc2
684;5105082;Blastax;1;1;0;100,00;1;0;2025-08-06T12:00:34+00:00;2025-08-06T12:00:34+00:00;https://www.openstreetmap.org/user/Blastax
685;5351353;DarioMangoni;1;36;35;2,78;0;1;2026-04-21T09:20:53+00:00;2026-04-21T09:20:53+00:00;https://www.openstreetmap.org/user/DarioMangoni
686;5556349;Maciej Orzech;1;18;17;5,56;1;0;2025-09-12T10:40:12+00:00;2025-09-12T10:40:12+00:00;https://www.openstreetmap.org/user/Maciej%20Orzech
687;5766362;Davide Pierini;1;1;0;100,00;1;0;2025-04-07T18:08:39+00:00;2025-04-07T18:08:39+00:00;https://www.openstreetmap.org/user/Davide%20Pierini
688;6125147;Kookykooky;1;8911;8910;0,01;1;0;2025-09-17T09:04:52+00:00;2025-09-17T09:04:52+00:00;https://www.openstreetmap.org/user/Kookykooky
689;6136738;osmmichl;1;672;671;0,15;1;0;2025-03-09T16:25:12+00:00;2025-03-09T16:25:12+00:00;https://www.openstreetmap.org/user/osmmichl
690;6538404;myosmname;1;6;5;16,67;0;1;2026-08-03T11:49:20+00:00;2026-08-03T11:49:20+00:00;https://www.openstreetmap.org/user/myosmname
691;6600050;Heam;1;77;76;1,30;0;1;2026-09-23T19:04:26+00:00;2026-09-23T19:04:26+00:00;https://www.openstreetmap.org/user/Heam
692;6703845;ro_ma16;1;4;3;25,00;0;1;2026-07-12T09:04:21+00:00;2026-07-12T09:04:21+00:00;https://www.openstreetmap.org/user/ro_ma16
693;6970233;Pete27;1;245;244;0,41;1;0;2025-04-01T15:14:41+00:00;2025-04-01T15:14:41+00:00;https://www.openstreetmap.org/user/Pete27
694;8241440;jbcharron;1;20411;20410;0,00;1;0;2025-05-01T18:15:18+00:00;2025-05-01T18:15:18+00:00;https://www.openstreetmap.org/user/jbcharron
695;8341954;Petra Lamantagne;1;475;474;0,21;0;1;2026-02-21T18:29:36+00:00;2026-02-21T18:29:36+00:00;https://www.openstreetmap.org/user/Petra%20Lamantagne
696;8386578;Gian_89;1;1;0;100,00;1;0;2025-03-21T15:40:54+00:00;2025-03-21T15:40:54+00:00;https://www.openstreetmap.org/user/Gian_89
697;8656157;lionfish16;1;315;314;0,32;0;1;2026-07-10T17:43:15+00:00;2026-07-10T17:43:15+00:00;https://www.openstreetmap.org/user/lionfish16
698;8724788;Aleksandar Matejevic;1;5320;5319;0,02;0;1;2026-07-06T05:30:36+00:00;2026-07-06T05:30:36+00:00;https://www.openstreetmap.org/user/Aleksandar%20Matejevic
699;9006927;francians;1;132;131;0,76;1;0;2025-05-04T16:47:25+00:00;2025-05-04T16:47:25+00:00;https://www.openstreetmap.org/user/francians
700;9043034;mstmob;1;38;37;2,63;0;1;2026-05-26T20:36:41+00:00;2026-05-26T20:36:41+00:00;https://www.openstreetmap.org/user/mstmob
701;9553345;ChrisHousenerd;1;2;1;50,00;0;1;2026-09-08T13:23:56+00:00;2026-09-08T13:23:56+00:00;https://www.openstreetmap.org/user/ChrisHousenerd
702;9564652;wireguy;1;7374;7373;0,01;0;1;2026-08-11T13:49:00+00:00;2026-08-11T13:49:00+00:00;https://www.openstreetmap.org/user/wireguy
703;9606745;dennispgmn;1;1;0;100,00;1;0;2025-04-14T11:24:10+00:00;2025-04-14T11:24:10+00:00;https://www.openstreetmap.org/user/dennispgmn
704;9632668;InnaSumskaya;1;206;205;0,49;0;1;2026-03-27T11:23:54+00:00;2026-03-27T11:23:54+00:00;https://www.openstreetmap.org/user/InnaSumskaya
705;10218496;technopitecus;1;13;12;7,69;0;1;2026-08-08T19:30:27+00:00;2026-08-08T19:30:27+00:00;https://www.openstreetmap.org/user/technopitecus
706;10325271;VITTORIO FERRACUTI;1;1;0;100,00;1;0;2025-07-16T17:29:53+00:00;2025-07-16T17:29:53+00:00;https://www.openstreetmap.org/user/VITTORIO%20FERRACUTI
707;10480289;attaragi;1;1;0;100,00;1;0;2025-02-28T11:21:51+00:00;2025-02-28T11:21:51+00:00;https://www.openstreetmap.org/user/attaragi
708;10622169;osmandino;1;5;4;20,00;1;0;2025-09-30T22:34:35+00:00;2025-09-30T22:34:35+00:00;https://www.openstreetmap.org/user/osmandino
709;10629053;Tomek_Koz;1;392;391;0,26;0;1;2026-05-21T10:21:39+00:00;2026-05-21T10:21:39+00:00;https://www.openstreetmap.org/user/Tomek_Koz
710;11417369;VLD170;1;1106;1105;0,09;1;0;2025-10-16T22:02:02+00:00;2025-10-16T22:02:02+00:00;https://www.openstreetmap.org/user/VLD170
711;11571754;JriSv250;1;1270;1269;0,08;0;1;2026-02-08T23:31:46+00:00;2026-02-08T23:31:46+00:00;https://www.openstreetmap.org/user/JriSv250
712;11758604;map per;1;5331;5330;0,02;1;0;2025-07-14T13:01:48+00:00;2025-07-14T13:01:48+00:00;https://www.openstreetmap.org/user/map%20per
713;12145776;filmor;1;498;497;0,20;0;1;2026-06-03T19:04:20+00:00;2026-06-03T19:04:20+00:00;https://www.openstreetmap.org/user/filmor
714;12418400;Davide Fa;1;4;3;25,00;1;0;2025-02-16T17:00:47+00:00;2025-02-16T17:00:47+00:00;https://www.openstreetmap.org/user/Davide%20Fa
715;12422321;haljedi;1;1;0;100,00;1;0;2025-11-19T20:55:31+00:00;2025-11-19T20:55:31+00:00;https://www.openstreetmap.org/user/haljedi
716;12427544;faser77;1;1;0;100,00;1;0;2025-07-08T08:46:32+00:00;2025-07-08T08:46:32+00:00;https://www.openstreetmap.org/user/faser77
717;12485436;ArnoGoo;1;1;0;100,00;1;0;2025-07-22T13:28:12+00:00;2025-07-22T13:28:12+00:00;https://www.openstreetmap.org/user/ArnoGoo
718;12767050;uburex;1;1;0;100,00;0;1;2026-09-15T05:03:12+00:00;2026-09-15T05:03:12+00:00;https://www.openstreetmap.org/user/uburex
719;13069920;KashDRZ;1;1;0;100,00;1;0;2025-02-03T10:18:15+00:00;2025-02-03T10:18:15+00:00;https://www.openstreetmap.org/user/KashDRZ
720;13336924;Ereff-OSM;1;6;5;16,67;1;0;2025-10-08T16:04:08+00:00;2025-10-08T16:04:08+00:00;https://www.openstreetmap.org/user/Ereff-OSM
721;13346875;lollo255;1;17;16;5,88;0;1;2026-06-19T16:47:52+00:00;2026-06-19T16:47:52+00:00;https://www.openstreetmap.org/user/lollo255
722;13357277;plnc;1;1;0;100,00;1;0;2025-03-22T18:18:52+00:00;2025-03-22T18:18:52+00:00;https://www.openstreetmap.org/user/plnc
723;13436144;Alessandro Cera;1;29;28;3,45;1;0;2025-08-05T08:50:37+00:00;2025-08-05T08:50:37+00:00;https://www.openstreetmap.org/user/Alessandro%20Cera
724;13579862;divagazionieteree;1;25;24;4,00;0;1;2026-05-17T16:58:11+00:00;2026-05-17T16:58:11+00:00;https://www.openstreetmap.org/user/divagazionieteree
725;13856593;Gcanyon;1;1;0;100,00;1;0;2025-07-01T22:54:04+00:00;2025-07-01T22:54:04+00:00;https://www.openstreetmap.org/user/Gcanyon
726;13872483;ramyazka;1;117;116;0,85;0;1;2026-05-29T07:51:21+00:00;2026-05-29T07:51:21+00:00;https://www.openstreetmap.org/user/ramyazka
727;13949976;fababas the one;1;195;194;0,51;1;0;2025-01-04T15:05:58+00:00;2025-01-04T15:05:58+00:00;https://www.openstreetmap.org/user/fababas%20the%20one
728;13986573;dombul;1;196;195;0,51;1;0;2025-04-21T21:44:11+00:00;2025-04-21T21:44:11+00:00;https://www.openstreetmap.org/user/dombul
729;14032631;sakshau;1;30;29;3,33;1;0;2025-02-25T10:16:07+00:00;2025-02-25T10:16:07+00:00;https://www.openstreetmap.org/user/sakshau
730;14057548;ppku;1;6;5;16,67;1;0;2025-06-24T18:20:26+00:00;2025-06-24T18:20:26+00:00;https://www.openstreetmap.org/user/ppku
731;14271620;pgerendl;1;56;55;1,79;1;0;2025-11-11T06:14:00+00:00;2025-11-11T06:14:00+00:00;https://www.openstreetmap.org/user/pgerendl
732;14271633;shivaopa;1;135;134;0,74;1;0;2025-01-22T07:54:44+00:00;2025-01-22T07:54:44+00:00;https://www.openstreetmap.org/user/shivaopa
733;14327227;kaasbroodje;1;1983;1982;0,05;0;1;2026-01-16T15:10:11+00:00;2026-01-16T15:10:11+00:00;https://www.openstreetmap.org/user/kaasbroodje
734;14381335;Federica Lavagna;1;3;2;33,33;1;0;2025-07-20T17:45:22+00:00;2025-07-20T17:45:22+00:00;https://www.openstreetmap.org/user/Federica%20Lavagna
735;14601624;PrairieMaple99;1;813;812;0,12;0;1;2026-08-23T19:55:59+00:00;2026-08-23T19:55:59+00:00;https://www.openstreetmap.org/user/PrairieMaple99
736;14713774;nicodemo71;1;1;0;100,00;0;1;2026-06-14T16:14:11+00:00;2026-06-14T16:14:11+00:00;https://www.openstreetmap.org/user/nicodemo71
737;14761658;Tourism_info;1;717;716;0,14;1;0;2025-09-19T07:44:13+00:00;2025-09-19T07:44:13+00:00;https://www.openstreetmap.org/user/Tourism_info
738;15284682;Jnp624;1;13;12;7,69;0;1;2026-02-15T02:46:51+00:00;2026-02-15T02:46:51+00:00;https://www.openstreetmap.org/user/Jnp624
739;15454123;Carlo Santini;1;1;0;100,00;1;0;2025-03-24T13:21:08+00:00;2025-03-24T13:21:08+00:00;https://www.openstreetmap.org/user/Carlo%20Santini
740;15458726;Swihail;1;6254;6253;0,02;0;1;2026-06-09T13:23:31+00:00;2026-06-09T13:23:31+00:00;https://www.openstreetmap.org/user/Swihail
741;15484146;Antonio Angelozzi;1;38;37;2,63;1;0;2025-01-25T23:48:54+00:00;2025-01-25T23:48:54+00:00;https://www.openstreetmap.org/user/Antonio%20Angelozzi
742;15511309;Haisan302;1;32;31;3,12;0;1;2026-05-17T04:55:19+00:00;2026-05-17T04:55:19+00:00;https://www.openstreetmap.org/user/Haisan302
743;15947354;VLD526;1;13;12;7,69;1;0;2025-02-03T11:41:11+00:00;2025-02-03T11:41:11+00:00;https://www.openstreetmap.org/user/VLD526
744;15983616;VLD527;1;82;81;1,22;1;0;2025-01-21T08:15:48+00:00;2025-01-21T08:15:48+00:00;https://www.openstreetmap.org/user/VLD527
745;16061279;YellowSoul;1;2910;2909;0,03;0;1;2026-02-02T12:05:34+00:00;2026-02-02T12:05:34+00:00;https://www.openstreetmap.org/user/YellowSoul
746;16455258;changio;1;353;352;0,28;1;0;2025-04-10T13:15:31+00:00;2025-04-10T13:15:31+00:00;https://www.openstreetmap.org/user/changio
747;16658114;dupappal;1;82;81;1,22;1;0;2025-01-22T06:44:10+00:00;2025-01-22T06:44:10+00:00;https://www.openstreetmap.org/user/dupappal
748;16753123;NickRohn;1;2;1;50,00;1;0;2025-04-20T21:34:43+00:00;2025-04-20T21:34:43+00:00;https://www.openstreetmap.org/user/NickRohn
749;16795510;ValentinaGate-away;1;8;7;12,50;1;0;2025-04-22T10:54:30+00:00;2025-04-22T10:54:30+00:00;https://www.openstreetmap.org/user/ValentinaGate-away
750;17393437;pietrolombardo;1;63;62;1,59;1;0;2025-08-16T11:04:15+00:00;2025-08-16T11:04:15+00:00;https://www.openstreetmap.org/user/pietrolombardo
751;17445709;Assadermanassa;1;1;0;100,00;1;0;2025-01-04T03:40:41+00:00;2025-01-04T03:40:41+00:00;https://www.openstreetmap.org/user/Assadermanassa
752;17517412;Cesare Banducci;1;1;0;100,00;1;0;2025-01-10T08:29:02+00:00;2025-01-10T08:29:02+00:00;https://www.openstreetmap.org/user/Cesare%20Banducci
753;17843669;DomKor;1;506;505;0,20;1;0;2025-04-29T17:23:48+00:00;2025-04-29T17:23:48+00:00;https://www.openstreetmap.org/user/DomKor
754;18237714;alisamsam;1;5;4;20,00;0;1;2026-04-20T18:02:43+00:00;2026-04-20T18:02:43+00:00;https://www.openstreetmap.org/user/alisamsam
755;18393952;boweiu;1;1;0;100,00;1;0;2025-08-02T10:52:43+00:00;2025-08-02T10:52:43+00:00;https://www.openstreetmap.org/user/boweiu
756;18469761;simo_explorer;1;743;742;0,13;1;0;2025-06-24T14:35:31+00:00;2025-06-24T14:35:31+00:00;https://www.openstreetmap.org/user/simo_explorer
757;18669457;dahcat;1;924;923;0,11;0;1;2026-05-16T13:17:37+00:00;2026-05-16T13:17:37+00:00;https://www.openstreetmap.org/user/dahcat
758;18770542;McLovining;1;1;0;100,00;1;0;2025-04-23T15:03:07+00:00;2025-04-23T15:03:07+00:00;https://www.openstreetmap.org/user/McLovining
759;18807367;gmeyer1;1;11;10;9,09;1;0;2025-08-20T09:23:04+00:00;2025-08-20T09:23:04+00:00;https://www.openstreetmap.org/user/gmeyer1
760;19211017;shifattest2;1;16;15;6,25;1;0;2025-07-03T08:56:32+00:00;2025-07-03T08:56:32+00:00;https://www.openstreetmap.org/user/shifattest2
761;19698069;Valeryia_Yak;1;361;360;0,28;1;0;2025-01-21T09:37:39+00:00;2025-01-21T09:37:39+00:00;https://www.openstreetmap.org/user/Valeryia_Yak
762;19747250;r-ricci;1;1;0;100,00;1;0;2025-09-21T21:27:09+00:00;2025-09-21T21:27:09+00:00;https://www.openstreetmap.org/user/r-ricci
763;19857719;VLD277;1;6654;6653;0,02;1;0;2025-12-24T17:58:11+00:00;2025-12-24T17:58:11+00:00;https://www.openstreetmap.org/user/VLD277
764;19969905;Maksim Sazanovich;1;2352;2351;0,04;0;1;2026-05-12T11:39:37+00:00;2026-05-12T11:39:37+00:00;https://www.openstreetmap.org/user/Maksim%20Sazanovich
765;20051395;ajmat;1;1282;1281;0,08;0;1;2026-02-19T04:07:47+00:00;2026-02-19T04:07:47+00:00;https://www.openstreetmap.org/user/ajmat
766;20051396;rajdhani;1;4765;4764;0,02;0;1;2026-02-06T04:56:46+00:00;2026-02-06T04:56:46+00:00;https://www.openstreetmap.org/user/rajdhani
767;20090547;meli_bou92;1;183;182;0,55;0;1;2026-04-15T15:03:41+00:00;2026-04-15T15:03:41+00:00;https://www.openstreetmap.org/user/meli_bou92
768;20115235;Fraux;1;7;6;14,29;1;0;2025-08-12T08:52:37+00:00;2025-08-12T08:52:37+00:00;https://www.openstreetmap.org/user/Fraux
769;20144444;MappingMore;1;1818;1817;0,06;0;1;2026-03-03T11:24:28+00:00;2026-03-03T11:24:28+00:00;https://www.openstreetmap.org/user/MappingMore
770;20144448;World_Winner;1;7726;7725;0,01;0;1;2026-06-17T12:03:37+00:00;2026-06-17T12:03:37+00:00;https://www.openstreetmap.org/user/World_Winner
771;20178934;svsdp;1;25;24;4,00;1;0;2025-06-09T10:56:33+00:00;2025-06-09T10:56:33+00:00;https://www.openstreetmap.org/user/svsdp
772;20378861;JubeiEnhjo;1;1;0;100,00;1;0;2025-01-06T18:16:38+00:00;2025-01-06T18:16:38+00:00;https://www.openstreetmap.org/user/JubeiEnhjo
773;20389959;Evgeniya_;1;102;101;0,98;0;1;2026-05-03T13:45:30+00:00;2026-05-03T13:45:30+00:00;https://www.openstreetmap.org/user/Evgeniya_
774;20415443;Palary;1;10185;10184;0,01;0;1;2026-08-03T11:11:38+00:00;2026-08-03T11:11:38+00:00;https://www.openstreetmap.org/user/Palary
775;20432726;Byenin;1;11510;11509;0,01;0;1;2026-02-16T09:55:59+00:00;2026-02-16T09:55:59+00:00;https://www.openstreetmap.org/user/Byenin
776;20498310;Ostenaaa;1;1082;1081;0,09;1;0;2025-06-27T11:19:02+00:00;2025-06-27T11:19:02+00:00;https://www.openstreetmap.org/user/Ostenaaa
777;20509407;Alexis04132;1;1505;1504;0,07;0;1;2026-05-17T19:42:05+00:00;2026-05-17T19:42:05+00:00;https://www.openstreetmap.org/user/Alexis04132
778;20518511;RØSHØ;1;56;55;1,79;0;1;2026-06-09T09:16:59+00:00;2026-06-09T09:16:59+00:00;https://www.openstreetmap.org/user/R%C3%98SH%C3%98
779;20574409;pafgoku;1;147;146;0,68;1;0;2025-06-19T10:15:06+00:00;2025-06-19T10:15:06+00:00;https://www.openstreetmap.org/user/pafgoku
780;20625479;Simone_ilpollo;1;11;10;9,09;1;0;2025-10-05T17:02:00+00:00;2025-10-05T17:02:00+00:00;https://www.openstreetmap.org/user/Simone_ilpollo
781;20817555;Alessandro_Gianfelici;1;53;52;1,89;1;0;2025-07-27T16:26:09+00:00;2025-07-27T16:26:09+00:00;https://www.openstreetmap.org/user/Alessandro_Gianfelici
782;20832388;andrea felicetti;1;2;1;50,00;1;0;2025-02-24T12:25:45+00:00;2025-02-24T12:25:45+00:00;https://www.openstreetmap.org/user/andrea%20felicetti
783;21068368;maybeyes;1;595;594;0,17;0;1;2026-04-25T08:32:11+00:00;2026-04-25T08:32:11+00:00;https://www.openstreetmap.org/user/maybeyes
784;21134035;richiriccardo;1;1;0;100,00;0;1;2026-01-28T16:54:02+00:00;2026-01-28T16:54:02+00:00;https://www.openstreetmap.org/user/richiriccardo
785;21229387;Canacci;1;1;0;100,00;1;0;2025-05-03T11:56:44+00:00;2025-05-03T11:56:44+00:00;https://www.openstreetmap.org/user/Canacci
786;21280948;MenteVagante;1;1;0;100,00;0;1;2026-07-20T06:11:27+00:00;2026-07-20T06:11:27+00:00;https://www.openstreetmap.org/user/MenteVagante
787;21308641;KernicDE;1;1;0;100,00;0;1;2026-08-27T10:45:22+00:00;2026-08-27T10:45:22+00:00;https://www.openstreetmap.org/user/KernicDE
788;21381606;Zeno Astolfi;1;83;82;1,20;1;0;2025-08-17T14:22:06+00:00;2025-08-17T14:22:06+00:00;https://www.openstreetmap.org/user/Zeno%20Astolfi
789;21484107;Palaress;1;6;5;16,67;0;1;2026-06-04T17:42:48+00:00;2026-06-04T17:42:48+00:00;https://www.openstreetmap.org/user/Palaress
790;21555751;FroschForscher;1;6552;6551;0,02;0;1;2026-04-12T11:39:09+00:00;2026-04-12T11:39:09+00:00;https://www.openstreetmap.org/user/FroschForscher
791;21570305;BlauerRothirsch;1;3783;3782;0,03;1;0;2025-08-17T12:53:54+00:00;2025-08-17T12:53:54+00:00;https://www.openstreetmap.org/user/BlauerRothirsch
792;21624939;Alessio Curzel AC;1;62;61;1,61;0;1;2026-02-02T10:37:01+00:00;2026-02-02T10:37:01+00:00;https://www.openstreetmap.org/user/Alessio%20Curzel%20AC
793;21643154;sw_uwu;1;453;452;0,22;1;0;2025-01-06T13:17:21+00:00;2025-01-06T13:17:21+00:00;https://www.openstreetmap.org/user/sw_uwu
794;21657267;catgirlseraid;1;20864;20863;0,00;1;0;2025-04-27T08:07:32+00:00;2025-04-27T08:07:32+00:00;https://www.openstreetmap.org/user/catgirlseraid
795;21716093;Konny Ponny;1;7;6;14,29;1;0;2025-05-21T06:48:50+00:00;2025-05-21T06:48:50+00:00;https://www.openstreetmap.org/user/Konny%20Ponny
796;21721774;AlbyF90;1;1;0;100,00;1;0;2025-06-24T08:32:45+00:00;2025-06-24T08:32:45+00:00;https://www.openstreetmap.org/user/AlbyF90
797;21810832;Pieve San Biagio Appartamenti;1;1;0;100,00;1;0;2025-12-11T10:13:44+00:00;2025-12-11T10:13:44+00:00;https://www.openstreetmap.org/user/Pieve%20San%20Biagio%20Appartamenti
798;21887990;giulio_g;1;383;382;0,26;0;1;2026-02-25T07:51:45+00:00;2026-02-25T07:51:45+00:00;https://www.openstreetmap.org/user/giulio_g
799;21987794;Pipof069;1;30;29;3,33;1;0;2025-06-25T14:51:02+00:00;2025-06-25T14:51:02+00:00;https://www.openstreetmap.org/user/Pipof069
800;22006698;vitalihasalreadybeentaken;1;1;0;100,00;0;1;2026-06-04T20:58:33+00:00;2026-06-04T20:58:33+00:00;https://www.openstreetmap.org/user/vitalihasalreadybeentaken
801;22040473;Nico Vi;1;8;7;12,50;0;1;2026-08-15T18:00:24+00:00;2026-08-15T18:00:24+00:00;https://www.openstreetmap.org/user/Nico%20Vi
802;22068719;EvelinaGas;1;64;63;1,56;1;0;2025-08-27T06:42:07+00:00;2025-08-27T06:42:07+00:00;https://www.openstreetmap.org/user/EvelinaGas
803;22195032;MarcoCJesi;1;1;0;100,00;1;0;2025-05-21T08:57:05+00:00;2025-05-21T08:57:05+00:00;https://www.openstreetmap.org/user/MarcoCJesi
804;22199592;LucaStef;1;89;88;1,12;0;1;2026-05-09T13:51:57+00:00;2026-05-09T13:51:57+00:00;https://www.openstreetmap.org/user/LucaStef
805;22283373;Mattia Staffolani;1;1;0;100,00;0;1;2026-05-02T12:11:56+00:00;2026-05-02T12:11:56+00:00;https://www.openstreetmap.org/user/Mattia%20Staffolani
806;22328633;Igino59;1;1;0;100,00;1;0;2025-01-15T09:35:37+00:00;2025-01-15T09:35:37+00:00;https://www.openstreetmap.org/user/Igino59
807;22336433;LorenzoGentili126052;1;1;0;100,00;1;0;2025-01-24T11:18:03+00:00;2025-01-24T11:18:03+00:00;https://www.openstreetmap.org/user/LorenzoGentili126052
808;22399638;impresa edile G & L immobiliare srl;1;1;0;100,00;1;0;2025-01-19T10:17:37+00:00;2025-01-19T10:17:37+00:00;https://www.openstreetmap.org/user/impresa%20edile%20G%20%26%20L%20immobiliare%20srl
809;22415402;Lawrence d'Aniello;1;14;13;7,14;1;0;2025-01-23T14:45:52+00:00;2025-01-23T14:45:52+00:00;https://www.openstreetmap.org/user/Lawrence%20d%27Aniello
810;22422854;AF Brand Design;1;1;0;100,00;1;0;2025-01-25T10:04:01+00:00;2025-01-25T10:04:01+00:00;https://www.openstreetmap.org/user/AF%20Brand%20Design
811;22440319;PMT SRLS;1;2;1;50,00;1;0;2025-01-30T00:31:48+00:00;2025-01-30T00:31:48+00:00;https://www.openstreetmap.org/user/PMT%20SRLS
812;22476595;Maddy16869;1;14;13;7,14;1;0;2025-02-08T20:30:31+00:00;2025-02-08T20:30:31+00:00;https://www.openstreetmap.org/user/Maddy16869
813;22487744;Giancarlo Agostini;1;1;0;100,00;1;0;2025-03-29T15:46:35+00:00;2025-03-29T15:46:35+00:00;https://www.openstreetmap.org/user/Giancarlo%20Agostini
814;22582709;gabripey;1;301;300;0,33;1;0;2025-06-17T13:00:51+00:00;2025-06-17T13:00:51+00:00;https://www.openstreetmap.org/user/gabripey
815;22639481;openaudio_ITA;1;1;0;100,00;1;0;2025-03-17T09:06:56+00:00;2025-03-17T09:06:56+00:00;https://www.openstreetmap.org/user/openaudio_ITA
816;22661481;Alberto Franceschetti;1;1;0;100,00;1;0;2025-03-22T17:07:36+00:00;2025-03-22T17:07:36+00:00;https://www.openstreetmap.org/user/Alberto%20Franceschetti
817;22709556;gitvanni;1;1;0;100,00;1;0;2025-04-10T13:34:16+00:00;2025-04-10T13:34:16+00:00;https://www.openstreetmap.org/user/gitvanni
818;22711707;sindbad_05;1;1;0;100,00;1;0;2025-11-29T18:20:23+00:00;2025-11-29T18:20:23+00:00;https://www.openstreetmap.org/user/sindbad_05
819;22732227;TanLoc Nguyen;1;1;0;100,00;1;0;2025-04-10T12:38:32+00:00;2025-04-10T12:38:32+00:00;https://www.openstreetmap.org/user/TanLoc%20Nguyen
820;22732623;gitvanni99;1;1;0;100,00;1;0;2025-04-10T12:38:35+00:00;2025-04-10T12:38:35+00:00;https://www.openstreetmap.org/user/gitvanni99
821;22733997;Buithuyngoc;1;1;0;100,00;1;0;2025-04-10T13:57:41+00:00;2025-04-10T13:57:41+00:00;https://www.openstreetmap.org/user/Buithuyngoc
822;22757195;Riviera Immobiliare;1;1;0;100,00;1;0;2025-04-13T19:22:52+00:00;2025-04-13T19:22:52+00:00;https://www.openstreetmap.org/user/Riviera%20Immobiliare
823;22767399;Looorenzo;1;1;0;100,00;1;0;2025-04-14T21:12:27+00:00;2025-04-14T21:12:27+00:00;https://www.openstreetmap.org/user/Looorenzo
824;22861828;Raf332;1;1;0;100,00;1;0;2025-05-04T13:49:53+00:00;2025-05-04T13:49:53+00:00;https://www.openstreetmap.org/user/Raf332
825;22886327;koeleco;1;1;0;100,00;1;0;2025-08-12T16:08:53+00:00;2025-08-12T16:08:53+00:00;https://www.openstreetmap.org/user/koeleco
826;22897696;jokr192;1;27;26;3,70;1;0;2025-05-16T14:42:42+00:00;2025-05-16T14:42:42+00:00;https://www.openstreetmap.org/user/jokr192
827;22919632;matteobott;1;2827;2826;0,04;0;1;2026-05-31T10:43:11+00:00;2026-05-31T10:43:11+00:00;https://www.openstreetmap.org/user/matteobott
828;23009424;Susy98!;1;1;0;100,00;1;0;2025-06-16T20:54:28+00:00;2025-06-16T20:54:28+00:00;https://www.openstreetmap.org/user/Susy98%21
829;23062974;Riccardo Barba;1;1;0;100,00;1;0;2025-07-03T12:23:43+00:00;2025-07-03T12:23:43+00:00;https://www.openstreetmap.org/user/Riccardo%20Barba
830;23122619;TheDoc00;1;1;0;100,00;1;0;2025-07-23T14:41:35+00:00;2025-07-23T14:41:35+00:00;https://www.openstreetmap.org/user/TheDoc00
831;23146570;guerrillamaps;1;1;0;100,00;1;0;2025-07-31T13:31:17+00:00;2025-07-31T13:31:17+00:00;https://www.openstreetmap.org/user/guerrillamaps
832;23163452;Rmancio;1;1;0;100,00;1;0;2025-08-05T20:43:18+00:00;2025-08-05T20:43:18+00:00;https://www.openstreetmap.org/user/Rmancio
833;23178216;Riccardo Tesei;1;1;0;100,00;1;0;2025-08-10T23:09:06+00:00;2025-08-10T23:09:06+00:00;https://www.openstreetmap.org/user/Riccardo%20Tesei
834;23183273;WaterFinderOrg;1;153;152;0,65;0;1;2026-06-17T12:38:31+00:00;2026-06-17T12:38:31+00:00;https://www.openstreetmap.org/user/WaterFinderOrg
835;23184914;Lollooooo;1;1;0;100,00;1;0;2025-08-12T21:24:23+00:00;2025-08-12T21:24:23+00:00;https://www.openstreetmap.org/user/Lollooooo
836;23199478;czdawes;1;2166;2165;0,05;0;1;2026-04-23T13:28:33+00:00;2026-04-23T13:28:33+00:00;https://www.openstreetmap.org/user/czdawes
837;23215874;ev290802;1;73;72;1,37;1;0;2025-08-23T11:48:32+00:00;2025-08-23T11:48:32+00:00;https://www.openstreetmap.org/user/ev290802
838;23254293;Fisioterapia Persona Trainer Fisioestetica;1;1;0;100,00;1;0;2025-09-03T18:24:57+00:00;2025-09-03T18:24:57+00:00;https://www.openstreetmap.org/user/Fisioterapia%20Persona%20Trainer%20Fisioestetica
839;23279492;GiacomoN;1;1;0;100,00;1;0;2025-09-10T22:37:07+00:00;2025-09-10T22:37:07+00:00;https://www.openstreetmap.org/user/GiacomoN
840;23280973;Assicurazioni Pavoni;1;1;0;100,00;1;0;2025-09-11T09:21:33+00:00;2025-09-11T09:21:33+00:00;https://www.openstreetmap.org/user/Assicurazioni%20Pavoni
841;23283321;lalo cura;1;1;0;100,00;1;0;2025-09-11T22:53:52+00:00;2025-09-11T22:53:52+00:00;https://www.openstreetmap.org/user/lalo%20cura
842;23286435;osmJack;1;1;0;100,00;1;0;2025-09-12T20:33:14+00:00;2025-09-12T20:33:14+00:00;https://www.openstreetmap.org/user/osmJack
843;23286734;Asgdflfòsagafàdn76@;1;1;0;100,00;1;0;2025-09-12T23:38:20+00:00;2025-09-12T23:38:20+00:00;https://www.openstreetmap.org/user/Asgdflf%C3%B2sagaf%C3%A0dn76%40
844;23299822;Skizzo1;1;1;0;100,00;1;0;2025-10-16T17:40:13+00:00;2025-10-16T17:40:13+00:00;https://www.openstreetmap.org/user/Skizzo1
845;23309598;Aemme Studio Danza;1;1;0;100,00;1;0;2025-09-19T13:36:18+00:00;2025-09-19T13:36:18+00:00;https://www.openstreetmap.org/user/Aemme%20Studio%20Danza
846;23329798;G4briell0;1;1;0;100,00;1;0;2025-09-25T08:10:47+00:00;2025-09-25T08:10:47+00:00;https://www.openstreetmap.org/user/G4briell0
847;23332141;napy84;1;1;0;100,00;1;0;2025-09-25T20:10:24+00:00;2025-09-25T20:10:24+00:00;https://www.openstreetmap.org/user/napy84
848;23351425;_Tommaso__;1;1;0;100,00;1;0;2025-10-01T15:24:17+00:00;2025-10-01T15:24:17+00:00;https://www.openstreetmap.org/user/_Tommaso__
849;23372016;orto75;1;1;0;100,00;1;0;2025-10-07T17:01:47+00:00;2025-10-07T17:01:47+00:00;https://www.openstreetmap.org/user/orto75
850;23410949;_riccardo_;1;1;0;100,00;1;0;2025-10-20T15:43:17+00:00;2025-10-20T15:43:17+00:00;https://www.openstreetmap.org/user/_riccardo_
851;23433221;123Wes;1;2;1;50,00;0;1;2026-08-16T05:29:13+00:00;2026-08-16T05:29:13+00:00;https://www.openstreetmap.org/user/123Wes
852;23436351;RonkPorty;1;1;0;100,00;1;0;2025-10-26T07:20:48+00:00;2025-10-26T07:20:48+00:00;https://www.openstreetmap.org/user/RonkPorty
853;23444715;DianelAgo;1;1;0;100,00;1;0;2025-10-28T12:18:02+00:00;2025-10-28T12:18:02+00:00;https://www.openstreetmap.org/user/DianelAgo
854;23479994;flavio_gerosa;1;1;0;100,00;1;0;2025-11-07T09:58:50+00:00;2025-11-07T09:58:50+00:00;https://www.openstreetmap.org/user/flavio_gerosa
855;23487403;Jack Holle;1;34;33;2,94;0;1;2026-06-28T08:22:03+00:00;2026-06-28T08:22:03+00:00;https://www.openstreetmap.org/user/Jack%20Holle
856;23489020;KANYANO EXPERIENCE;1;1;0;100,00;1;0;2025-11-10T10:36:09+00:00;2025-11-10T10:36:09+00:00;https://www.openstreetmap.org/user/KANYANO%20EXPERIENCE
857;23498516;Sergio MBX;1;1;0;100,00;1;0;2025-11-12T16:52:26+00:00;2025-11-12T16:52:26+00:00;https://www.openstreetmap.org/user/Sergio%20MBX
858;23510122;Tofana77;1;2;1;50,00;1;0;2025-11-15T21:42:57+00:00;2025-11-15T21:42:57+00:00;https://www.openstreetmap.org/user/Tofana77
859;23548816;Le25emeTheo;1;1;0;100,00;1;0;2025-11-26T10:09:19+00:00;2025-11-26T10:09:19+00:00;https://www.openstreetmap.org/user/Le25emeTheo
860;23550737;_John_Doe_;1;664;663;0,15;0;1;2026-04-10T13:29:02+00:00;2026-04-10T13:29:02+00:00;https://www.openstreetmap.org/user/_John_Doe_
861;23566701;Usually Kyle;1;1;0;100,00;0;1;2026-03-21T17:35:50+00:00;2026-03-21T17:35:50+00:00;https://www.openstreetmap.org/user/Usually%20Kyle
862;23582635;RicPic web solutions;1;1;0;100,00;1;0;2025-12-19T15:26:08+00:00;2025-12-19T15:26:08+00:00;https://www.openstreetmap.org/user/RicPic%20web%20solutions
863;23590927;Tibo78;1;1;0;100,00;1;0;2025-12-08T11:31:15+00:00;2025-12-08T11:31:15+00:00;https://www.openstreetmap.org/user/Tibo78
864;23594736;GeorgiSh;1;897;896;0,11;0;1;2026-05-21T08:31:22+00:00;2026-05-21T08:31:22+00:00;https://www.openstreetmap.org/user/GeorgiSh
865;23601792;dima monsky;1;1851;1850;0,05;0;1;2026-01-24T20:22:15+00:00;2026-01-24T20:22:15+00:00;https://www.openstreetmap.org/user/dima%20monsky
866;23622768;dedoxxx91;1;1;0;100,00;1;0;2025-12-17T14:18:58+00:00;2025-12-17T14:18:58+00:00;https://www.openstreetmap.org/user/dedoxxx91
867;23676182;Manuel Verrecchia;1;1;0;100,00;0;1;2026-01-05T18:55:08+00:00;2026-01-05T18:55:08+00:00;https://www.openstreetmap.org/user/Manuel%20Verrecchia
868;23682920;Bloomest Lavanderia Self Service Filottrano;1;1;0;100,00;0;1;2026-01-07T12:28:55+00:00;2026-01-07T12:28:55+00:00;https://www.openstreetmap.org/user/Bloomest%20Lavanderia%20Self%20Service%20Filottrano
869;23700315;AndreiTsimafeyeu;1;1244;1243;0,08;0;1;2026-09-11T04:23:51+00:00;2026-09-11T04:23:51+00:00;https://www.openstreetmap.org/user/AndreiTsimafeyeu
870;23713095;Federica Clare;1;1;0;100,00;0;1;2026-01-15T15:19:40+00:00;2026-01-15T15:19:40+00:00;https://www.openstreetmap.org/user/Federica%20Clare
871;23719512;marco_colombera;1;1;0;100,00;0;1;2026-01-17T10:08:02+00:00;2026-01-17T10:08:02+00:00;https://www.openstreetmap.org/user/marco_colombera
872;23767861;Ortopedia Panichelli;1;1;0;100,00;0;1;2026-01-29T22:42:28+00:00;2026-01-29T22:42:28+00:00;https://www.openstreetmap.org/user/Ortopedia%20Panichelli
873;23792263;Pannon Pilgrim;1;13;12;7,69;0;1;2026-04-29T15:08:59+00:00;2026-04-29T15:08:59+00:00;https://www.openstreetmap.org/user/Pannon%20Pilgrim
874;23806966;4D_Service;1;1;0;100,00;0;1;2026-02-09T18:25:44+00:00;2026-02-09T18:25:44+00:00;https://www.openstreetmap.org/user/4D_Service
875;23830433;vitaliebasta;1;2;1;50,00;0;1;2026-09-19T18:56:42+00:00;2026-09-19T18:56:42+00:00;https://www.openstreetmap.org/user/vitaliebasta
876;23878005;DavR123;1;16;15;6,25;0;1;2026-05-01T20:03:29+00:00;2026-05-01T20:03:29+00:00;https://www.openstreetmap.org/user/DavR123
877;23891171;Babuzzi;1;1;0;100,00;0;1;2026-03-03T00:59:27+00:00;2026-03-03T00:59:27+00:00;https://www.openstreetmap.org/user/Babuzzi
878;23908453;Danielejj;1;1;0;100,00;0;1;2026-03-06T16:59:42+00:00;2026-03-06T16:59:42+00:00;https://www.openstreetmap.org/user/Danielejj
879;23950205;Valelli;1;32;31;3,12;0;1;2026-05-04T21:49:46+00:00;2026-05-04T21:49:46+00:00;https://www.openstreetmap.org/user/Valelli
880;23962762;EditorFromItaly;1;626;625;0,16;0;1;2026-05-17T19:10:49+00:00;2026-05-17T19:10:49+00:00;https://www.openstreetmap.org/user/EditorFromItaly
881;23969990;Ferro22;1;1;0;100,00;0;1;2026-03-23T21:48:00+00:00;2026-03-23T21:48:00+00:00;https://www.openstreetmap.org/user/Ferro22
882;23995134;ALBERTO_STREETMAP;1;1;0;100,00;0;1;2026-03-30T16:19:53+00:00;2026-03-30T16:19:53+00:00;https://www.openstreetmap.org/user/ALBERTO_STREETMAP
883;24018436;Il giardino degli incanti;1;1;0;100,00;0;1;2026-04-06T17:13:16+00:00;2026-04-06T17:13:16+00:00;https://www.openstreetmap.org/user/Il%20giardino%20degli%20incanti
884;24026674;marduck85;1;1;0;100,00;0;1;2026-04-09T08:04:32+00:00;2026-04-09T08:04:32+00:00;https://www.openstreetmap.org/user/marduck85
885;24046934;giacomotonelli;1;2;1;50,00;0;1;2026-04-15T21:46:18+00:00;2026-04-15T21:46:18+00:00;https://www.openstreetmap.org/user/giacomotonelli
886;24055961;evyy;1;1787;1786;0,06;0;1;2026-08-27T19:19:34+00:00;2026-08-27T19:19:34+00:00;https://www.openstreetmap.org/user/evyy
887;24061814;Azzurracala;1;1;0;100,00;0;1;2026-04-20T20:38:54+00:00;2026-04-20T20:38:54+00:00;https://www.openstreetmap.org/user/Azzurracala
888;24073385;Teo Joelle;1;2;1;50,00;0;1;2026-04-24T14:52:30+00:00;2026-04-24T14:52:30+00:00;https://www.openstreetmap.org/user/Teo%20Joelle
889;24108586;Kwatera;1;1;0;100,00;0;1;2026-05-07T12:30:49+00:00;2026-05-07T12:30:49+00:00;https://www.openstreetmap.org/user/Kwatera
890;24108620;FranciViz;1;1;0;100,00;0;1;2026-05-07T12:30:41+00:00;2026-05-07T12:30:41+00:00;https://www.openstreetmap.org/user/FranciViz
891;24148063;davicpm;1;1;0;100,00;0;1;2026-05-21T19:58:36+00:00;2026-05-21T19:58:36+00:00;https://www.openstreetmap.org/user/davicpm
892;24152812;Fedepac97;1;2;1;50,00;0;1;2026-05-23T16:47:38+00:00;2026-05-23T16:47:38+00:00;https://www.openstreetmap.org/user/Fedepac97
893;24153327;L'Autostazione || Bar Ristorante Pizzeria;1;1;0;100,00;0;1;2026-05-23T22:18:50+00:00;2026-05-23T22:18:50+00:00;https://www.openstreetmap.org/user/L%27Autostazione%20%7C%7C%20Bar%20Ristorante%20Pizzeria
894;24154878;Marco Bonin;1;1;0;100,00;0;1;2026-07-25T07:29:31+00:00;2026-07-25T07:29:31+00:00;https://www.openstreetmap.org/user/Marco%20Bonin
895;24161882;lilgas17;1;1;0;100,00;0;1;2026-05-27T09:57:10+00:00;2026-05-27T09:57:10+00:00;https://www.openstreetmap.org/user/lilgas17
896;24203749;Aletzi;1;1;0;100,00;0;1;2026-08-07T18:36:33+00:00;2026-08-07T18:36:33+00:00;https://www.openstreetmap.org/user/Aletzi
897;24208798;esnho esnho;1;14;13;7,14;0;1;2026-06-12T19:20:06+00:00;2026-06-12T19:20:06+00:00;https://www.openstreetmap.org/user/esnho%20esnho
898;24224823;Melania Fattorini;1;1;0;100,00;0;1;2026-06-17T10:51:24+00:00;2026-06-17T10:51:24+00:00;https://www.openstreetmap.org/user/Melania%20Fattorini
899;24257681;danytone;1;1;0;100,00;0;1;2026-06-27T18:42:15+00:00;2026-06-27T18:42:15+00:00;https://www.openstreetmap.org/user/danytone
900;24261862;ltcars27;1;1778;1777;0,06;0;1;2026-08-19T17:44:18+00:00;2026-08-19T17:44:18+00:00;https://www.openstreetmap.org/user/ltcars27
901;24294308;Claudioo803;1;1;0;100,00;0;1;2026-07-19T15:42:18+00:00;2026-07-19T15:42:18+00:00;https://www.openstreetmap.org/user/Claudioo803
902;24351789;Urbino Center Suites;1;1;0;100,00;0;1;2026-07-26T10:50:41+00:00;2026-07-26T10:50:41+00:00;https://www.openstreetmap.org/user/Urbino%20Center%20Suites
903;24368971;Takasss;1;1;0;100,00;0;1;2026-07-30T20:32:44+00:00;2026-07-30T20:32:44+00:00;https://www.openstreetmap.org/user/Takasss
904;24411557;StuartInItaly;1;1;0;100,00;0;1;2026-08-12T09:40:15+00:00;2026-08-12T09:40:15+00:00;https://www.openstreetmap.org/user/StuartInItaly
905;24411679;namecoder1;1;1;0;100,00;0;1;2026-08-12T10:19:02+00:00;2026-08-12T10:19:02+00:00;https://www.openstreetmap.org/user/namecoder1
906;24476404;marcoszoe;1;3;2;33,33;0;1;2026-08-27T12:15:18+00:00;2026-08-27T12:15:18+00:00;https://www.openstreetmap.org/user/marcoszoe
907;24493727;gioz93;1;33;32;3,03;0;1;2026-08-31T12:02:44+00:00;2026-08-31T12:02:44+00:00;https://www.openstreetmap.org/user/gioz93
908;24545251;gUEDDAFI;1;1;0;100,00;0;1;2026-09-12T09:35:03+00:00;2026-09-12T09:35:03+00:00;https://www.openstreetmap.org/user/gUEDDAFI
909;24549112;JasDa;1;1;0;100,00;0;1;2026-09-15T16:02:25+00:00;2026-09-15T16:02:25+00:00;https://www.openstreetmap.org/user/JasDa
910;24570752;Raphsn;1;1;0;100,00;0;1;2026-09-19T11:34:23+00:00;2026-09-19T11:34:23+00:00;https://www.openstreetmap.org/user/Raphsn
911;24596303;buitree;1;1;0;100,00;0;1;2026-09-26T16:45:15+00:00;2026-09-26T16:45:15+00:00;https://www.openstreetmap.org/user/buitree
912;24598293;dejack;1;2;1;50,00;0;1;2026-09-27T11:11:52+00:00;2026-09-27T11:11:52+00:00;https://www.openstreetmap.org/user/dejack
913;24599561;Luigi Bertozzi;1;1;0;100,00;0;1;2026-09-27T18:36:34+00:00;2026-09-27T18:36:34+00:00;https://www.openstreetmap.org/user/Luigi%20Bertozzi
