posizione;uid;user;changesets;2016;2017;2018;2019;2020;2021;2022;2023;2024;2025;2026;prima_attivita;ultima_attivita;profilo_osm
1;123412;totera;18679;107;308;585;845;741;2831;1858;2639;4081;2726;1958;2016-01-02T00:06:31+00:00;2026-09-27T22:22:15+00:00;https://www.openstreetmap.org/user/totera
2;4188272;dp7;12372;2;0;0;0;518;560;1002;1066;1793;3883;3548;2016-06-29T16:17:53+00:00;2026-09-27T15:22:02+00:00;https://www.openstreetmap.org/user/dp7
3;160229;sorcrosc;7295;582;801;885;703;691;1054;1028;888;283;306;74;2016-01-07T23:40:35+00:00;2026-09-12T13:28:10+00:00;https://www.openstreetmap.org/user/sorcrosc
4;8716397;f_gonella;4921;0;0;0;0;0;0;0;101;816;2207;1797;2023-03-08T14:47:24+00:00;2026-09-27T04:55:49+00:00;https://www.openstreetmap.org/user/f_gonella
5;7562272;Riccardo Pastocchi;3190;0;0;1106;380;555;310;302;197;176;133;31;2018-02-02T18:59:04+00:00;2026-09-26T00:05:34+00:00;https://www.openstreetmap.org/user/Riccardo%20Pastocchi
6;179966;jeawrong;3138;70;165;477;462;316;343;599;254;82;295;75;2016-01-11T20:50:01+00:00;2026-09-25T16:52:32+00:00;https://www.openstreetmap.org/user/jeawrong
7;11734328;dambuster80;2895;0;0;0;0;12;1;0;0;1992;818;72;2020-08-30T18:37:50+00:00;2026-09-09T15:13:04+00:00;https://www.openstreetmap.org/user/dambuster80
8;2352517;carths81;2767;114;2459;165;17;6;6;0;0;0;0;0;2016-12-16T10:51:38+00:00;2021-10-08T20:32:45+00:00;https://www.openstreetmap.org/user/carths81
9;393359;Robot8A;2094;0;0;0;0;0;0;0;604;528;460;502;2023-03-19T21:35:19+00:00;2026-09-26T11:46:24+00:00;https://www.openstreetmap.org/user/Robot8A
10;9242926;Marche Rebirth;1536;0;0;0;0;1476;0;60;0;0;0;0;2020-03-16T18:09:33+00:00;2022-04-18T20:40:42+00:00;https://www.openstreetmap.org/user/Marche%20Rebirth
11;14617702;Đuro Jiří;1367;0;0;0;0;0;0;827;451;14;70;5;2022-02-08T18:48:16+00:00;2026-03-26T15:54:49+00:00;https://www.openstreetmap.org/user/%C4%90uro%20Ji%C5%99%C3%AD
12;9660877;Neonkaaaaa;1279;0;0;0;0;0;0;0;0;0;631;648;2025-02-14T08:24:20+00:00;2026-09-26T15:58:18+00:00;https://www.openstreetmap.org/user/Neonkaaaaa
13;133076;Galessandroni;1255;0;1;0;0;14;503;106;120;56;162;293;2017-02-07T07:42:36+00:00;2026-09-18T12:05:24+00:00;https://www.openstreetmap.org/user/Galessandroni
14;21490170;evilworld;1188;0;0;0;0;0;0;0;0;981;161;46;2024-05-13T15:04:41+00:00;2026-09-01T01:03:00+00:00;https://www.openstreetmap.org/user/evilworld
15;14976718;Mapper56K;1039;0;0;0;0;0;0;546;142;140;159;52;2022-01-31T10:26:05+00:00;2026-09-27T20:57:19+00:00;https://www.openstreetmap.org/user/Mapper56K
16;1914637;a1ca424;1029;0;0;0;0;0;0;12;33;681;141;162;2022-05-06T19:40:55+00:00;2026-09-23T07:34:36+00:00;https://www.openstreetmap.org/user/a1ca424
17;4079629;StpnGeorg;1021;0;6;2;0;0;2;406;492;113;0;0;2017-09-07T11:13:14+00:00;2024-08-23T09:58:31+00:00;https://www.openstreetmap.org/user/StpnGeorg
18;21229894;fvgm;921;0;0;0;0;0;0;0;0;454;421;46;2024-03-22T20:35:18+00:00;2026-09-27T16:25:47+00:00;https://www.openstreetmap.org/user/fvgm
19;19710820;Explorer0999;891;0;0;0;0;0;0;0;106;29;470;286;2023-06-28T18:55:16+00:00;2026-09-19T12:51:08+00:00;https://www.openstreetmap.org/user/Explorer0999
20;2297726;NCarlo;781;121;352;151;7;91;18;6;21;12;2;0;2016-01-02T16:26:14+00:00;2025-12-08T15:40:39+00:00;https://www.openstreetmap.org/user/NCarlo
21;16035231;Aluminum0173;746;0;0;0;0;0;0;0;545;106;86;9;2023-09-13T07:13:51+00:00;2026-09-14T06:18:58+00:00;https://www.openstreetmap.org/user/Aluminum0173
22;3151555;Dino Michelini;736;230;14;33;171;44;129;56;6;51;2;0;2016-01-05T11:39:18+00:00;2025-04-15T08:15:49+00:00;https://www.openstreetmap.org/user/Dino%20Michelini
23;9925732;Flight777;669;0;0;0;0;0;0;645;0;19;4;1;2022-03-15T11:13:17+00:00;2026-04-20T06:31:18+00:00;https://www.openstreetmap.org/user/Flight777
24;13328146;Maloss34;664;0;0;0;0;0;216;129;161;78;40;40;2021-05-14T18:23:01+00:00;2026-09-05T17:55:45+00:00;https://www.openstreetmap.org/user/Maloss34
25;20532236;Mauro78;634;0;0;0;0;0;0;0;364;201;51;18;2023-11-06T11:13:22+00:00;2026-05-15T11:23:20+00:00;https://www.openstreetmap.org/user/Mauro78
26;14257573;toponomastica_comune_arenzano;629;0;0;0;0;0;0;336;9;138;109;37;2022-08-09T03:44:40+00:00;2026-09-25T17:32:36+00:00;https://www.openstreetmap.org/user/toponomastica_comune_arenzano
27;3240268;Max Ciaone;579;3;0;0;0;0;154;0;56;3;362;1;2016-02-24T16:34:35+00:00;2026-05-15T17:40:15+00:00;https://www.openstreetmap.org/user/Max%20Ciaone
28;8608593;cla88;546;0;0;244;58;3;2;0;1;60;117;61;2018-07-27T11:44:57+00:00;2026-09-27T15:38:41+00:00;https://www.openstreetmap.org/user/cla88
29;65798;Mich74;510;201;0;14;0;0;0;295;0;0;0;0;2016-08-26T15:35:30+00:00;2022-10-21T15:09:53+00:00;https://www.openstreetmap.org/user/Mich74
30;5328797;LorenzoPesci;486;0;21;11;11;11;17;15;40;108;106;146;2017-08-08T09:58:31+00:00;2026-09-17T10:02:16+00:00;https://www.openstreetmap.org/user/LorenzoPesci
31;4365159;wildmaps;474;0;0;0;0;0;0;0;0;1;0;473;2024-12-18T01:00:55+00:00;2026-09-10T16:47:30+00:00;https://www.openstreetmap.org/user/wildmaps
32;371415;at1839;464;0;0;0;6;48;64;148;8;137;44;9;2019-10-12T09:19:30+00:00;2026-09-23T15:44:54+00:00;https://www.openstreetmap.org/user/at1839
33;5891;Accurimbono;419;141;27;11;0;11;95;33;6;34;37;24;2016-01-07T10:37:24+00:00;2026-08-14T12:52:42+00:00;https://www.openstreetmap.org/user/Accurimbono
34;271894;Marco Barbieri70;402;0;1;0;1;0;0;0;241;97;62;0;2017-07-21T15:08:37+00:00;2025-03-22T14:00:42+00:00;https://www.openstreetmap.org/user/Marco%20Barbieri70
35;9451067;b-jazz-bot;393;0;0;0;12;13;14;2;313;13;15;11;2019-03-20T11:13:14+00:00;2026-08-13T11:37:56+00:00;https://www.openstreetmap.org/user/b-jazz-bot
36;20158959;Pietro395;390;0;0;0;0;0;0;0;224;135;31;0;2023-09-02T15:09:52+00:00;2025-10-11T12:21:30+00:00;https://www.openstreetmap.org/user/Pietro395
37;23662238;storti d;379;0;0;0;0;0;0;0;0;0;27;352;2025-12-31T14:58:23+00:00;2026-07-25T15:59:24+00:00;https://www.openstreetmap.org/user/storti%20d
38;3215770;Andrea Del Sarto;364;0;0;8;1;10;54;66;43;85;86;11;2018-04-20T22:09:29+00:00;2026-05-14T20:23:02+00:00;https://www.openstreetmap.org/user/Andrea%20Del%20Sarto
39;4982323;de_sphaera;363;27;223;13;43;52;5;0;0;0;0;0;2016-12-17T14:00:03+00:00;2021-06-29T09:51:02+00:00;https://www.openstreetmap.org/user/de_sphaera
40;464509;soflor;361;3;34;5;1;36;8;0;0;0;9;265;2016-11-07T16:53:49+00:00;2026-09-25T12:37:19+00:00;https://www.openstreetmap.org/user/soflor
41;11206869;GianniBritti;359;0;0;0;0;22;0;130;206;1;0;0;2020-05-19T12:35:01+00:00;2024-04-23T13:35:33+00:00;https://www.openstreetmap.org/user/GianniBritti
42;17539192;Matty88A;359;0;0;0;0;0;0;71;121;56;81;30;2022-10-31T08:59:25+00:00;2026-09-13T14:35:38+00:00;https://www.openstreetmap.org/user/Matty88A
43;14055316;llamborda;355;0;0;0;0;0;0;70;58;197;25;5;2022-01-01T12:56:11+00:00;2026-08-29T21:35:48+00:00;https://www.openstreetmap.org/user/llamborda
44;686226;CAI-AP;352;0;0;0;0;0;1;0;0;94;236;21;2021-05-04T16:54:44+00:00;2026-04-06T15:08:27+00:00;https://www.openstreetmap.org/user/CAI-AP
45;21796089;Curculion;348;0;0;0;0;0;0;0;0;0;179;169;2025-07-06T12:38:47+00:00;2026-05-23T04:24:06+00:00;https://www.openstreetmap.org/user/Curculion
46;1940323;SekeRob;343;0;0;0;0;11;45;57;41;24;121;44;2020-12-27T13:51:54+00:00;2026-07-14T06:38:26+00:00;https://www.openstreetmap.org/user/SekeRob
47;1723480;lisetta0522;333;33;300;0;0;0;0;0;0;0;0;0;2016-11-23T15:02:21+00:00;2017-02-15T20:56:57+00:00;https://www.openstreetmap.org/user/lisetta0522
48;10124288;damianeue;328;0;0;0;9;13;14;54;83;23;103;29;2019-07-25T08:38:56+00:00;2026-09-08T12:55:02+00:00;https://www.openstreetmap.org/user/damianeue
49;3608135;Semilsent;324;190;21;9;36;8;2;1;12;0;1;44;2016-02-08T10:01:23+00:00;2026-04-20T09:20:25+00:00;https://www.openstreetmap.org/user/Semilsent
50;2566676;Carlo55;302;5;1;0;0;3;144;64;47;0;0;38;2016-06-08T20:12:18+00:00;2026-09-06T09:37:36+00:00;https://www.openstreetmap.org/user/Carlo55
51;13384;Sebastien Dinot;300;3;1;15;1;3;0;156;18;51;27;25;2016-07-17T09:18:59+00:00;2026-07-21T16:56:58+00:00;https://www.openstreetmap.org/user/Sebastien%20Dinot
52;124550;bvivi;298;77;11;10;8;0;192;0;0;0;0;0;2016-01-19T11:10:23+00:00;2021-12-20T11:35:49+00:00;https://www.openstreetmap.org/user/bvivi
53;1069176;landfahrer;293;79;204;0;0;0;10;0;0;0;0;0;2016-01-22T18:30:52+00:00;2021-04-07T10:10:23+00:00;https://www.openstreetmap.org/user/landfahrer
54;13088903;FrancescoMaths;288;0;0;0;0;0;279;3;4;0;2;0;2021-04-15T20:22:10+00:00;2025-04-22T15:02:52+00:00;https://www.openstreetmap.org/user/FrancescoMaths
55;316164;rospus;268;194;23;0;2;7;5;0;37;0;0;0;2016-01-08T17:09:27+00:00;2023-06-26T12:12:31+00:00;https://www.openstreetmap.org/user/rospus
56;15541433;paulbrunner;268;0;0;0;0;0;0;175;0;23;70;0;2022-08-01T21:22:26+00:00;2025-09-30T21:07:33+00:00;https://www.openstreetmap.org/user/paulbrunner
57;13319670;RichardMacDuff;266;0;0;0;0;0;37;226;0;1;2;0;2021-10-31T11:15:47+00:00;2025-07-19T14:24:33+00:00;https://www.openstreetmap.org/user/RichardMacDuff
58;14777719;Susymala;261;0;0;0;0;0;0;19;14;94;65;69;2022-01-21T16:40:42+00:00;2026-09-22T15:21:22+00:00;https://www.openstreetmap.org/user/Susymala
59;10326831;Mauro Buscarini;257;0;0;0;13;75;29;57;17;17;32;17;2019-11-02T18:52:54+00:00;2026-09-14T09:20:53+00:00;https://www.openstreetmap.org/user/Mauro%20Buscarini
60;11976;Map47;248;0;0;1;6;2;16;5;35;49;90;44;2018-11-18T09:32:38+00:00;2026-09-05T09:46:31+00:00;https://www.openstreetmap.org/user/Map47
61;10477933;FinixFighter;247;0;0;0;3;72;48;17;76;20;6;5;2019-11-21T20:04:21+00:00;2026-09-01T18:19:33+00:00;https://www.openstreetmap.org/user/FinixFighter
62;11675346;Granodiorite;244;0;0;0;0;0;144;61;16;8;1;14;2021-02-14T10:44:36+00:00;2026-08-28T12:42:09+00:00;https://www.openstreetmap.org/user/Granodiorite
63;19981378;u1009;241;0;0;0;0;0;0;0;153;52;36;0;2023-07-25T16:59:18+00:00;2025-08-30T21:16:37+00:00;https://www.openstreetmap.org/user/u1009
64;501978;David Botta;239;24;14;1;1;2;0;18;55;124;0;0;2016-01-02T16:11:20+00:00;2024-07-08T17:30:14+00:00;https://www.openstreetmap.org/user/David%20Botta
65;11206543;Fronzi Matteo;236;0;0;0;0;81;23;34;21;44;33;0;2020-05-19T11:25:15+00:00;2025-12-15T00:09:47+00:00;https://www.openstreetmap.org/user/Fronzi%20Matteo
66;4249125;francesco vichi;229;3;0;61;2;30;23;11;73;4;14;8;2016-07-12T13:25:34+00:00;2026-03-06T11:27:18+00:00;https://www.openstreetmap.org/user/francesco%20vichi
67;13764458;alessandrovitali2021;228;0;0;0;0;0;110;94;24;0;0;0;2021-07-16T10:21:21+00:00;2023-10-25T21:25:33+00:00;https://www.openstreetmap.org/user/alessandrovitali2021
68;671009;etino;224;0;1;0;1;6;0;33;182;1;0;0;2017-01-05T10:36:38+00:00;2024-05-15T08:24:58+00:00;https://www.openstreetmap.org/user/etino
69;13840929;aa30mom;207;0;0;0;0;0;0;180;20;1;6;0;2022-09-02T15:15:38+00:00;2025-10-14T15:55:28+00:00;https://www.openstreetmap.org/user/aa30mom
70;10341131;Yacine Boussoufa;201;0;0;0;0;38;25;65;14;7;12;40;2020-06-04T20:18:34+00:00;2026-08-07T16:03:50+00:00;https://www.openstreetmap.org/user/Yacine%20Boussoufa
71;3059713;A S V;198;20;11;0;4;110;16;15;10;9;3;0;2016-02-17T14:26:44+00:00;2025-10-30T09:50:00+00:00;https://www.openstreetmap.org/user/A%20S%20V
72;10142223;Emabarto;198;0;0;0;0;0;0;0;0;0;59;139;2025-02-20T18:53:27+00:00;2026-05-01T09:51:02+00:00;https://www.openstreetmap.org/user/Emabarto
73;12176569;A_SP;196;0;0;0;0;102;67;14;0;5;7;1;2020-11-15T14:38:45+00:00;2026-01-26T23:37:31+00:00;https://www.openstreetmap.org/user/A_SP
74;26139;dieterdreist;189;0;0;0;0;0;0;0;0;187;2;0;2024-08-07T11:25:38+00:00;2025-02-13T19:10:51+00:00;https://www.openstreetmap.org/user/dieterdreist
75;2249955;bianchi1952;184;112;39;19;5;4;0;0;0;0;5;0;2016-04-14T21:05:30+00:00;2025-07-20T10:22:05+00:00;https://www.openstreetmap.org/user/bianchi1952
76;3396329;djsip;183;145;15;0;6;0;0;0;1;1;6;9;2016-01-22T14:42:47+00:00;2026-04-17T20:36:46+00:00;https://www.openstreetmap.org/user/djsip
77;103155;nilocram;179;0;0;0;0;0;65;0;0;0;78;36;2021-08-05T06:26:02+00:00;2026-08-22T18:04:45+00:00;https://www.openstreetmap.org/user/nilocram
78;175882;MarcoR;173;0;1;2;7;0;1;121;10;16;11;4;2017-04-28T20:07:47+00:00;2026-09-06T09:43:52+00:00;https://www.openstreetmap.org/user/MarcoR
79;7164028;elikasail;172;0;36;111;23;2;0;0;0;0;0;0;2017-12-06T14:05:37+00:00;2020-01-07T08:28:39+00:00;https://www.openstreetmap.org/user/elikasail
80;22927472;TBonanno;167;0;0;0;0;0;0;0;0;0;163;4;2025-05-22T12:59:44+00:00;2026-04-22T08:10:26+00:00;https://www.openstreetmap.org/user/TBonanno
81;51179;Samuele Battarra;165;15;13;16;14;2;5;6;28;8;13;45;2016-01-24T19:06:53+00:00;2026-09-20T19:42:19+00:00;https://www.openstreetmap.org/user/Samuele%20Battarra
82;475264;Camoscio Sibillini;163;0;0;0;0;0;0;0;1;0;55;107;2023-05-24T12:48:22+00:00;2026-09-24T04:50:52+00:00;https://www.openstreetmap.org/user/Camoscio%20Sibillini
83;13820426;Bruno Arina;163;0;0;0;0;0;0;2;1;98;56;6;2022-08-28T17:13:13+00:00;2026-09-24T13:18:29+00:00;https://www.openstreetmap.org/user/Bruno%20Arina
84;562239;gspinoza;162;14;12;11;26;46;33;9;11;0;0;0;2016-01-08T14:44:36+00:00;2023-08-07T12:18:47+00:00;https://www.openstreetmap.org/user/gspinoza
85;4463599;jamala1;159;142;17;0;0;0;0;0;0;0;0;0;2016-08-23T11:41:33+00:00;2017-09-06T09:47:18+00:00;https://www.openstreetmap.org/user/jamala1
86;1861652;mascalzone67;158;0;0;4;65;32;21;15;6;6;3;6;2018-05-05T06:20:39+00:00;2026-03-10T19:39:56+00:00;https://www.openstreetmap.org/user/mascalzone67
87;13608596;acifani;158;0;0;0;0;0;0;0;130;0;28;0;2023-09-01T08:20:40+00:00;2025-03-31T15:35:56+00:00;https://www.openstreetmap.org/user/acifani
88;109705;gscholz;156;0;2;1;0;1;1;34;38;27;39;13;2017-04-22T11:13:59+00:00;2026-09-05T07:14:20+00:00;https://www.openstreetmap.org/user/gscholz
89;1404750;Yiyi_;156;0;0;1;0;0;0;2;1;19;128;5;2018-07-21T13:11:26+00:00;2026-08-30T13:38:21+00:00;https://www.openstreetmap.org/user/Yiyi_
90;24247338;davide020382;155;0;0;0;0;0;0;0;0;0;0;155;2026-08-27T21:21:46+00:00;2026-08-31T19:58:08+00:00;https://www.openstreetmap.org/user/davide020382
91;474183;ratrun;154;28;23;28;14;7;10;15;6;4;14;5;2016-01-02T17:16:20+00:00;2026-08-28T11:56:00+00:00;https://www.openstreetmap.org/user/ratrun
92;10368945;Dom61;154;0;0;0;0;0;0;0;0;5;141;8;2024-11-20T21:05:33+00:00;2026-07-13T21:12:40+00:00;https://www.openstreetmap.org/user/Dom61
93;16207454;Redfriend;153;0;0;0;0;0;0;62;57;11;19;4;2022-06-25T18:58:51+00:00;2026-07-04T08:55:52+00:00;https://www.openstreetmap.org/user/Redfriend
94;19877818;photicsneeze;149;0;0;0;0;0;0;0;97;32;12;8;2023-07-15T23:54:56+00:00;2026-05-15T15:01:00+00:00;https://www.openstreetmap.org/user/photicsneeze
95;1287255;cxc;146;19;0;37;0;0;25;65;0;0;0;0;2016-08-28T06:44:09+00:00;2022-10-09T15:09:04+00:00;https://www.openstreetmap.org/user/cxc
96;9629381;Bruno3589;146;0;0;0;0;0;0;0;0;146;0;0;2024-08-16T14:21:37+00:00;2024-08-29T20:24:11+00:00;https://www.openstreetmap.org/user/Bruno3589
97;13591;lucadelu;143;31;0;0;108;0;0;0;0;0;4;0;2016-10-27T10:30:55+00:00;2025-09-24T07:39:50+00:00;https://www.openstreetmap.org/user/lucadelu
98;1875845;Valerio_Bozzolan;143;1;1;0;0;0;0;86;55;0;0;0;2016-10-29T14:55:16+00:00;2023-04-24T13:19:47+00:00;https://www.openstreetmap.org/user/Valerio_Bozzolan
99;1950277;Mannivu;142;0;0;0;0;17;12;18;7;19;65;4;2020-05-19T17:49:00+00:00;2026-07-22T20:34:56+00:00;https://www.openstreetmap.org/user/Mannivu
100;4571384;Free Mountain;142;0;0;0;0;75;61;3;0;0;0;3;2020-05-01T15:26:56+00:00;2026-07-15T08:24:29+00:00;https://www.openstreetmap.org/user/Free%20Mountain
101;16361248;Lellosvoice;140;0;0;0;0;0;0;7;2;97;34;0;2022-06-24T13:28:12+00:00;2025-10-13T12:55:04+00:00;https://www.openstreetmap.org/user/Lellosvoice
102;18687683;full_equinoxe;140;0;0;0;0;0;0;0;0;75;57;8;2024-09-08T15:09:27+00:00;2026-07-17T15:37:08+00:00;https://www.openstreetmap.org/user/full_equinoxe
103;3335899;GBAB;139;0;0;1;1;4;0;9;25;73;24;2;2018-10-12T10:00:28+00:00;2026-02-16T17:05:20+00:00;https://www.openstreetmap.org/user/GBAB
104;15146568;Marco Renzi 1976;139;0;0;0;0;0;0;136;3;0;0;0;2022-02-22T14:56:19+00:00;2023-04-12T15:09:18+00:00;https://www.openstreetmap.org/user/Marco%20Renzi%201976
105;7538356;ABOji;138;0;0;111;26;1;0;0;0;0;0;0;2018-01-28T09:29:46+00:00;2020-02-04T12:44:33+00:00;https://www.openstreetmap.org/user/ABOji
106;224342;mircozorzo;137;5;0;23;0;19;0;0;0;46;0;44;2016-08-24T16:02:30+00:00;2026-04-04T12:24:51+00:00;https://www.openstreetmap.org/user/mircozorzo
107;569741;emiliano-73-ancona;136;1;0;0;8;0;73;0;0;0;54;0;2016-08-24T08:15:08+00:00;2025-08-21T05:55:35+00:00;https://www.openstreetmap.org/user/emiliano-73-ancona
108;1971890;surftrader;136;6;2;1;0;46;14;54;9;4;0;0;2016-01-18T14:34:11+00:00;2024-02-26T11:20:03+00:00;https://www.openstreetmap.org/user/surftrader
109;20516205;oddradiocircles;134;0;0;0;0;0;0;0;0;61;73;0;2024-05-26T10:48:18+00:00;2025-12-26T09:24:07+00:00;https://www.openstreetmap.org/user/oddradiocircles
110;478872;mcheck;133;1;0;42;5;66;19;0;0;0;0;0;2016-11-04T13:20:50+00:00;2021-04-02T00:02:59+00:00;https://www.openstreetmap.org/user/mcheck
111;7127944;Qvalcvno;124;0;86;10;4;0;24;0;0;0;0;0;2017-12-01T22:47:25+00:00;2021-11-16T00:28:27+00:00;https://www.openstreetmap.org/user/Qvalcvno
112;20578352;olecky;124;0;0;0;0;0;0;0;0;0;0;124;2026-06-13T14:30:55+00:00;2026-07-04T06:27:56+00:00;https://www.openstreetmap.org/user/olecky
113;223093;geow;122;118;0;0;3;1;0;0;0;0;0;0;2016-02-14T23:27:09+00:00;2020-03-28T17:06:33+00:00;https://www.openstreetmap.org/user/geow
114;4780829;Pedisa;122;0;29;93;0;0;0;0;0;0;0;0;2017-08-26T20:10:03+00:00;2018-08-15T22:20:12+00:00;https://www.openstreetmap.org/user/Pedisa
115;2898171;GeoFrizz;121;52;55;0;0;0;0;14;0;0;0;0;2016-10-26T19:54:55+00:00;2022-09-18T14:53:38+00:00;https://www.openstreetmap.org/user/GeoFrizz
116;69259;DnaX;120;1;0;2;2;3;9;15;16;29;31;12;2016-02-03T15:59:36+00:00;2026-09-22T10:26:46+00:00;https://www.openstreetmap.org/user/DnaX
117;8196003;fab&nich;119;0;0;119;0;0;0;0;0;0;0;0;2018-04-29T22:33:25+00:00;2018-12-26T21:43:02+00:00;https://www.openstreetmap.org/user/fab%26nich
118;12456693;ExConcordiaFelicitas;117;0;0;0;0;0;0;0;37;0;80;0;2023-03-14T06:44:42+00:00;2025-03-03T13:08:17+00:00;https://www.openstreetmap.org/user/ExConcordiaFelicitas
119;2370220;Paolo pn;116;0;0;0;0;0;0;116;0;0;0;0;2022-08-04T20:55:00+00:00;2022-10-22T09:15:44+00:00;https://www.openstreetmap.org/user/Paolo%20pn
120;20817555;Alessandro_Gianfelici;116;0;0;0;0;0;0;0;0;115;1;0;2024-01-18T16:10:12+00:00;2025-07-27T16:26:09+00:00;https://www.openstreetmap.org/user/Alessandro_Gianfelici
121;133562;Ataro;112;33;29;13;11;1;0;3;3;3;1;15;2016-01-10T20:54:13+00:00;2026-08-26T10:08:43+00:00;https://www.openstreetmap.org/user/Ataro
122;8215303;ross-map;112;0;0;0;0;0;23;2;0;61;26;0;2021-06-11T06:37:14+00:00;2025-09-26T15:03:55+00:00;https://www.openstreetmap.org/user/ross-map
123;974272;baprischka;109;0;0;0;0;0;0;1;7;88;13;0;2022-08-28T09:45:57+00:00;2025-07-20T08:01:33+00:00;https://www.openstreetmap.org/user/baprischka
124;196617;demetrio_m;108;50;29;2;4;5;0;0;2;0;16;0;2016-01-21T21:54:36+00:00;2025-06-02T14:29:46+00:00;https://www.openstreetmap.org/user/demetrio_m
125;6538404;myosmname;108;0;32;13;34;3;0;19;6;0;0;1;2017-08-25T16:10:13+00:00;2026-08-03T11:49:20+00:00;https://www.openstreetmap.org/user/myosmname
126;17751523;Sampax;106;0;0;0;0;0;0;32;74;0;0;0;2022-11-21T19:12:18+00:00;2023-09-04T15:06:14+00:00;https://www.openstreetmap.org/user/Sampax
127;1716320;alesarrett;104;1;7;0;0;2;1;92;1;0;0;0;2016-08-25T20:22:12+00:00;2023-06-21T16:24:03+00:00;https://www.openstreetmap.org/user/alesarrett
128;15350382;Epus Naples;103;0;0;0;0;0;0;10;86;3;4;0;2022-03-18T19:20:54+00:00;2025-01-13T17:44:36+00:00;https://www.openstreetmap.org/user/Epus%20Naples
129;461682;Griphon;102;41;16;7;3;5;1;21;3;0;5;0;2016-01-13T13:40:29+00:00;2025-08-16T20:59:44+00:00;https://www.openstreetmap.org/user/Griphon
130;9075256;Von Grunf;102;0;0;13;0;86;0;3;0;0;0;0;2018-11-10T15:55:49+00:00;2022-09-22T14:55:09+00:00;https://www.openstreetmap.org/user/Von%20Grunf
131;11220113;ivanbranco;102;0;0;0;0;0;4;10;19;32;23;14;2021-01-21T21:28:11+00:00;2026-09-16T08:50:05+00:00;https://www.openstreetmap.org/user/ivanbranco
132;22028175;Alemar78;101;0;0;0;0;0;0;0;0;101;0;0;2024-10-04T06:40:04+00:00;2024-10-09T15:35:36+00:00;https://www.openstreetmap.org/user/Alemar78
133;251688;Molko;99;48;19;2;5;17;0;0;1;6;0;1;2016-04-19T14:38:26+00:00;2026-08-18T08:33:44+00:00;https://www.openstreetmap.org/user/Molko
134;616774;mueschel;99;2;2;4;6;8;10;6;8;12;24;17;2016-09-18T14:18:01+00:00;2026-08-20T11:13:52+00:00;https://www.openstreetmap.org/user/mueschel
135;6011437;Squarcia Claudio;99;0;0;0;0;0;0;0;0;89;7;3;2024-02-24T21:36:38+00:00;2026-06-11T16:04:27+00:00;https://www.openstreetmap.org/user/Squarcia%20Claudio
136;6584559;Lorenzo Monelli;98;0;0;0;0;5;0;87;0;6;0;0;2020-12-16T16:00:41+00:00;2024-02-15T10:23:42+00:00;https://www.openstreetmap.org/user/Lorenzo%20Monelli
137;23832705;davide zagaria;98;0;0;0;0;0;0;0;0;0;0;98;2026-02-24T08:18:26+00:00;2026-05-18T09:46:14+00:00;https://www.openstreetmap.org/user/davide%20zagaria
138;8799619;Antanicus;97;0;0;0;0;0;75;22;0;0;0;0;2021-09-23T13:45:31+00:00;2022-09-23T13:58:21+00:00;https://www.openstreetmap.org/user/Antanicus
139;4476592;Edoardo Zanotti;96;0;0;0;0;0;0;61;26;9;0;0;2022-08-18T19:47:37+00:00;2024-04-12T17:30:54+00:00;https://www.openstreetmap.org/user/Edoardo%20Zanotti
140;8386578;Gian_89;95;0;0;1;0;22;1;0;28;42;1;0;2018-07-25T19:18:26+00:00;2025-03-21T15:40:54+00:00;https://www.openstreetmap.org/user/Gian_89
141;22656739;Antonio Bacciaglia;95;0;0;0;0;0;0;0;0;0;73;22;2025-05-11T13:30:04+00:00;2026-09-21T12:03:18+00:00;https://www.openstreetmap.org/user/Antonio%20Bacciaglia
142;2392840;mrkmr82;94;1;93;0;0;0;0;0;0;0;0;0;2016-08-23T08:56:40+00:00;2017-07-10T10:48:28+00:00;https://www.openstreetmap.org/user/mrkmr82
143;5690600;TOPONOMASTICAMC;94;0;38;1;41;2;7;3;2;0;0;0;2017-04-18T09:42:45+00:00;2023-09-26T13:12:37+00:00;https://www.openstreetmap.org/user/TOPONOMASTICAMC
144;7022493;Fra00;93;0;0;0;0;4;16;18;7;29;10;9;2020-10-16T17:25:15+00:00;2026-08-18T16:12:34+00:00;https://www.openstreetmap.org/user/Fra00
145;13568212;Stewie2292;92;0;0;0;0;0;7;43;32;0;8;2;2021-07-07T21:44:38+00:00;2026-03-11T14:50:15+00:00;https://www.openstreetmap.org/user/Stewie2292
146;8141338;MauZ81;91;0;0;0;18;18;46;0;2;0;7;0;2019-02-18T13:49:20+00:00;2025-03-15T12:37:35+00:00;https://www.openstreetmap.org/user/MauZ81
147;615196;Alessandro Melandri;90;0;0;0;1;21;3;13;4;22;22;4;2019-03-01T14:52:05+00:00;2026-06-26T15:01:22+00:00;https://www.openstreetmap.org/user/Alessandro%20Melandri
148;10973763;Roberto Onori;90;0;0;0;0;0;0;0;2;60;28;0;2023-06-03T13:55:25+00:00;2025-10-01T20:54:05+00:00;https://www.openstreetmap.org/user/Roberto%20Onori
149;14680881;Yass Kappa;90;0;0;0;0;0;13;54;21;0;2;0;2021-12-21T11:46:38+00:00;2025-06-05T17:02:12+00:00;https://www.openstreetmap.org/user/Yass%20Kappa
150;361003;Cascafico;89;11;13;13;0;5;31;5;10;0;0;1;2016-08-31T11:52:53+00:00;2026-03-18T13:35:46+00:00;https://www.openstreetmap.org/user/Cascafico
151;717233;jacopofar;89;0;0;0;0;1;84;1;3;0;0;0;2020-08-10T09:10:52+00:00;2023-09-05T18:56:09+00:00;https://www.openstreetmap.org/user/jacopofar
152;1014350;+georgios+;88;0;31;35;5;2;0;15;0;0;0;0;2017-02-15T17:43:28+00:00;2022-03-21T20:19:03+00:00;https://www.openstreetmap.org/user/%2Bgeorgios%2B
153;56519;karlrt;87;0;0;0;0;0;0;0;6;0;81;0;2023-05-26T21:30:01+00:00;2025-05-12T14:45:58+00:00;https://www.openstreetmap.org/user/karlrt
154;616481;gigi2037;86;0;0;0;0;0;24;2;0;44;9;7;2021-03-24T22:38:30+00:00;2026-04-14T16:25:26+00:00;https://www.openstreetmap.org/user/gigi2037
155;7237229;Navarrosh;86;0;86;0;0;0;0;0;0;0;0;0;2017-12-14T13:45:45+00:00;2017-12-18T20:37:18+00:00;https://www.openstreetmap.org/user/Navarrosh
156;21982800;Luca-gto;81;0;0;0;0;0;0;0;0;72;8;1;2024-09-22T06:38:57+00:00;2026-01-03T12:59:44+00:00;https://www.openstreetmap.org/user/Luca-gto
157;15346460;ppppana;80;0;0;0;0;0;0;12;4;0;59;5;2022-03-18T08:41:25+00:00;2026-07-04T20:53:57+00:00;https://www.openstreetmap.org/user/ppppana
158;178610;Pab09;79;65;0;1;7;3;0;0;0;2;1;0;2016-01-02T18:25:50+00:00;2025-11-03T08:07:03+00:00;https://www.openstreetmap.org/user/Pab09
159;14443174;Emilianoatlante;79;0;0;0;0;0;0;11;68;0;0;0;2022-12-23T16:02:29+00:00;2023-03-12T12:16:02+00:00;https://www.openstreetmap.org/user/Emilianoatlante
160;21708463;Sgabs;79;0;0;0;0;0;0;0;0;0;0;79;2026-09-22T17:25:04+00:00;2026-09-25T14:22:17+00:00;https://www.openstreetmap.org/user/Sgabs
161;607510;simone_girardelli;78;28;36;14;0;0;0;0;0;0;0;0;2016-08-30T19:57:27+00:00;2018-04-01T17:31:02+00:00;https://www.openstreetmap.org/user/simone_girardelli
162;3383826;PaoLas;78;32;18;1;0;18;7;0;0;0;0;2;2016-04-28T14:33:13+00:00;2026-01-04T15:10:50+00:00;https://www.openstreetmap.org/user/PaoLas
163;10873483;Trabant77;78;0;0;0;0;38;20;16;0;4;0;0;2020-12-03T12:46:09+00:00;2024-11-02T04:14:56+00:00;https://www.openstreetmap.org/user/Trabant77
164;7403;steko;77;0;0;0;0;0;0;71;6;0;0;0;2022-09-04T18:07:08+00:00;2023-07-16T06:04:26+00:00;https://www.openstreetmap.org/user/steko
165;55912;Qwave;77;0;0;0;0;0;0;57;20;0;0;0;2022-08-28T15:59:07+00:00;2023-08-16T10:00:33+00:00;https://www.openstreetmap.org/user/Qwave
166;65021;gecco;77;0;1;0;0;17;31;4;2;6;10;6;2017-03-24T14:11:19+00:00;2026-04-13T11:09:13+00:00;https://www.openstreetmap.org/user/gecco
167;2753343;ilagps;77;6;16;7;33;2;3;4;0;4;2;0;2016-01-10T22:01:47+00:00;2025-07-12T11:08:39+00:00;https://www.openstreetmap.org/user/ilagps
168;23832707;Bobbyzzini;77;0;0;0;0;0;0;0;0;0;0;77;2026-03-07T15:06:19+00:00;2026-05-26T07:26:35+00:00;https://www.openstreetmap.org/user/Bobbyzzini
169;2168940;leoRocc;76;73;0;0;3;0;0;0;0;0;0;0;2016-05-20T15:32:45+00:00;2019-10-18T12:52:31+00:00;https://www.openstreetmap.org/user/leoRocc
170;4717330;gambero06;76;76;0;0;0;0;0;0;0;0;0;0;2016-10-13T09:45:43+00:00;2016-10-23T13:54:39+00:00;https://www.openstreetmap.org/user/gambero06
171;2166519;unfoxo;73;0;0;0;0;0;0;43;25;0;0;5;2022-10-24T17:03:57+00:00;2026-09-18T23:14:35+00:00;https://www.openstreetmap.org/user/unfoxo
172;3640738;Davide Albertini;73;5;55;0;2;2;0;8;0;0;0;1;2016-07-27T16:54:25+00:00;2026-06-09T14:44:20+00:00;https://www.openstreetmap.org/user/Davide%20Albertini
173;5617767;DavideOnOSM;72;0;12;2;0;8;34;12;1;0;0;3;2017-04-05T18:03:51+00:00;2026-05-29T14:36:52+00:00;https://www.openstreetmap.org/user/DavideOnOSM
174;6550856;andped;72;0;47;16;0;0;0;0;0;9;0;0;2017-08-26T16:32:51+00:00;2024-04-29T10:43:40+00:00;https://www.openstreetmap.org/user/andped
175;24349145;DiegoBag;71;0;0;0;0;0;0;0;0;0;0;71;2026-07-25T14:25:24+00:00;2026-09-27T21:37:18+00:00;https://www.openstreetmap.org/user/DiegoBag
176;195228;vancori;69;69;0;0;0;0;0;0;0;0;0;0;2016-05-21T13:55:24+00:00;2016-11-06T13:17:33+00:00;https://www.openstreetmap.org/user/vancori
177;6705;spaetz;68;0;0;0;0;0;0;0;68;0;0;0;2023-09-24T14:11:32+00:00;2023-09-29T09:34:30+00:00;https://www.openstreetmap.org/user/spaetz
178;1902578;mingo23;68;5;3;23;1;18;0;4;3;0;11;0;2016-11-03T15:37:34+00:00;2025-12-20T09:08:53+00:00;https://www.openstreetmap.org/user/mingo23
179;2755095;DocArtis;67;22;0;0;0;45;0;0;0;0;0;0;2016-11-16T10:49:53+00:00;2020-03-27T17:28:33+00:00;https://www.openstreetmap.org/user/DocArtis
180;10477650;Ermanno Cavallini;66;0;0;0;46;13;0;0;3;1;3;0;2019-11-18T17:56:48+00:00;2025-08-03T16:14:11+00:00;https://www.openstreetmap.org/user/Ermanno%20Cavallini
181;12766911;ioui12;66;0;0;0;0;0;66;0;0;0;0;0;2021-09-05T09:24:05+00:00;2021-10-13T10:01:03+00:00;https://www.openstreetmap.org/user/ioui12
182;68540;paracetamolo;64;34;11;0;4;5;4;0;5;1;0;0;2016-05-01T18:23:15+00:00;2024-07-29T12:46:14+00:00;https://www.openstreetmap.org/user/paracetamolo
183;351361;dvdzero;64;0;7;0;0;0;0;0;0;0;0;57;2017-08-29T19:44:38+00:00;2026-09-07T07:40:59+00:00;https://www.openstreetmap.org/user/dvdzero
184;22525435;btcitnet;64;0;0;0;0;0;0;0;0;0;60;4;2025-04-17T06:41:40+00:00;2026-09-17T07:06:56+00:00;https://www.openstreetmap.org/user/btcitnet
185;15096;tadams;63;0;0;0;0;0;15;33;11;4;0;0;2021-07-10T05:45:20+00:00;2024-01-14T12:42:34+00:00;https://www.openstreetmap.org/user/tadams
186;22170307;FrancescaMaggiori;63;0;0;0;0;0;0;0;0;35;27;1;2024-11-15T09:35:03+00:00;2026-06-29T11:01:58+00:00;https://www.openstreetmap.org/user/FrancescaMaggiori
187;22299574;Alessandra Mercuri;62;0;0;0;0;0;0;0;0;36;26;0;2024-12-18T10:29:21+00:00;2025-05-20T10:17:31+00:00;https://www.openstreetmap.org/user/Alessandra%20Mercuri
188;139580;morsi;61;0;0;0;0;0;0;0;0;49;3;9;2024-02-14T12:58:39+00:00;2026-09-21T18:46:12+00:00;https://www.openstreetmap.org/user/morsi
189;654234;L'imaginaire;61;0;0;0;0;0;0;0;0;0;61;0;2025-02-15T07:55:08+00:00;2025-04-23T08:26:23+00:00;https://www.openstreetmap.org/user/L%27imaginaire
190;24012867;dibi_ca;61;0;0;0;0;0;0;0;0;0;0;61;2026-04-04T20:58:05+00:00;2026-05-12T19:15:39+00:00;https://www.openstreetmap.org/user/dibi_ca
191;465432;Shadowfax;60;0;0;0;0;0;0;0;0;45;11;4;2024-10-14T09:43:20+00:00;2026-08-21T08:18:55+00:00;https://www.openstreetmap.org/user/Shadowfax
192;19653888;Marco Tamburini;60;0;0;0;0;0;0;0;0;0;46;14;2025-04-16T23:26:28+00:00;2026-09-11T22:35:25+00:00;https://www.openstreetmap.org/user/Marco%20Tamburini
193;21671240;Pilù1;58;0;0;0;0;0;0;0;0;46;9;3;2024-06-18T20:16:20+00:00;2026-07-13T20:58:57+00:00;https://www.openstreetmap.org/user/Pil%C3%B91
194;839857;jeanl;57;0;0;0;0;0;0;0;0;3;32;22;2024-09-24T09:25:00+00:00;2026-09-20T10:57:35+00:00;https://www.openstreetmap.org/user/jeanl
195;3136185;smorz;57;0;0;0;0;0;0;0;4;17;34;2;2023-12-28T10:46:28+00:00;2026-04-07T13:31:02+00:00;https://www.openstreetmap.org/user/smorz
196;11449631;SimoGine;57;0;0;0;0;0;16;1;40;0;0;0;2021-10-21T08:42:09+00:00;2023-12-30T17:47:42+00:00;https://www.openstreetmap.org/user/SimoGine
197;24256632;mr_peo;57;0;0;0;0;0;0;0;0;0;0;57;2026-06-28T19:20:36+00:00;2026-08-14T14:55:47+00:00;https://www.openstreetmap.org/user/mr_peo
198;116394;Ermanon;56;1;15;13;3;22;0;0;0;0;2;0;2016-08-11T10:51:46+00:00;2025-06-23T07:51:38+00:00;https://www.openstreetmap.org/user/Ermanon
199;554973;dgitto;56;1;18;4;9;4;12;5;0;1;2;0;2016-06-05T14:56:11+00:00;2025-03-22T07:50:16+00:00;https://www.openstreetmap.org/user/dgitto
200;792390;Skyfinder84;56;0;0;0;0;0;0;0;0;37;12;7;2024-04-08T12:40:33+00:00;2026-03-28T13:11:18+00:00;https://www.openstreetmap.org/user/Skyfinder84
201;21081459;Flynn_;56;0;0;0;0;0;0;0;0;56;0;0;2024-04-22T13:11:34+00:00;2024-06-05T14:20:23+00:00;https://www.openstreetmap.org/user/Flynn_
202;7431748;MonkeyDLuffy;55;0;0;45;10;0;0;0;0;0;0;0;2018-01-05T19:35:39+00:00;2019-04-11T08:59:06+00:00;https://www.openstreetmap.org/user/MonkeyDLuffy
203;21864105;clamemmel;55;0;0;0;0;0;0;0;0;0;55;0;2025-06-06T21:09:55+00:00;2025-06-09T21:26:19+00:00;https://www.openstreetmap.org/user/clamemmel
204;18828247;Dasc3er;54;0;0;0;0;0;0;0;0;54;0;0;2024-08-11T06:26:30+00:00;2024-08-11T10:34:25+00:00;https://www.openstreetmap.org/user/Dasc3er
205;23654833;ilianertugral;54;0;0;0;0;0;0;0;0;0;0;54;2026-01-12T09:59:46+00:00;2026-03-31T07:56:27+00:00;https://www.openstreetmap.org/user/ilianertugral
206;23832459;Ariannapagnoni;54;0;0;0;0;0;0;0;0;0;0;54;2026-02-17T08:18:35+00:00;2026-05-18T16:15:11+00:00;https://www.openstreetmap.org/user/Ariannapagnoni
207;22290;Ale_Zena_IT;53;16;27;10;0;0;0;0;0;0;0;0;2016-08-24T12:48:21+00:00;2018-10-27T11:42:45+00:00;https://www.openstreetmap.org/user/Ale_Zena_IT
208;4470699;ettoredm;53;53;0;0;0;0;0;0;0;0;0;0;2016-08-25T17:19:03+00:00;2016-11-03T21:20:01+00:00;https://www.openstreetmap.org/user/ettoredm
209;2824077;Danyzor;52;0;43;9;0;0;0;0;0;0;0;0;2017-06-12T10:15:55+00:00;2018-02-23T09:03:22+00:00;https://www.openstreetmap.org/user/Danyzor
210;4793737;h3984579;52;0;0;0;0;0;0;52;0;0;0;0;2022-06-18T08:56:21+00:00;2022-06-26T10:20:39+00:00;https://www.openstreetmap.org/user/h3984579
211;10715083;framig;52;0;0;0;0;52;0;0;0;0;0;0;2020-02-03T08:41:49+00:00;2020-06-18T09:49:21+00:00;https://www.openstreetmap.org/user/framig
212;22146035;eddym71;52;0;0;0;0;0;0;0;0;37;8;7;2024-11-05T21:14:43+00:00;2026-04-03T21:47:17+00:00;https://www.openstreetmap.org/user/eddym71
213;22689107;Stuck_11;52;0;0;0;0;0;0;0;0;0;50;2;2025-03-29T19:07:23+00:00;2026-03-11T11:35:43+00:00;https://www.openstreetmap.org/user/Stuck_11
214;476483;lorenzo23622;51;0;0;0;0;0;11;15;0;25;0;0;2021-03-22T15:08:57+00:00;2024-07-27T23:26:59+00:00;https://www.openstreetmap.org/user/lorenzo23622
215;8631574;andreasalvucci;51;0;0;24;20;5;2;0;0;0;0;0;2018-12-20T14:09:01+00:00;2021-04-03T14:18:49+00:00;https://www.openstreetmap.org/user/andreasalvucci
216;14426122;gianluca1984;51;0;0;0;0;0;0;0;0;0;43;8;2025-03-02T21:48:14+00:00;2026-04-01T08:51:18+00:00;https://www.openstreetmap.org/user/gianluca1984
217;17697345;fb552;51;0;0;0;0;0;0;0;11;12;19;9;2023-08-20T17:11:09+00:00;2026-07-04T11:32:46+00:00;https://www.openstreetmap.org/user/fb552
218;20944241;SekeRob repair;51;0;0;0;0;0;0;0;0;35;5;11;2024-03-11T15:50:51+00:00;2026-06-08T14:26:01+00:00;https://www.openstreetmap.org/user/SekeRob%20repair
219;5330364;GabriRuflex;50;0;14;12;0;0;2;18;0;0;4;0;2017-02-26T21:15:19+00:00;2025-11-23T09:04:10+00:00;https://www.openstreetmap.org/user/GabriRuflex
220;6571367;Don Piotr;50;0;43;3;3;1;0;0;0;0;0;0;2017-08-30T10:53:09+00:00;2020-02-15T12:08:18+00:00;https://www.openstreetmap.org/user/Don%20Piotr
221;166133;bikepiper;49;0;0;0;0;0;0;0;0;0;47;2;2025-08-06T07:44:35+00:00;2026-01-01T12:53:59+00:00;https://www.openstreetmap.org/user/bikepiper
222;11013823;Parsifall;48;0;0;0;0;48;0;0;0;0;0;0;2020-04-11T10:05:35+00:00;2020-04-14T12:30:11+00:00;https://www.openstreetmap.org/user/Parsifall
223;20159881;ludomi05;48;0;0;0;0;0;0;0;26;20;2;0;2023-09-02T15:24:01+00:00;2025-08-07T18:00:33+00:00;https://www.openstreetmap.org/user/ludomi05
224;67394;captaininler;47;0;0;0;0;0;47;0;0;0;0;0;2021-09-16T19:09:11+00:00;2021-09-20T17:13:04+00:00;https://www.openstreetmap.org/user/captaininler
225;290680;wheelmap_visitor;47;0;0;0;0;0;0;0;0;8;28;11;2024-01-27T12:46:16+00:00;2026-09-27T19:14:37+00:00;https://www.openstreetmap.org/user/wheelmap_visitor
226;708541;andread2dot0;47;0;0;0;0;0;0;47;0;0;0;0;2022-02-08T16:29:04+00:00;2022-10-22T13:50:22+00:00;https://www.openstreetmap.org/user/andread2dot0
227;14882737;Dáire Drôme;47;0;0;0;0;0;0;36;0;0;7;4;2022-01-18T13:16:48+00:00;2026-09-19T12:52:34+00:00;https://www.openstreetmap.org/user/D%C3%A1ire%20Dr%C3%B4me
228;300917;ErikO;46;0;0;0;3;0;43;0;0;0;0;0;2019-07-22T15:34:31+00:00;2021-07-23T12:45:13+00:00;https://www.openstreetmap.org/user/ErikO
229;22306665;Arianna Ascenzi;46;0;0;0;0;0;0;0;0;39;7;0;2024-12-20T11:09:58+00:00;2025-01-07T12:08:04+00:00;https://www.openstreetmap.org/user/Arianna%20Ascenzi
230;66492;DavidM;45;0;1;4;2;0;0;4;11;2;4;17;2017-01-25T16:08:34+00:00;2026-04-16T04:03:03+00:00;https://www.openstreetmap.org/user/DavidM
231;473794;simoroc;45;14;9;6;0;8;2;3;3;0;0;0;2016-01-27T12:18:35+00:00;2023-05-12T22:08:19+00:00;https://www.openstreetmap.org/user/simoroc
232;4624362;marchemap;45;12;6;0;2;8;0;4;7;0;3;3;2016-09-24T09:32:28+00:00;2026-09-08T07:38:06+00:00;https://www.openstreetmap.org/user/marchemap
233;23132468;Thebro7her;45;0;0;0;0;0;0;0;0;0;0;45;2026-05-11T14:20:33+00:00;2026-05-15T14:36:32+00:00;https://www.openstreetmap.org/user/Thebro7her
234;5589;user_5589;44;0;0;0;0;0;0;0;0;2;42;0;2024-11-18T15:37:40+00:00;2025-12-24T08:20:35+00:00;https://www.openstreetmap.org/user/user_5589
235;161619;FvGordon;44;3;1;2;0;6;7;3;3;9;8;2;2016-03-13T23:07:32+00:00;2026-07-25T09:05:53+00:00;https://www.openstreetmap.org/user/FvGordon
236;6259189;CrikCrok;44;0;4;23;12;1;0;0;0;0;4;0;2017-07-03T15:21:47+00:00;2025-05-15T16:17:58+00:00;https://www.openstreetmap.org/user/CrikCrok
237;8971394;vojtechzaboril;44;0;0;0;0;0;0;0;1;3;26;14;2023-10-25T12:00:36+00:00;2026-05-30T09:46:37+00:00;https://www.openstreetmap.org/user/vojtechzaboril
238;13524418;RobertoErre;44;0;0;0;0;0;6;1;5;28;3;1;2021-06-09T19:31:55+00:00;2026-05-04T23:54:55+00:00;https://www.openstreetmap.org/user/RobertoErre
239;18122198;rambonette;44;0;0;0;0;0;0;0;0;44;0;0;2024-08-18T14:54:41+00:00;2024-08-24T23:14:50+00:00;https://www.openstreetmap.org/user/rambonette
240;23832738;loRI_cECC;44;0;0;0;0;0;0;0;0;0;0;44;2026-03-09T09:55:21+00:00;2026-05-18T09:20:25+00:00;https://www.openstreetmap.org/user/loRI_cECC
241;561047;ggamba;43;0;0;0;0;0;0;43;0;0;0;0;2022-09-20T10:26:25+00:00;2022-10-10T10:58:09+00:00;https://www.openstreetmap.org/user/ggamba
242;710241;Maradonna Claudio;43;0;1;0;0;1;3;1;37;0;0;0;2017-06-06T07:15:52+00:00;2023-07-24T08:17:55+00:00;https://www.openstreetmap.org/user/Maradonna%20Claudio
243;8868713;GerhardKremer;43;0;0;0;3;1;3;0;34;2;0;0;2019-07-17T13:15:08+00:00;2024-08-18T10:16:26+00:00;https://www.openstreetmap.org/user/GerhardKremer
244;14530171;Simone Crisologo;43;0;0;0;0;0;1;6;33;3;0;0;2021-11-27T10:50:42+00:00;2024-08-22T14:44:18+00:00;https://www.openstreetmap.org/user/Simone%20Crisologo
245;24374406;Parabolo;43;0;0;0;0;0;0;0;0;0;0;43;2026-08-01T14:57:45+00:00;2026-08-17T07:29:32+00:00;https://www.openstreetmap.org/user/Parabolo
246;49848;Simone Piccardi;42;0;0;0;0;0;12;0;0;14;0;16;2021-10-02T11:35:01+00:00;2026-04-12T21:38:39+00:00;https://www.openstreetmap.org/user/Simone%20Piccardi
247;1380462;MarcoA;42;0;9;3;4;0;16;0;0;7;3;0;2017-01-19T11:43:57+00:00;2025-12-16T10:45:25+00:00;https://www.openstreetmap.org/user/MarcoA
248;7114385;Spark!;42;0;11;29;2;0;0;0;0;0;0;0;2017-11-30T12:05:02+00:00;2019-08-26T09:43:14+00:00;https://www.openstreetmap.org/user/Spark%21
249;7114421;Gassol;42;0;0;17;0;25;0;0;0;0;0;0;2018-12-14T08:56:44+00:00;2020-01-14T13:33:39+00:00;https://www.openstreetmap.org/user/Gassol
250;12904042;DianaDemchuk;42;0;0;0;0;0;40;2;0;0;0;0;2021-09-01T07:46:34+00:00;2022-02-08T12:26:43+00:00;https://www.openstreetmap.org/user/DianaDemchuk
251;13638351;alessandroste;42;0;0;0;0;0;42;0;0;0;0;0;2021-06-25T10:34:48+00:00;2021-07-02T21:14:13+00:00;https://www.openstreetmap.org/user/alessandroste
252;22299577;Zoe Verdenelli;42;0;0;0;0;0;0;0;0;42;0;0;2024-12-19T08:15:33+00:00;2024-12-20T17:00:08+00:00;https://www.openstreetmap.org/user/Zoe%20Verdenelli
253;744907;Andrea Cerquozzi;41;5;27;1;0;5;3;0;0;0;0;0;2016-01-24T11:25:09+00:00;2021-05-09T18:14:18+00:00;https://www.openstreetmap.org/user/Andrea%20Cerquozzi
254;1726102;AlessioMela;41;0;0;0;0;0;0;0;0;0;9;32;2025-11-12T09:46:38+00:00;2026-06-25T12:42:01+00:00;https://www.openstreetmap.org/user/AlessioMela
255;2175620;AlfredoSP;41;0;0;0;41;0;0;0;0;0;0;0;2019-02-13T16:49:50+00:00;2019-09-07T15:11:24+00:00;https://www.openstreetmap.org/user/AlfredoSP
256;7457996;Juma93;41;0;0;35;2;1;0;0;0;3;0;0;2018-01-11T15:54:29+00:00;2024-06-06T19:55:02+00:00;https://www.openstreetmap.org/user/Juma93
257;8924322;jeffstuff;41;0;0;41;0;0;0;0;0;0;0;0;2018-10-08T10:58:18+00:00;2018-10-25T12:32:27+00:00;https://www.openstreetmap.org/user/jeffstuff
258;21174733;SakuraHanami120;41;0;0;0;0;0;0;0;0;41;0;0;2024-03-07T09:55:17+00:00;2024-03-07T14:06:12+00:00;https://www.openstreetmap.org/user/SakuraHanami120
259;21850090;mpbin;41;0;0;0;0;0;0;0;0;12;29;0;2024-09-21T11:20:20+00:00;2025-01-06T14:18:20+00:00;https://www.openstreetmap.org/user/mpbin
260;20610;napo;40;0;0;0;0;1;0;21;4;1;13;0;2020-12-18T19:41:07+00:00;2025-08-03T15:15:33+00:00;https://www.openstreetmap.org/user/napo
261;30255;Tomi;40;28;7;0;4;0;1;0;0;0;0;0;2016-08-24T07:07:04+00:00;2021-07-14T10:20:30+00:00;https://www.openstreetmap.org/user/Tomi
262;3544979;Jotar74;40;6;7;4;16;3;1;2;0;1;0;0;2016-01-19T15:08:59+00:00;2024-01-23T15:36:12+00:00;https://www.openstreetmap.org/user/Jotar74
263;8396288;P feliciati;40;0;0;13;0;0;2;0;0;0;25;0;2018-06-09T15:37:46+00:00;2025-11-26T14:30:10+00:00;https://www.openstreetmap.org/user/P%20feliciati
264;14400394;furious_turing;40;0;0;0;0;0;40;0;0;0;0;0;2021-11-03T21:12:31+00:00;2021-11-04T13:01:51+00:00;https://www.openstreetmap.org/user/furious_turing
265;18415571;Yana Lauryk;40;0;0;0;0;0;0;0;40;0;0;0;2023-02-20T11:10:33+00:00;2023-04-12T12:43:32+00:00;https://www.openstreetmap.org/user/Yana%20Lauryk
266;22134477;DiegosDigosOfficial;40;0;0;0;0;0;0;0;0;23;14;3;2024-11-02T15:25:51+00:00;2026-06-20T09:56:51+00:00;https://www.openstreetmap.org/user/DiegosDigosOfficial
267;36030;WinstonSmith;39;0;0;0;0;0;0;0;0;0;2;37;2025-07-27T16:19:26+00:00;2026-08-29T11:07:15+00:00;https://www.openstreetmap.org/user/WinstonSmith
268;282726;kaiD;39;39;0;0;0;0;0;0;0;0;0;0;2016-10-16T09:29:07+00:00;2016-10-19T08:31:21+00:00;https://www.openstreetmap.org/user/kaiD
269;719795;drazde;39;0;0;17;0;0;0;0;1;21;0;0;2018-08-29T05:14:13+00:00;2024-12-14T09:58:47+00:00;https://www.openstreetmap.org/user/drazde
270;4667576;Buddhika Chathuranga;39;0;0;0;39;0;0;0;0;0;0;0;2019-07-15T07:43:19+00:00;2019-10-28T05:49:57+00:00;https://www.openstreetmap.org/user/Buddhika%20Chathuranga
271;6703845;ro_ma16;39;0;0;0;0;0;10;4;16;8;0;1;2021-05-03T09:18:52+00:00;2026-07-12T09:04:21+00:00;https://www.openstreetmap.org/user/ro_ma16
272;9215468;FRANC_BUR;39;0;0;13;26;0;0;0;0;0;0;0;2018-12-09T22:36:41+00:00;2019-03-27T15:10:31+00:00;https://www.openstreetmap.org/user/FRANC_BUR
273;13069920;KashDRZ;39;0;0;0;0;0;24;5;7;2;1;0;2021-04-13T11:15:01+00:00;2025-02-03T10:18:15+00:00;https://www.openstreetmap.org/user/KashDRZ
274;17421349;alessandrosglt;39;0;0;0;0;0;0;39;0;0;0;0;2022-10-16T14:57:19+00:00;2022-10-23T07:24:04+00:00;https://www.openstreetmap.org/user/alessandrosglt
275;21822;Jacopo;38;0;0;0;0;0;0;0;0;13;25;0;2024-07-26T12:15:21+00:00;2025-09-24T12:48:51+00:00;https://www.openstreetmap.org/user/Jacopo
276;579545;Aury88;38;19;0;15;2;0;0;1;0;0;1;0;2016-08-25T17:06:50+00:00;2025-10-09T20:38:06+00:00;https://www.openstreetmap.org/user/Aury88
277;1240849;ediyes;38;38;0;0;0;0;0;0;0;0;0;0;2016-04-27T21:21:09+00:00;2016-12-02T20:18:56+00:00;https://www.openstreetmap.org/user/ediyes
278;4075912;DavideSno;38;3;1;7;1;16;2;4;0;4;0;0;2016-06-06T21:13:04+00:00;2024-08-25T11:56:43+00:00;https://www.openstreetmap.org/user/DavideSno
279;5764463;9o5c;38;0;0;0;0;0;38;0;0;0;0;0;2021-07-26T14:26:42+00:00;2021-08-06T09:09:46+00:00;https://www.openstreetmap.org/user/9o5c
280;11162553;Daniele5393;38;0;0;0;0;38;0;0;0;0;0;0;2020-05-11T16:46:41+00:00;2020-05-24T14:25:04+00:00;https://www.openstreetmap.org/user/Daniele5393
281;20961469;Fabio323ti;38;0;0;0;0;0;0;0;0;38;0;0;2024-03-01T13:26:04+00:00;2024-03-01T22:41:53+00:00;https://www.openstreetmap.org/user/Fabio323ti
282;22634620;Andrea Claudi;38;0;0;0;0;0;0;0;0;0;29;9;2025-03-15T21:24:21+00:00;2026-04-28T09:16:55+00:00;https://www.openstreetmap.org/user/Andrea%20Claudi
283;149337;leosaeba;37;4;4;0;0;22;0;3;0;4;0;0;2016-12-01T14:27:18+00:00;2024-03-20T14:48:01+00:00;https://www.openstreetmap.org/user/leosaeba
284;354284;sbiribizio;37;0;34;3;0;0;0;0;0;0;0;0;2017-01-25T17:23:26+00:00;2018-02-13T16:47:21+00:00;https://www.openstreetmap.org/user/sbiribizio
285;2915231;RonnieLand;37;37;0;0;0;0;0;0;0;0;0;0;2016-10-27T15:36:08+00:00;2016-10-28T14:17:09+00:00;https://www.openstreetmap.org/user/RonnieLand
286;3109200;massimo palmieri;37;18;0;0;0;0;0;19;0;0;0;0;2016-10-09T17:02:03+00:00;2022-08-20T18:11:11+00:00;https://www.openstreetmap.org/user/massimo%20palmieri
287;6708927;Zurbagan;37;0;0;37;0;0;0;0;0;0;0;0;2018-07-10T19:24:10+00:00;2018-08-04T17:39:14+00:00;https://www.openstreetmap.org/user/Zurbagan
288;17189185;LauraProto;37;0;0;0;0;0;0;37;0;0;0;0;2022-09-20T19:34:16+00:00;2022-10-14T09:10:31+00:00;https://www.openstreetmap.org/user/LauraProto
289;22731099;Davide_Perruolo;37;0;0;0;0;0;0;0;0;0;37;0;2025-04-10T13:26:19+00:00;2025-04-10T13:57:29+00:00;https://www.openstreetmap.org/user/Davide_Perruolo
290;511708;Zio Pino;36;0;0;0;0;0;0;0;0;36;0;0;2024-10-29T13:49:50+00:00;2024-11-06T13:08:40+00:00;https://www.openstreetmap.org/user/Zio%20Pino
291;21372887;pat-pat;36;0;0;0;0;0;0;0;0;9;19;8;2024-10-28T08:50:44+00:00;2026-06-18T10:01:44+00:00;https://www.openstreetmap.org/user/pat-pat
292;1720269;IlBano;35;0;0;1;3;18;2;4;7;0;0;0;2018-08-18T16:02:08+00:00;2023-08-13T14:50:01+00:00;https://www.openstreetmap.org/user/IlBano
293;1801173;Pucciotrex30;35;0;0;0;0;0;0;2;0;0;9;24;2022-02-11T15:41:50+00:00;2026-09-21T15:17:04+00:00;https://www.openstreetmap.org/user/Pucciotrex30
294;3579653;AlexTies;35;0;0;0;0;0;0;0;7;24;1;3;2023-12-22T14:49:01+00:00;2026-01-09T23:22:21+00:00;https://www.openstreetmap.org/user/AlexTies
295;4347030;vbertola;35;0;0;0;0;0;35;0;0;0;0;0;2021-08-22T20:33:28+00:00;2021-09-23T07:23:19+00:00;https://www.openstreetmap.org/user/vbertola
296;5379291;Repower CMC;35;0;0;0;0;0;0;0;0;24;9;2;2024-04-05T15:40:04+00:00;2026-05-18T09:33:27+00:00;https://www.openstreetmap.org/user/Repower%20CMC
297;8277530;Luca Reversi;35;0;0;33;2;0;0;0;0;0;0;0;2018-05-15T20:26:07+00:00;2019-01-04T15:54:51+00:00;https://www.openstreetmap.org/user/Luca%20Reversi
298;8305310;Martinligabue;35;0;0;0;0;0;0;0;14;14;6;1;2023-02-04T17:31:40+00:00;2026-07-28T09:20:44+00:00;https://www.openstreetmap.org/user/Martinligabue
299;10647130;Steno79;35;0;0;0;0;29;1;0;0;5;0;0;2020-03-08T11:59:53+00:00;2024-03-24T16:46:11+00:00;https://www.openstreetmap.org/user/Steno79
300;13714849;AstolfoSullaLunaa;35;0;0;0;0;0;33;0;0;2;0;0;2021-07-07T10:08:27+00:00;2024-08-21T20:34:34+00:00;https://www.openstreetmap.org/user/AstolfoSullaLunaa
301;14381335;Federica Lavagna;35;0;0;0;0;0;1;14;6;13;1;0;2021-10-31T17:34:39+00:00;2025-07-20T17:45:22+00:00;https://www.openstreetmap.org/user/Federica%20Lavagna
302;23832722;igor miti;35;0;0;0;0;0;0;0;0;0;0;35;2026-03-09T10:20:22+00:00;2026-05-20T16:56:26+00:00;https://www.openstreetmap.org/user/igor%20miti
303;2508151;ridixcr;34;32;2;0;0;0;0;0;0;0;0;0;2016-05-19T15:59:33+00:00;2017-01-30T22:52:20+00:00;https://www.openstreetmap.org/user/ridixcr
304;4537070;Silviepi;34;34;0;0;0;0;0;0;0;0;0;0;2016-09-06T14:49:58+00:00;2016-09-06T16:55:33+00:00;https://www.openstreetmap.org/user/Silviepi
305;6458938;tommone;34;0;34;0;0;0;0;0;0;0;0;0;2017-08-10T07:08:57+00:00;2017-08-25T09:53:47+00:00;https://www.openstreetmap.org/user/tommone
306;22926975;Lucas-09;34;0;0;0;0;0;0;0;0;0;32;2;2025-05-22T10:59:32+00:00;2026-06-02T09:30:22+00:00;https://www.openstreetmap.org/user/Lucas-09
307;24325433;cnlmrc;34;0;0;0;0;0;0;0;0;0;0;34;2026-07-18T19:14:55+00:00;2026-09-06T11:59:50+00:00;https://www.openstreetmap.org/user/cnlmrc
308;2166199;carlo fornaciari;33;0;0;0;0;0;0;0;0;0;5;28;2025-07-07T12:23:16+00:00;2026-07-23T20:41:10+00:00;https://www.openstreetmap.org/user/carlo%20fornaciari
309;5127355;aTarom;33;0;0;0;0;0;0;0;0;8;20;5;2024-08-19T14:53:11+00:00;2026-08-18T06:10:40+00:00;https://www.openstreetmap.org/user/aTarom
310;6728843;Barbari;33;0;0;17;16;0;0;0;0;0;0;0;2018-09-10T20:14:27+00:00;2019-12-17T13:39:34+00:00;https://www.openstreetmap.org/user/Barbari
311;9558563;Urbis13;33;0;0;0;0;1;1;31;0;0;0;0;2020-11-16T16:13:53+00:00;2022-06-30T11:13:02+00:00;https://www.openstreetmap.org/user/Urbis13
312;10325271;VITTORIO FERRACUTI;33;0;0;0;5;1;0;0;3;23;1;0;2019-09-24T18:33:22+00:00;2025-07-16T17:29:53+00:00;https://www.openstreetmap.org/user/VITTORIO%20FERRACUTI
313;15503642;A_Langer;33;0;0;0;0;0;0;0;0;26;0;7;2024-05-28T05:37:29+00:00;2026-06-11T16:16:05+00:00;https://www.openstreetmap.org/user/A_Langer
314;22370663;Brascà;33;0;0;0;0;0;0;0;0;0;0;33;2026-06-21T18:52:13+00:00;2026-06-27T19:55:55+00:00;https://www.openstreetmap.org/user/Brasc%C3%A0
315;1092114;kräckel;32;0;0;0;0;0;0;0;0;31;1;0;2024-05-24T11:58:47+00:00;2025-01-02T09:45:19+00:00;https://www.openstreetmap.org/user/kr%C3%A4ckel
316;2219338;RichRico;32;31;1;0;0;0;0;0;0;0;0;0;2016-04-15T16:18:03+00:00;2017-04-11T16:40:55+00:00;https://www.openstreetmap.org/user/RichRico
317;4413023;realjep;32;0;0;12;4;1;6;8;0;0;0;1;2018-02-07T18:22:42+00:00;2026-02-02T13:36:17+00:00;https://www.openstreetmap.org/user/realjep
318;4879630;Gianni Del Bufalo;32;32;0;0;0;0;0;0;0;0;0;0;2016-11-24T01:17:35+00:00;2016-11-24T03:35:55+00:00;https://www.openstreetmap.org/user/Gianni%20Del%20Bufalo
319;16226557;VLD302;32;0;0;0;0;0;0;0;32;0;0;0;2023-08-21T14:48:37+00:00;2023-09-01T16:39:19+00:00;https://www.openstreetmap.org/user/VLD302
320;21310951;Brokkolino;32;0;0;0;0;0;0;0;0;0;32;0;2025-09-17T10:45:08+00:00;2025-09-21T16:30:39+00:00;https://www.openstreetmap.org/user/Brokkolino
321;22397838;aleb2000;32;0;0;0;0;0;0;0;0;0;32;0;2025-01-18T16:49:00+00:00;2025-08-04T08:20:51+00:00;https://www.openstreetmap.org/user/aleb2000
322;10398649;sbelemey;31;0;0;0;0;0;21;0;10;0;0;0;2021-09-08T17:06:06+00:00;2023-09-21T16:00:34+00:00;https://www.openstreetmap.org/user/sbelemey
323;12049663;Eugenio723;31;0;0;0;0;0;0;0;0;0;30;1;2025-08-08T08:18:49+00:00;2026-05-31T10:00:44+00:00;https://www.openstreetmap.org/user/Eugenio723
324;14104531;Fabiola Pancotti;31;0;0;0;0;0;31;0;0;0;0;0;2021-09-13T14:08:50+00:00;2021-09-15T08:48:04+00:00;https://www.openstreetmap.org/user/Fabiola%20Pancotti
325;23784026;Drifter22;31;0;0;0;0;0;0;0;0;0;0;31;2026-02-04T09:51:59+00:00;2026-06-29T15:05:11+00:00;https://www.openstreetmap.org/user/Drifter22
326;23832720;ele stefanini;31;0;0;0;0;0;0;0;0;0;0;31;2026-02-17T08:12:14+00:00;2026-05-25T09:19:13+00:00;https://www.openstreetmap.org/user/ele%20stefanini
327;367605;edigiacomo;30;3;1;3;20;3;0;0;0;0;0;0;2016-11-27T18:01:15+00:00;2020-07-11T18:14:05+00:00;https://www.openstreetmap.org/user/edigiacomo
328;527535;Constable;30;13;6;5;5;0;0;1;0;0;0;0;2016-06-13T21:33:33+00:00;2022-09-13T06:07:34+00:00;https://www.openstreetmap.org/user/Constable
329;2003084;effebi-sm;30;11;3;0;16;0;0;0;0;0;0;0;2016-07-10T13:52:58+00:00;2019-08-16T16:54:46+00:00;https://www.openstreetmap.org/user/effebi-sm
330;3341187;Pepilepioux;30;0;2;0;22;0;0;0;0;0;0;6;2017-01-13T18:48:21+00:00;2026-02-14T20:41:46+00:00;https://www.openstreetmap.org/user/Pepilepioux
331;6697289;GrilloF;30;0;24;2;4;0;0;0;0;0;0;0;2017-09-23T09:45:16+00:00;2019-03-31T14:22:29+00:00;https://www.openstreetmap.org/user/GrilloF
332;7101832;Costamario;30;0;0;15;15;0;0;0;0;0;0;0;2018-10-08T19:00:38+00:00;2019-06-26T06:56:28+00:00;https://www.openstreetmap.org/user/Costamario
333;8728150;pazzaleo;30;0;0;30;0;0;0;0;0;0;0;0;2018-08-23T22:17:36+00:00;2018-09-24T16:07:18+00:00;https://www.openstreetmap.org/user/pazzaleo
334;11437494;France_Lucca;30;0;0;0;0;4;26;0;0;0;0;0;2020-07-04T09:30:19+00:00;2021-06-25T09:41:57+00:00;https://www.openstreetmap.org/user/France_Lucca
335;14627026;ErosR;30;0;0;0;0;0;0;30;0;0;0;0;2022-04-04T09:43:34+00:00;2022-06-10T10:46:29+00:00;https://www.openstreetmap.org/user/ErosR
336;15807345;Claudio Tam;30;0;0;0;0;0;0;17;7;6;0;0;2022-09-20T09:02:19+00:00;2024-05-01T15:55:27+00:00;https://www.openstreetmap.org/user/Claudio%20Tam
337;18418479;tili3222;30;0;0;0;0;0;0;0;30;0;0;0;2023-02-07T20:25:37+00:00;2023-08-14T13:23:39+00:00;https://www.openstreetmap.org/user/tili3222
338;21748492;Yurii Skvortsov;30;0;0;0;0;0;0;0;0;0;30;0;2025-12-29T22:29:04+00:00;2025-12-29T23:22:58+00:00;https://www.openstreetmap.org/user/Yurii%20Skvortsov
339;23050296;Giann00000;30;0;0;0;0;0;0;0;0;0;22;8;2025-06-29T13:06:59+00:00;2026-08-21T22:01:32+00:00;https://www.openstreetmap.org/user/Giann00000
340;341486;Netdiver;29;0;4;0;0;9;14;0;2;0;0;0;2017-03-28T11:45:37+00:00;2023-08-21T11:40:48+00:00;https://www.openstreetmap.org/user/Netdiver
341;590349;loro;29;14;7;0;1;0;7;0;0;0;0;0;2016-01-06T17:29:22+00:00;2021-07-25T08:23:04+00:00;https://www.openstreetmap.org/user/loro
342;23670258;Light3r;29;0;0;0;0;0;0;0;0;0;0;29;2026-07-27T11:58:29+00:00;2026-07-30T16:42:37+00:00;https://www.openstreetmap.org/user/Light3r
343;23802080;Andrea Malipiero;29;0;0;0;0;0;0;0;0;0;0;29;2026-02-08T18:37:18+00:00;2026-07-30T17:33:21+00:00;https://www.openstreetmap.org/user/Andrea%20Malipiero
344;8473;fparri;28;0;2;0;0;0;0;0;0;0;1;25;2017-03-04T23:43:04+00:00;2026-02-19T10:58:29+00:00;https://www.openstreetmap.org/user/fparri
345;500572;yopaseopor;28;28;0;0;0;0;0;0;0;0;0;0;2016-08-25T10:50:36+00:00;2016-10-27T21:57:15+00:00;https://www.openstreetmap.org/user/yopaseopor
346;893327;mcheckimport;28;13;1;14;0;0;0;0;0;0;0;0;2016-01-29T17:57:46+00:00;2018-08-24T21:14:11+00:00;https://www.openstreetmap.org/user/mcheckimport
347;923271;aldoct;28;0;0;0;0;0;0;0;0;0;28;0;2025-01-20T18:21:01+00:00;2025-02-02T09:32:49+00:00;https://www.openstreetmap.org/user/aldoct
348;2442070;Jaka Kranjc;28;0;0;0;0;0;0;0;0;0;28;0;2025-12-02T08:23:36+00:00;2025-12-03T18:54:44+00:00;https://www.openstreetmap.org/user/Jaka%20Kranjc
349;2512300;samely;28;27;1;0;0;0;0;0;0;0;0;0;2016-03-01T15:56:33+00:00;2017-02-20T16:39:45+00:00;https://www.openstreetmap.org/user/samely
350;3432108;bigio;28;0;0;13;0;1;12;1;1;0;0;0;2018-05-12T07:19:25+00:00;2023-12-15T07:53:24+00:00;https://www.openstreetmap.org/user/bigio
351;4891666;deejayphil;28;4;16;2;0;1;0;1;2;2;0;0;2016-11-27T21:00:40+00:00;2024-05-08T10:28:38+00:00;https://www.openstreetmap.org/user/deejayphil
352;8522139;mosis99;28;0;0;0;0;0;0;0;0;0;21;7;2025-12-29T18:40:23+00:00;2026-01-07T17:08:35+00:00;https://www.openstreetmap.org/user/mosis99
353;11299004;inlovewosm;28;0;0;0;0;13;5;0;4;6;0;0;2020-06-07T18:02:50+00:00;2024-07-25T06:49:43+00:00;https://www.openstreetmap.org/user/inlovewosm
354;21229387;Canacci;28;0;0;0;0;0;0;0;0;27;1;0;2024-03-21T18:22:12+00:00;2025-05-03T11:56:44+00:00;https://www.openstreetmap.org/user/Canacci
355;190260;Emiliano Bruni;27;4;7;13;1;2;0;0;0;0;0;0;2016-07-11T09:08:21+00:00;2020-11-29T11:45:32+00:00;https://www.openstreetmap.org/user/Emiliano%20Bruni
356;1476146;Alecs01;27;8;0;2;0;15;2;0;0;0;0;0;2016-04-01T17:54:24+00:00;2021-02-20T16:08:51+00:00;https://www.openstreetmap.org/user/Alecs01
357;8136015;Alessandro Magnanini;27;0;0;16;0;11;0;0;0;0;0;0;2018-04-18T13:57:32+00:00;2020-12-23T11:48:42+00:00;https://www.openstreetmap.org/user/Alessandro%20Magnanini
358;10053825;Erik Qeti;27;0;0;0;27;0;0;0;0;0;0;0;2019-06-04T14:56:09+00:00;2019-06-07T09:44:11+00:00;https://www.openstreetmap.org/user/Erik%20Qeti
359;10826016;TheErJv;27;0;0;0;0;11;8;7;1;0;0;0;2020-02-26T11:13:59+00:00;2023-09-04T17:27:30+00:00;https://www.openstreetmap.org/user/TheErJv
360;12215863;ItaloC;27;0;0;0;0;13;14;0;0;0;0;0;2020-12-12T21:39:16+00:00;2021-07-29T05:27:33+00:00;https://www.openstreetmap.org/user/ItaloC
361;12894577;Piero Filiaggi;27;0;0;0;0;0;19;0;0;8;0;0;2021-03-25T19:59:46+00:00;2024-03-21T19:07:52+00:00;https://www.openstreetmap.org/user/Piero%20Filiaggi
362;13802623;Mastrocom;27;0;0;0;0;0;0;0;0;0;0;27;2026-08-28T15:54:22+00:00;2026-08-31T19:41:02+00:00;https://www.openstreetmap.org/user/Mastrocom
363;14819428;Simo3D;27;0;0;0;0;0;0;0;0;24;3;0;2024-01-25T16:50:30+00:00;2025-03-25T16:07:56+00:00;https://www.openstreetmap.org/user/Simo3D
364;15008590;Shel_Sri;27;0;0;0;0;0;0;1;0;3;23;0;2022-12-26T06:53:01+00:00;2025-11-11T06:45:31+00:00;https://www.openstreetmap.org/user/Shel_Sri
365;20771505;Peter Ostermann;27;0;0;0;0;0;0;0;3;18;6;0;2023-12-27T18:56:58+00:00;2025-05-30T15:05:38+00:00;https://www.openstreetmap.org/user/Peter%20Ostermann
366;23228658;Pernycek;27;0;0;0;0;0;0;0;0;0;27;0;2025-10-10T14:22:54+00:00;2025-11-09T20:45:59+00:00;https://www.openstreetmap.org/user/Pernycek
367;31605;hatzfeld;26;26;0;0;0;0;0;0;0;0;0;0;2016-08-10T12:10:26+00:00;2016-08-19T09:22:12+00:00;https://www.openstreetmap.org/user/hatzfeld
368;412293;Federico Silvio;26;0;0;0;0;4;0;16;0;0;6;0;2020-07-16T05:14:44+00:00;2025-08-16T06:48:20+00:00;https://www.openstreetmap.org/user/Federico%20Silvio
369;677188;Riccardo Galli;26;0;0;8;2;0;5;11;0;0;0;0;2018-05-02T14:04:32+00:00;2022-09-18T09:46:18+00:00;https://www.openstreetmap.org/user/Riccardo%20Galli
370;1323411;LucaCeresoli;26;0;0;0;0;0;0;0;1;0;25;0;2023-07-08T22:01:48+00:00;2025-07-10T15:41:31+00:00;https://www.openstreetmap.org/user/LucaCeresoli
371;1788682;talete1;26;0;0;0;0;0;0;0;0;0;9;17;2025-09-13T12:18:25+00:00;2026-02-21T20:05:06+00:00;https://www.openstreetmap.org/user/talete1
372;3379499;nifreddo;26;6;20;0;0;0;0;0;0;0;0;0;2016-08-26T19:55:03+00:00;2017-11-17T21:13:30+00:00;https://www.openstreetmap.org/user/nifreddo
373;4425563;Danysan95;26;0;0;0;0;0;0;0;0;0;24;2;2025-04-20T16:29:20+00:00;2026-09-12T16:17:10+00:00;https://www.openstreetmap.org/user/Danysan95
374;9511356;Marco Calcabrini;26;0;0;0;26;0;0;0;0;0;0;0;2019-03-08T15:04:14+00:00;2019-11-28T10:33:07+00:00;https://www.openstreetmap.org/user/Marco%20Calcabrini
375;9618265;Shelly App;26;0;0;0;26;0;0;0;0;0;0;0;2019-06-25T09:01:12+00:00;2019-07-03T15:12:30+00:00;https://www.openstreetmap.org/user/Shelly%20App
376;10107230;kvss;26;0;0;0;0;0;26;0;0;0;0;0;2021-04-20T04:20:00+00:00;2021-04-23T04:34:05+00:00;https://www.openstreetmap.org/user/kvss
377;1987;niubii;25;3;17;3;0;0;0;0;1;0;1;0;2016-07-25T18:45:28+00:00;2025-09-05T05:48:38+00:00;https://www.openstreetmap.org/user/niubii
378;72020;Petr1868;25;25;0;0;0;0;0;0;0;0;0;0;2016-11-09T09:02:16+00:00;2016-11-09T12:23:28+00:00;https://www.openstreetmap.org/user/Petr1868
379;392060;Francesco91;25;3;8;0;1;9;1;0;0;3;0;0;2016-06-10T07:03:07+00:00;2024-08-04T08:36:52+00:00;https://www.openstreetmap.org/user/Francesco91
380;1125851;SandroB;25;0;0;0;0;0;0;0;0;25;0;0;2024-04-25T15:13:51+00:00;2024-05-26T11:27:08+00:00;https://www.openstreetmap.org/user/SandroB
381;2748195;karitotp;25;23;2;0;0;0;0;0;0;0;0;0;2016-04-26T16:48:19+00:00;2017-03-24T00:12:35+00:00;https://www.openstreetmap.org/user/karitotp
382;4474272;Alessandra Fantozzi;25;25;0;0;0;0;0;0;0;0;0;0;2016-08-25T13:46:29+00:00;2016-08-29T15:08:20+00:00;https://www.openstreetmap.org/user/Alessandra%20Fantozzi
383;6806137;Jaffs;25;0;0;0;25;0;0;0;0;0;0;0;2019-03-21T11:58:15+00:00;2019-05-28T09:27:05+00:00;https://www.openstreetmap.org/user/Jaffs
384;7037875;franco_pi;25;0;0;0;0;0;0;0;0;0;25;0;2025-09-10T16:45:05+00:00;2025-09-13T18:18:15+00:00;https://www.openstreetmap.org/user/franco_pi
385;8371994;Giovanni Iannone;25;0;0;0;0;0;0;0;0;0;25;0;2025-02-22T11:04:21+00:00;2025-07-03T06:29:24+00:00;https://www.openstreetmap.org/user/Giovanni%20Iannone
386;8804143;Mauro_P;25;0;0;20;1;2;0;1;1;0;0;0;2018-09-10T13:22:01+00:00;2023-01-12T14:53:39+00:00;https://www.openstreetmap.org/user/Mauro_P
387;9754837;simoreds;25;0;0;0;24;1;0;0;0;0;0;0;2019-04-27T08:09:03+00:00;2020-05-11T15:35:10+00:00;https://www.openstreetmap.org/user/simoreds
388;22732603;Anesa Halilovic;25;0;0;0;0;0;0;0;0;0;25;0;2025-04-10T11:42:28+00:00;2025-04-10T13:57:09+00:00;https://www.openstreetmap.org/user/Anesa%20Halilovic
389;23832732;Pit-_-;25;0;0;0;0;0;0;0;0;0;0;25;2026-02-17T08:52:31+00:00;2026-05-04T09:32:17+00:00;https://www.openstreetmap.org/user/Pit-_-
390;454306;dega180;24;0;2;0;7;0;1;0;1;2;10;1;2017-01-25T13:13:08+00:00;2026-07-28T08:20:25+00:00;https://www.openstreetmap.org/user/dega180
391;602784;fedc;24;0;0;5;3;1;2;4;0;7;2;0;2018-02-24T00:43:54+00:00;2025-05-01T16:45:53+00:00;https://www.openstreetmap.org/user/fedc
392;1164672;marcoriv;24;24;0;0;0;0;0;0;0;0;0;0;2016-08-05T07:21:11+00:00;2016-08-06T07:29:59+00:00;https://www.openstreetmap.org/user/marcoriv
393;3313509;Lorenzo Ballotta;24;0;0;20;4;0;0;0;0;0;0;0;2018-10-05T12:10:48+00:00;2019-06-04T14:03:27+00:00;https://www.openstreetmap.org/user/Lorenzo%20Ballotta
394;3526564;yurasi;24;21;3;0;0;0;0;0;0;0;0;0;2016-06-09T20:56:03+00:00;2017-07-10T21:11:43+00:00;https://www.openstreetmap.org/user/yurasi
395;3860742;Philips22;24;24;0;0;0;0;0;0;0;0;0;0;2016-05-13T12:40:55+00:00;2016-05-20T13:58:29+00:00;https://www.openstreetmap.org/user/Philips22
396;7527695;usbe;24;0;0;1;0;0;20;3;0;0;0;0;2018-11-04T18:07:55+00:00;2022-12-30T19:21:33+00:00;https://www.openstreetmap.org/user/usbe
397;8534318;JDu7;24;0;0;0;0;0;0;24;0;0;0;0;2022-07-08T07:22:07+00:00;2022-08-13T14:32:57+00:00;https://www.openstreetmap.org/user/JDu7
398;14487468;aklopau_kontur;24;0;0;0;0;0;0;24;0;0;0;0;2022-03-14T20:21:07+00:00;2022-03-16T13:15:34+00:00;https://www.openstreetmap.org/user/aklopau_kontur
399;20685598;aldus12;24;0;0;0;0;0;0;0;12;6;3;3;2023-12-18T12:12:51+00:00;2026-04-30T12:50:21+00:00;https://www.openstreetmap.org/user/aldus12
400;22409706;Steve Pizzati;24;0;0;0;0;0;0;0;0;0;23;1;2025-06-05T04:58:44+00:00;2026-05-19T02:39:54+00:00;https://www.openstreetmap.org/user/Steve%20Pizzati
401;712033;lgsp0;23;0;0;0;0;0;0;0;0;0;23;0;2025-09-09T08:27:19+00:00;2025-09-24T14:57:43+00:00;https://www.openstreetmap.org/user/lgsp0
402;870125;Silvan87;23;22;0;1;0;0;0;0;0;0;0;0;2016-03-20T19:59:03+00:00;2018-08-26T13:08:22+00:00;https://www.openstreetmap.org/user/Silvan87
403;934499;nico202;23;0;0;0;0;23;0;0;0;0;0;0;2020-08-02T20:41:17+00:00;2020-08-18T18:47:24+00:00;https://www.openstreetmap.org/user/nico202
404;1714220;luschi;23;3;0;9;0;3;0;1;7;0;0;0;2016-04-14T18:53:56+00:00;2023-02-20T17:41:34+00:00;https://www.openstreetmap.org/user/luschi
405;2101989;gallenblog;23;0;0;0;0;0;0;0;0;23;0;0;2024-08-06T12:06:22+00:00;2024-08-16T08:27:44+00:00;https://www.openstreetmap.org/user/gallenblog
406;2700236;Berga;23;20;0;2;0;1;0;0;0;0;0;0;2016-03-02T09:20:33+00:00;2020-09-21T07:15:05+00:00;https://www.openstreetmap.org/user/Berga
407;4473747;waldes87;23;23;0;0;0;0;0;0;0;0;0;0;2016-08-27T12:04:23+00:00;2016-10-27T13:29:01+00:00;https://www.openstreetmap.org/user/waldes87
408;7105697;_Garrison_;23;0;0;0;23;0;0;0;0;0;0;0;2019-11-25T20:45:51+00:00;2019-11-25T20:59:27+00:00;https://www.openstreetmap.org/user/_Garrison_
409;7423590;RoaTracer;23;0;0;0;0;23;0;0;0;0;0;0;2020-06-28T13:29:26+00:00;2020-06-29T17:39:18+00:00;https://www.openstreetmap.org/user/RoaTracer
410;17483894;MBiscotto;23;0;0;0;0;0;0;13;1;6;2;1;2022-10-25T13:41:49+00:00;2026-04-09T08:39:49+00:00;https://www.openstreetmap.org/user/MBiscotto
411;23832711;santa222;23;0;0;0;0;0;0;0;0;0;0;23;2026-02-16T22:31:28+00:00;2026-05-04T09:03:39+00:00;https://www.openstreetmap.org/user/santa222
412;40518;kurtluks;22;1;1;18;2;0;0;0;0;0;0;0;2016-05-24T18:58:28+00:00;2019-04-03T14:59:31+00:00;https://www.openstreetmap.org/user/kurtluks
413;129060;Klenje;22;0;1;0;11;0;0;10;0;0;0;0;2017-09-14T20:52:18+00:00;2022-09-22T11:02:52+00:00;https://www.openstreetmap.org/user/Klenje
414;3575988;Valente Giancarlo;22;17;4;0;0;0;1;0;0;0;0;0;2016-08-28T15:09:21+00:00;2021-08-18T09:27:14+00:00;https://www.openstreetmap.org/user/Valente%20Giancarlo
415;5673554;maxfranco64;22;0;22;0;0;0;0;0;0;0;0;0;2017-08-28T15:28:14+00:00;2017-08-30T16:53:52+00:00;https://www.openstreetmap.org/user/maxfranco64
416;7070205;-Valentino-;22;0;0;22;0;0;0;0;0;0;0;0;2018-11-12T20:45:51+00:00;2018-11-12T21:13:10+00:00;https://www.openstreetmap.org/user/-Valentino-
417;10763098;OSEHb;22;0;0;0;0;0;22;0;0;0;0;0;2021-06-02T12:00:11+00:00;2021-06-11T13:25:42+00:00;https://www.openstreetmap.org/user/OSEHb
418;11780163;Amerigo D;22;0;0;0;0;19;2;1;0;0;0;0;2020-09-08T11:39:10+00:00;2022-11-06T21:45:31+00:00;https://www.openstreetmap.org/user/Amerigo%20D
419;12191123;barbaralu;22;0;0;0;0;0;0;0;0;22;0;0;2024-08-02T17:36:00+00:00;2024-08-03T10:41:50+00:00;https://www.openstreetmap.org/user/barbaralu
420;13920670;ottanium;22;0;0;0;0;0;0;19;1;2;0;0;2022-01-30T17:50:41+00:00;2024-06-01T10:42:31+00:00;https://www.openstreetmap.org/user/ottanium
421;15458791;BR_pebble;22;0;0;0;0;0;0;10;0;3;9;0;2022-06-07T03:56:14+00:00;2025-05-21T06:47:25+00:00;https://www.openstreetmap.org/user/BR_pebble
422;17280586;Shre_WD;22;0;0;0;0;0;0;0;0;0;0;22;2026-08-07T13:20:23+00:00;2026-08-10T12:02:40+00:00;https://www.openstreetmap.org/user/Shre_WD
423;22263136;Jobert Koomans;22;0;0;0;0;0;0;0;0;0;22;0;2025-07-13T13:37:56+00:00;2025-07-19T08:41:03+00:00;https://www.openstreetmap.org/user/Jobert%20Koomans
424;23862581;Regno92;22;0;0;0;0;0;0;0;0;0;0;22;2026-03-01T16:13:32+00:00;2026-03-02T14:09:00+00:00;https://www.openstreetmap.org/user/Regno92
425;3199858;Mateusz Konieczny - bot account;21;0;0;1;0;0;3;0;6;1;4;6;2018-07-02T17:35:31+00:00;2026-09-26T09:59:32+00:00;https://www.openstreetmap.org/user/Mateusz%20Konieczny%20-%20bot%20account
426;3286661;LorenzoBassi_SICAI_Team;21;0;0;0;0;4;3;0;0;12;2;0;2020-09-24T13:49:05+00:00;2025-09-24T07:19:44+00:00;https://www.openstreetmap.org/user/LorenzoBassi_SICAI_Team
427;4443533;MaestroGlanz;21;0;0;0;0;0;0;0;21;0;0;0;2023-05-05T08:23:24+00:00;2023-05-19T14:35:58+00:00;https://www.openstreetmap.org/user/MaestroGlanz
428;4473508;alice_v;21;21;0;0;0;0;0;0;0;0;0;0;2016-08-25T13:38:23+00:00;2016-08-28T10:10:53+00:00;https://www.openstreetmap.org/user/alice_v
429;4801842;Carlo Magistrali;21;21;0;0;0;0;0;0;0;0;0;0;2016-10-31T08:54:46+00:00;2016-10-31T11:06:45+00:00;https://www.openstreetmap.org/user/Carlo%20Magistrali
430;5696484;Diego 5;21;0;11;10;0;0;0;0;0;0;0;0;2017-05-05T19:15:31+00:00;2018-10-02T08:28:23+00:00;https://www.openstreetmap.org/user/Diego%205
431;8761543;pisipisi;21;0;0;21;0;0;0;0;0;0;0;0;2018-09-04T20:04:47+00:00;2018-10-03T07:34:45+00:00;https://www.openstreetmap.org/user/pisipisi
432;12309728;Emanuele Manco;21;0;0;0;0;0;0;21;0;0;0;0;2022-05-20T14:52:34+00:00;2022-05-30T06:47:18+00:00;https://www.openstreetmap.org/user/Emanuele%20Manco
433;14728745;Sammamish;21;0;0;0;0;0;0;1;0;0;20;0;2022-06-15T06:54:07+00:00;2025-05-21T07:31:36+00:00;https://www.openstreetmap.org/user/Sammamish
434;18452174;Chiarant;21;0;0;0;0;0;0;0;4;11;6;0;2023-04-05T15:30:22+00:00;2025-09-17T13:07:45+00:00;https://www.openstreetmap.org/user/Chiarant
435;5359;user_5359;20;0;0;0;0;1;7;3;4;0;4;1;2020-02-23T08:07:19+00:00;2026-09-19T11:56:28+00:00;https://www.openstreetmap.org/user/user_5359
436;70012;Jinx71;20;0;0;0;18;0;0;2;0;0;0;0;2019-03-07T18:23:38+00:00;2022-06-19T07:33:07+00:00;https://www.openstreetmap.org/user/Jinx71
437;428001;wegspotter;20;0;20;0;0;0;0;0;0;0;0;0;2017-08-27T12:35:34+00:00;2017-08-27T14:43:49+00:00;https://www.openstreetmap.org/user/wegspotter
438;1227619;Marco_T;20;18;2;0;0;0;0;0;0;0;0;0;2016-08-25T14:25:46+00:00;2017-01-22T13:01:02+00:00;https://www.openstreetmap.org/user/Marco_T
439;1808015;SHARCRASH;20;4;4;8;4;0;0;0;0;0;0;0;2016-05-26T11:32:37+00:00;2019-06-07T13:20:26+00:00;https://www.openstreetmap.org/user/SHARCRASH
440;1811170;ettore marchetti;20;0;0;0;0;0;8;0;1;11;0;0;2021-02-19T20:10:35+00:00;2024-06-25T19:44:01+00:00;https://www.openstreetmap.org/user/ettore%20marchetti
441;2976645;Jrachi;20;0;0;0;0;0;0;0;1;10;5;4;2023-08-19T12:30:47+00:00;2026-08-02T07:58:30+00:00;https://www.openstreetmap.org/user/Jrachi
442;3078595;Fritzl65;20;8;0;0;12;0;0;0;0;0;0;0;2016-08-15T04:46:00+00:00;2019-07-02T20:22:44+00:00;https://www.openstreetmap.org/user/Fritzl65
443;5202776;thebountykiller;20;0;5;12;2;1;0;0;0;0;0;0;2017-01-27T00:16:21+00:00;2020-01-25T09:07:56+00:00;https://www.openstreetmap.org/user/thebountykiller
444;6071022;fabryp75;20;0;20;0;0;0;0;0;0;0;0;0;2017-05-31T07:13:42+00:00;2017-06-19T15:11:02+00:00;https://www.openstreetmap.org/user/fabryp75
445;8844626;Marewani;20;0;0;17;0;0;0;0;0;1;0;2;2018-09-19T15:21:54+00:00;2026-07-15T13:11:45+00:00;https://www.openstreetmap.org/user/Marewani
446;9511354;Eris87cc;20;0;0;0;20;0;0;0;0;0;0;0;2019-03-08T15:19:28+00:00;2019-10-18T07:32:21+00:00;https://www.openstreetmap.org/user/Eris87cc
447;10047647;dxmann;20;0;0;0;0;0;0;0;0;0;0;20;2026-04-29T06:50:44+00:00;2026-05-12T15:23:27+00:00;https://www.openstreetmap.org/user/dxmann
448;10431996;LiDaGiu;20;0;0;0;0;0;0;0;0;0;0;20;2026-08-22T13:23:04+00:00;2026-09-14T17:17:55+00:00;https://www.openstreetmap.org/user/LiDaGiu
449;12640745;semrs1;20;0;0;0;0;0;0;20;0;0;0;0;2022-01-26T19:15:22+00:00;2022-01-28T14:02:49+00:00;https://www.openstreetmap.org/user/semrs1
450;21321497;FedericoCrine;20;0;0;0;0;0;0;0;0;0;0;20;2026-03-02T18:20:40+00:00;2026-03-23T09:59:54+00:00;https://www.openstreetmap.org/user/FedericoCrine
451;21433506;Francesco Casoni;20;0;0;0;0;0;0;0;0;18;0;2;2024-05-06T15:24:05+00:00;2026-07-09T07:45:53+00:00;https://www.openstreetmap.org/user/Francesco%20Casoni
452;21771443;simone-viozzi;20;0;0;0;0;0;0;0;0;4;16;0;2024-07-20T13:23:57+00:00;2025-08-13T15:04:19+00:00;https://www.openstreetmap.org/user/simone-viozzi
453;22732610;Gopi Battineni;20;0;0;0;0;0;0;0;0;0;20;0;2025-04-10T13:30:19+00:00;2025-04-10T13:47:05+00:00;https://www.openstreetmap.org/user/Gopi%20Battineni
454;23832716;ga gasparri;20;0;0;0;0;0;0;0;0;0;0;20;2026-03-16T10:14:39+00:00;2026-05-26T07:28:43+00:00;https://www.openstreetmap.org/user/ga%20gasparri
455;24126;dforsi;19;8;1;8;1;0;0;0;1;0;0;0;2016-10-26T19:07:42+00:00;2023-05-30T09:14:18+00:00;https://www.openstreetmap.org/user/dforsi
456;44791;jan_olieslagers;19;10;9;0;0;0;0;0;0;0;0;0;2016-05-27T17:32:37+00:00;2017-06-18T12:11:13+00:00;https://www.openstreetmap.org/user/jan_olieslagers
457;66965;urk;19;0;0;0;0;0;0;0;0;0;19;0;2025-04-29T12:21:09+00:00;2025-06-10T15:24:12+00:00;https://www.openstreetmap.org/user/urk
458;78377;masterX244;19;0;1;1;6;0;1;10;0;0;0;0;2017-09-01T09:26:21+00:00;2022-07-11T13:09:29+00:00;https://www.openstreetmap.org/user/masterX244
459;322785;BCNorwich;19;0;0;1;0;0;0;0;0;0;16;2;2018-09-24T09:10:28+00:00;2026-06-29T09:10:43+00:00;https://www.openstreetmap.org/user/BCNorwich
460;498195;pelorandom;19;12;4;3;0;0;0;0;0;0;0;0;2016-01-27T12:09:24+00:00;2018-08-25T19:07:16+00:00;https://www.openstreetmap.org/user/pelorandom
461;540164;orko10;19;19;0;0;0;0;0;0;0;0;0;0;2016-02-26T19:01:26+00:00;2016-05-21T20:27:48+00:00;https://www.openstreetmap.org/user/orko10
462;542131;splisp;19;8;8;0;0;0;1;1;0;0;1;0;2016-02-11T14:47:02+00:00;2025-04-15T17:15:24+00:00;https://www.openstreetmap.org/user/splisp
463;730682;Max1234-ITA;19;6;0;0;0;0;0;2;0;0;11;0;2016-08-27T20:55:06+00:00;2025-09-11T22:38:40+00:00;https://www.openstreetmap.org/user/Max1234-ITA
464;1931846;Ceaus;19;10;0;8;0;1;0;0;0;0;0;0;2016-09-17T16:03:10+00:00;2020-08-29T13:51:33+00:00;https://www.openstreetmap.org/user/Ceaus
465;2226712;DannyAiquipa;19;18;1;0;0;0;0;0;0;0;0;0;2016-03-10T16:24:08+00:00;2017-02-14T21:25:27+00:00;https://www.openstreetmap.org/user/DannyAiquipa
466;3101097;tomm_b;19;1;10;5;0;3;0;0;0;0;0;0;2016-03-14T22:38:51+00:00;2020-11-14T12:22:50+00:00;https://www.openstreetmap.org/user/tomm_b
467;4495048;Mattia Pedana;19;19;0;0;0;0;0;0;0;0;0;0;2016-08-29T05:59:28+00:00;2016-09-06T09:42:22+00:00;https://www.openstreetmap.org/user/Mattia%20Pedana
468;6196973;IoMappo;19;0;4;12;3;0;0;0;0;0;0;0;2017-07-12T07:31:48+00:00;2019-09-06T13:10:41+00:00;https://www.openstreetmap.org/user/IoMappo
469;7093338;-Schwarz-;19;0;0;0;19;0;0;0;0;0;0;0;2019-02-24T09:32:46+00:00;2019-02-24T10:08:35+00:00;https://www.openstreetmap.org/user/-Schwarz-
470;7182636;Nico Nardi;19;0;12;4;1;0;0;0;0;2;0;0;2017-12-09T10:25:00+00:00;2024-06-09T07:55:36+00:00;https://www.openstreetmap.org/user/Nico%20Nardi
471;9265159;grawal;19;0;0;0;0;13;0;0;0;3;3;0;2020-08-27T15:16:57+00:00;2025-01-08T15:33:48+00:00;https://www.openstreetmap.org/user/grawal
472;9616185;LukeDH;19;0;0;0;3;0;0;0;0;11;5;0;2019-05-18T11:10:58+00:00;2025-08-13T08:15:28+00:00;https://www.openstreetmap.org/user/LukeDH
473;10893865;Emanuele Lorenzo Corti;19;0;0;0;0;0;0;19;0;0;0;0;2022-07-15T18:41:16+00:00;2022-07-20T14:12:11+00:00;https://www.openstreetmap.org/user/Emanuele%20Lorenzo%20Corti
474;11066330;faan11;19;0;0;0;0;0;19;0;0;0;0;0;2021-09-01T16:21:11+00:00;2021-11-26T10:17:45+00:00;https://www.openstreetmap.org/user/faan11
475;14626354;DavideSpaletra;19;0;0;0;0;0;0;19;0;0;0;0;2022-06-30T14:15:32+00:00;2022-07-01T08:02:41+00:00;https://www.openstreetmap.org/user/DavideSpaletra
476;15228959;Corte_;19;0;0;0;0;0;0;19;0;0;0;0;2022-03-04T11:30:05+00:00;2022-03-05T11:03:37+00:00;https://www.openstreetmap.org/user/Corte_
477;19075609;riccardo omiccioli;19;0;0;0;0;0;0;0;3;13;0;3;2023-09-22T14:46:21+00:00;2026-07-04T13:36:03+00:00;https://www.openstreetmap.org/user/riccardo%20omiccioli
478;23832717;ANTOHH;19;0;0;0;0;0;0;0;0;0;0;19;2026-04-13T09:16:13+00:00;2026-05-26T19:42:51+00:00;https://www.openstreetmap.org/user/ANTOHH
479;81746;Gabbro;18;18;0;0;0;0;0;0;0;0;0;0;2016-08-25T14:07:01+00:00;2016-08-25T15:06:30+00:00;https://www.openstreetmap.org/user/Gabbro
480;177389;user_177389;18;0;1;1;2;2;2;4;1;5;0;0;2017-07-09T05:05:09+00:00;2024-09-23T16:42:09+00:00;https://www.openstreetmap.org/user/user_177389
481;454589;sabas88;18;4;8;3;1;1;0;1;0;0;0;0;2016-01-10T16:30:57+00:00;2022-09-05T08:56:04+00:00;https://www.openstreetmap.org/user/sabas88
482;2464108;la terrazza ancona;18;0;0;2;0;3;6;1;6;0;0;0;2018-10-29T17:50:12+00:00;2023-06-21T12:16:03+00:00;https://www.openstreetmap.org/user/la%20terrazza%20ancona
483;2567901;marin97;18;7;11;0;0;0;0;0;0;0;0;0;2016-09-13T06:45:15+00:00;2017-08-29T10:51:50+00:00;https://www.openstreetmap.org/user/marin97
484;5408794;miclam60;18;0;0;0;0;0;0;0;0;0;8;10;2025-09-05T15:22:36+00:00;2026-08-26T10:19:39+00:00;https://www.openstreetmap.org/user/miclam60
485;7126821;Soulrack;18;0;7;5;5;0;1;0;0;0;0;0;2017-12-01T20:01:20+00:00;2021-03-18T11:53:55+00:00;https://www.openstreetmap.org/user/Soulrack
486;9466404;bene_vanni;18;0;0;0;0;0;0;0;0;0;0;18;2026-04-20T12:32:15+00:00;2026-04-20T14:30:13+00:00;https://www.openstreetmap.org/user/bene_vanni
487;10396321;saunter;18;0;0;0;0;0;0;0;18;0;0;0;2023-05-02T15:04:00+00:00;2023-07-14T17:29:40+00:00;https://www.openstreetmap.org/user/saunter
488;11819991;hhazem;18;0;0;0;0;18;0;0;0;0;0;0;2020-10-31T18:45:49+00:00;2020-10-31T19:48:36+00:00;https://www.openstreetmap.org/user/hhazem
489;17445709;Assadermanassa;18;0;0;0;0;0;0;4;0;13;1;0;2022-10-20T21:46:37+00:00;2025-01-04T03:40:41+00:00;https://www.openstreetmap.org/user/Assadermanassa
490;18530380;fschlaich;18;0;0;0;0;0;0;0;0;18;0;0;2024-09-04T20:28:04+00:00;2024-09-11T13:27:17+00:00;https://www.openstreetmap.org/user/fschlaich
491;19199876;harisont;18;0;0;0;0;0;0;0;0;0;18;0;2025-06-23T20:41:16+00:00;2025-06-25T11:14:02+00:00;https://www.openstreetmap.org/user/harisont
492;20630622;scati;18;0;0;0;0;0;0;0;0;4;10;4;2024-07-29T10:23:30+00:00;2026-09-21T14:07:05+00:00;https://www.openstreetmap.org/user/scati
493;23832747;_basii;18;0;0;0;0;0;0;0;0;0;0;18;2026-02-24T08:26:41+00:00;2026-05-19T14:20:29+00:00;https://www.openstreetmap.org/user/_basii
494;24116052;Gilberto Ficara;18;0;0;0;0;0;0;0;0;0;0;18;2026-05-10T15:39:48+00:00;2026-09-25T16:46:55+00:00;https://www.openstreetmap.org/user/Gilberto%20Ficara
495;33407;Zaffo80;17;5;0;2;0;1;2;1;3;3;0;0;2016-08-30T20:20:14+00:00;2024-07-18T22:11:00+00:00;https://www.openstreetmap.org/user/Zaffo80
496;944876;servilius_ahala;17;4;0;3;0;0;2;0;3;3;2;0;2016-08-13T15:01:13+00:00;2025-06-21T21:54:19+00:00;https://www.openstreetmap.org/user/servilius_ahala
497;2434593;Pierpaoloercoli;17;0;14;1;0;1;0;0;0;0;1;0;2017-08-10T09:01:46+00:00;2025-12-23T19:40:17+00:00;https://www.openstreetmap.org/user/Pierpaoloercoli
498;3092246;manlio magnoni;17;0;0;5;4;0;0;0;1;2;0;5;2018-02-19T13:34:23+00:00;2026-07-28T07:58:38+00:00;https://www.openstreetmap.org/user/manlio%20magnoni
499;3630046;Enrico (AN);17;14;3;0;0;0;0;0;0;0;0;0;2016-02-15T17:48:51+00:00;2017-01-19T18:19:09+00:00;https://www.openstreetmap.org/user/Enrico%20%28AN%29
500;3810171;Alessandro Mattioli;17;6;4;0;4;2;0;0;1;0;0;0;2016-07-22T15:05:13+00:00;2023-09-28T15:05:11+00:00;https://www.openstreetmap.org/user/Alessandro%20Mattioli
501;4110999;alealeale82;17;17;0;0;0;0;0;0;0;0;0;0;2016-06-13T08:57:39+00:00;2016-06-27T08:25:28+00:00;https://www.openstreetmap.org/user/alealeale82
502;4678512;Massimo Callara';17;17;0;0;0;0;0;0;0;0;0;0;2016-10-05T13:17:33+00:00;2016-10-05T22:37:57+00:00;https://www.openstreetmap.org/user/Massimo%20Callara%27
503;6269039;giocomai;17;0;0;0;0;0;5;4;8;0;0;0;2021-09-01T12:35:29+00:00;2023-06-22T13:10:23+00:00;https://www.openstreetmap.org/user/giocomai
504;9010613;NSkyer;17;0;0;7;2;3;3;0;0;2;0;0;2018-10-27T10:05:15+00:00;2024-02-05T20:51:30+00:00;https://www.openstreetmap.org/user/NSkyer
505;10082830;ManOfSteal;17;0;0;0;17;0;0;0;0;0;0;0;2019-06-18T08:35:05+00:00;2019-06-20T11:58:39+00:00;https://www.openstreetmap.org/user/ManOfSteal
506;10448965;dragas18;17;0;0;0;17;0;0;0;0;0;0;0;2019-11-08T15:11:39+00:00;2019-11-10T17:02:52+00:00;https://www.openstreetmap.org/user/dragas18
507;11156866;uzbehk;17;0;0;0;0;17;0;0;0;0;0;0;2020-06-16T13:58:40+00:00;2020-06-16T14:20:50+00:00;https://www.openstreetmap.org/user/uzbehk
508;12210976;Danilo De crescenzo;17;0;0;0;0;17;0;0;0;0;0;0;2020-11-23T13:04:59+00:00;2020-11-29T11:26:22+00:00;https://www.openstreetmap.org/user/Danilo%20De%20crescenzo
509;12657122;tommasoamici;17;0;0;0;0;0;0;0;0;17;0;0;2024-09-01T07:45:18+00:00;2024-09-02T12:53:34+00:00;https://www.openstreetmap.org/user/tommasoamici
510;14874072;cri_cri58;17;0;0;0;0;0;0;0;0;15;2;0;2024-03-23T19:17:23+00:00;2025-05-25T18:54:58+00:00;https://www.openstreetmap.org/user/cri_cri58
511;14955996;Sanselmi;17;0;0;0;0;0;0;17;0;0;0;0;2022-01-27T17:19:25+00:00;2022-06-20T20:39:43+00:00;https://www.openstreetmap.org/user/Sanselmi
512;15383363;marcovannu;17;0;0;0;0;0;0;2;15;0;0;0;2022-03-22T18:56:53+00:00;2023-08-10T11:13:48+00:00;https://www.openstreetmap.org/user/marcovannu
513;16124154;riccardot87;17;0;0;0;0;0;0;1;7;0;9;0;2022-05-28T16:44:41+00:00;2025-08-26T17:30:28+00:00;https://www.openstreetmap.org/user/riccardot87
514;17280926;Pan_Nug;17;0;0;0;0;0;0;0;0;0;0;17;2026-04-29T09:07:26+00:00;2026-09-03T09:31:47+00:00;https://www.openstreetmap.org/user/Pan_Nug
515;20950951;Alfoanto02;17;0;0;0;0;0;0;0;0;15;2;0;2024-10-18T09:25:38+00:00;2025-01-06T18:49:34+00:00;https://www.openstreetmap.org/user/Alfoanto02
516;23829075;EmanueleDiGiacomo;17;0;0;0;0;0;0;0;0;0;0;17;2026-02-15T10:36:53+00:00;2026-02-28T15:25:04+00:00;https://www.openstreetmap.org/user/EmanueleDiGiacomo
517;23832737;dadograss;17;0;0;0;0;0;0;0;0;0;0;17;2026-03-30T08:25:26+00:00;2026-05-04T09:23:10+00:00;https://www.openstreetmap.org/user/dadograss
518;1288;Niels Elgaard Larsen;16;0;0;0;0;0;0;0;0;8;8;0;2024-03-27T13:24:42+00:00;2025-11-05T00:37:45+00:00;https://www.openstreetmap.org/user/Niels%20Elgaard%20Larsen
519;71631;andrewsh;16;0;0;16;0;0;0;0;0;0;0;0;2018-07-13T17:19:26+00:00;2018-08-04T09:01:20+00:00;https://www.openstreetmap.org/user/andrewsh
520;78172;FabC;16;16;0;0;0;0;0;0;0;0;0;0;2016-08-24T16:49:01+00:00;2016-09-04T20:13:09+00:00;https://www.openstreetmap.org/user/FabC
521;1983103;Jorisbo;16;0;0;0;0;0;7;3;0;4;0;2;2021-03-06T18:25:47+00:00;2026-03-24T17:20:55+00:00;https://www.openstreetmap.org/user/Jorisbo
522;2221475;Sambu83;16;7;0;3;0;3;0;0;3;0;0;0;2016-09-16T12:17:15+00:00;2023-05-12T12:05:18+00:00;https://www.openstreetmap.org/user/Sambu83
523;2511706;calfarome;16;14;2;0;0;0;0;0;0;0;0;0;2016-03-15T19:05:55+00:00;2017-05-12T22:52:24+00:00;https://www.openstreetmap.org/user/calfarome
524;3744356;Basil Black;16;0;16;0;0;0;0;0;0;0;0;0;2017-01-09T20:49:06+00:00;2017-03-22T11:13:59+00:00;https://www.openstreetmap.org/user/Basil%20Black
525;3921131;Laura Montanari;16;16;0;0;0;0;0;0;0;0;0;0;2016-05-05T07:44:54+00:00;2016-05-16T07:56:46+00:00;https://www.openstreetmap.org/user/Laura%20Montanari
526;6077186;Servizi e Partners;16;0;15;0;0;0;0;0;0;1;0;0;2017-05-27T13:22:12+00:00;2024-05-08T08:37:57+00:00;https://www.openstreetmap.org/user/Servizi%20e%20Partners
527;6396590;MaveriKTheKaos;16;0;16;0;0;0;0;0;0;0;0;0;2017-07-29T16:41:48+00:00;2017-12-08T16:51:53+00:00;https://www.openstreetmap.org/user/MaveriKTheKaos
528;8331873;user_8331873;16;0;0;8;8;0;0;0;0;0;0;0;2018-10-11T12:34:58+00:00;2019-07-19T20:12:48+00:00;https://www.openstreetmap.org/user/user_8331873
529;9520256;solomonica;16;0;0;0;12;4;0;0;0;0;0;0;2019-03-12T18:37:00+00:00;2020-11-15T22:05:09+00:00;https://www.openstreetmap.org/user/solomonica
530;10854013;laflormaria;16;0;0;0;0;0;0;0;0;0;16;0;2025-09-10T16:43:04+00:00;2025-09-13T17:07:51+00:00;https://www.openstreetmap.org/user/laflormaria
531;11570665;C_Matteo;16;0;0;0;0;0;0;16;0;0;0;0;2022-10-25T15:22:06+00:00;2022-10-29T06:21:55+00:00;https://www.openstreetmap.org/user/C_Matteo
532;13557670;Joebe;16;0;0;0;0;0;5;11;0;0;0;0;2021-11-18T12:51:32+00:00;2022-05-11T15:16:13+00:00;https://www.openstreetmap.org/user/Joebe
533;13789533;Pie_Editor;16;0;0;0;0;0;13;3;0;0;0;0;2021-08-07T13:32:49+00:00;2022-08-24T15:38:26+00:00;https://www.openstreetmap.org/user/Pie_Editor
534;14152900;Gianfranco De Rose;16;0;0;0;0;0;0;0;0;16;0;0;2024-05-20T10:58:32+00:00;2024-05-20T12:59:39+00:00;https://www.openstreetmap.org/user/Gianfranco%20De%20Rose
535;15625820;jarod82;16;0;0;0;0;0;0;16;0;0;0;0;2022-04-19T08:52:57+00:00;2022-04-25T19:12:56+00:00;https://www.openstreetmap.org/user/jarod82
536;18038465;pboscherini;16;0;0;0;0;0;0;0;16;0;0;0;2023-02-07T11:39:53+00:00;2023-09-04T11:25:47+00:00;https://www.openstreetmap.org/user/pboscherini
537;20089169;lobisquit;16;0;0;0;0;0;0;0;0;16;0;0;2024-07-18T18:02:05+00:00;2024-07-19T15:01:06+00:00;https://www.openstreetmap.org/user/lobisquit
538;21903060;danieleesatrail;16;0;0;0;0;0;0;0;0;9;7;0;2024-09-02T15:10:01+00:00;2025-05-05T14:57:50+00:00;https://www.openstreetmap.org/user/danieleesatrail
539;22295445;Thorbjørn Lindeijer;16;0;0;0;0;0;0;0;0;0;0;16;2026-07-29T16:58:16+00:00;2026-08-05T12:43:01+00:00;https://www.openstreetmap.org/user/Thorbj%C3%B8rn%20Lindeijer
540;22732625;Vanessa Chicchon Vasquez;16;0;0;0;0;0;0;0;0;0;16;0;2025-04-10T13:38:51+00:00;2025-04-10T14:02:27+00:00;https://www.openstreetmap.org/user/Vanessa%20Chicchon%20Vasquez
541;22909472;Milziade;16;0;0;0;0;0;0;0;0;0;15;1;2025-06-23T13:58:18+00:00;2026-08-04T08:58:37+00:00;https://www.openstreetmap.org/user/Milziade
542;23717762;Frugopondo;16;0;0;0;0;0;0;0;0;0;0;16;2026-07-26T07:08:32+00:00;2026-07-26T07:37:58+00:00;https://www.openstreetmap.org/user/Frugopondo
543;23957795;Maro314o;16;0;0;0;0;0;0;0;0;0;0;16;2026-07-27T17:49:05+00:00;2026-08-01T10:40:41+00:00;https://www.openstreetmap.org/user/Maro314o
544;78613;heilbron;15;0;0;15;0;0;0;0;0;0;0;0;2018-05-24T09:14:44+00:00;2018-08-14T09:21:00+00:00;https://www.openstreetmap.org/user/heilbron
545;1719581;ironmarc75;15;8;0;0;0;0;0;0;0;7;0;0;2016-08-26T09:14:25+00:00;2024-01-11T15:45:05+00:00;https://www.openstreetmap.org/user/ironmarc75
546;2479843;Aleesandro Delladio;15;15;0;0;0;0;0;0;0;0;0;0;2016-08-26T07:50:58+00:00;2016-08-26T09:28:11+00:00;https://www.openstreetmap.org/user/Aleesandro%20Delladio
547;3460688;Piergiorgio76;15;15;0;0;0;0;0;0;0;0;0;0;2016-03-13T17:31:59+00:00;2016-03-13T18:44:08+00:00;https://www.openstreetmap.org/user/Piergiorgio76
548;3665024;Alessandro Paoletti;15;6;0;0;0;0;0;0;0;0;9;0;2016-02-27T18:03:16+00:00;2025-01-30T18:40:13+00:00;https://www.openstreetmap.org/user/Alessandro%20Paoletti
549;7118789;Luca Tesei;15;0;15;0;0;0;0;0;0;0;0;0;2017-11-30T21:46:35+00:00;2017-12-16T18:00:04+00:00;https://www.openstreetmap.org/user/Luca%20Tesei
550;7281305;Balastrong;15;0;12;3;0;0;0;0;0;0;0;0;2017-12-18T18:37:31+00:00;2018-01-09T16:03:57+00:00;https://www.openstreetmap.org/user/Balastrong
551;8545687;gbtest85;15;0;0;0;0;7;0;0;0;0;8;0;2020-09-08T22:28:16+00:00;2025-04-01T19:35:53+00:00;https://www.openstreetmap.org/user/gbtest85
552;9433567;Stenux;15;0;0;0;0;0;0;0;0;0;0;15;2026-07-24T18:34:30+00:00;2026-07-25T07:41:01+00:00;https://www.openstreetmap.org/user/Stenux
553;10264007;CiAtaualpa;15;0;0;0;15;0;0;0;0;0;0;0;2019-08-30T18:40:51+00:00;2019-10-01T19:24:25+00:00;https://www.openstreetmap.org/user/CiAtaualpa
554;11217457;write_the_map;15;0;0;0;0;0;4;11;0;0;0;0;2021-05-21T17:15:27+00:00;2022-03-22T19:37:06+00:00;https://www.openstreetmap.org/user/write_the_map
555;11644547;Plaintelive;15;0;0;0;0;0;0;0;0;15;0;0;2024-01-05T16:17:24+00:00;2024-01-06T14:10:12+00:00;https://www.openstreetmap.org/user/Plaintelive
556;12985346;Alessandro Lepore;15;0;0;0;0;0;6;0;2;4;3;0;2021-04-02T12:46:20+00:00;2025-12-18T17:32:13+00:00;https://www.openstreetmap.org/user/Alessandro%20Lepore
557;13841144;Flamen_Sru;15;0;0;0;0;0;0;0;2;0;9;4;2023-08-29T12:14:58+00:00;2026-06-17T09:26:42+00:00;https://www.openstreetmap.org/user/Flamen_Sru
558;15484146;Antonio Angelozzi;15;0;0;0;0;0;0;14;0;0;1;0;2022-05-06T13:26:52+00:00;2025-01-25T23:48:54+00:00;https://www.openstreetmap.org/user/Antonio%20Angelozzi
559;17280203;Nature of Sal;15;0;0;0;0;0;0;0;15;0;0;0;2023-02-03T15:49:35+00:00;2023-05-25T12:05:23+00:00;https://www.openstreetmap.org/user/Nature%20of%20Sal
560;18439415;DamianoGhirardi;15;0;0;0;0;0;0;0;9;6;0;0;2023-07-13T09:15:22+00:00;2024-01-19T10:02:03+00:00;https://www.openstreetmap.org/user/DamianoGhirardi
561;18664193;Donaufelder;15;0;0;0;0;0;0;0;0;0;7;8;2025-08-06T13:28:31+00:00;2026-07-20T13:43:42+00:00;https://www.openstreetmap.org/user/Donaufelder
562;21174729;Chiara_Cintioni;15;0;0;0;0;0;0;0;0;15;0;0;2024-03-07T11:01:09+00:00;2024-03-07T14:08:29+00:00;https://www.openstreetmap.org/user/Chiara_Cintioni
563;22764359;bolsius;15;0;0;0;0;0;0;0;0;0;9;6;2025-04-18T13:54:50+00:00;2026-06-08T16:47:54+00:00;https://www.openstreetmap.org/user/bolsius
564;23354742;Aless Cerioni;15;0;0;0;0;0;0;0;0;0;14;1;2025-12-20T09:57:39+00:00;2026-01-01T11:47:51+00:00;https://www.openstreetmap.org/user/Aless%20Cerioni
565;7045;Xuacu;14;14;0;0;0;0;0;0;0;0;0;0;2016-10-27T10:19:33+00:00;2016-10-29T17:15:25+00:00;https://www.openstreetmap.org/user/Xuacu
566;66391;geozeisig;14;0;0;0;0;0;0;0;2;11;0;1;2023-02-27T07:32:22+00:00;2026-09-11T07:08:15+00:00;https://www.openstreetmap.org/user/geozeisig
567;108044;tfsm;14;0;0;2;5;0;7;0;0;0;0;0;2018-04-07T13:21:09+00:00;2021-09-14T21:10:54+00:00;https://www.openstreetmap.org/user/tfsm
568;197651;Diablos;14;3;5;3;3;0;0;0;0;0;0;0;2016-11-03T00:31:38+00:00;2019-04-15T22:50:37+00:00;https://www.openstreetmap.org/user/Diablos
569;370729;Jan Olieslagers;14;0;0;0;1;2;6;3;0;2;0;0;2019-07-23T04:35:02+00:00;2024-02-29T11:50:15+00:00;https://www.openstreetmap.org/user/Jan%20Olieslagers
570;380811;ThePhilemon;14;0;0;0;0;0;0;0;0;0;0;14;2026-09-05T14:43:09+00:00;2026-09-05T17:31:41+00:00;https://www.openstreetmap.org/user/ThePhilemon
571;398010;rm_;14;0;0;0;0;10;0;0;0;0;4;0;2020-08-23T15:57:27+00:00;2025-07-28T06:59:18+00:00;https://www.openstreetmap.org/user/rm_
572;1261323;Pierfrancesco;14;0;0;0;3;2;2;1;1;0;0;5;2019-03-08T10:34:14+00:00;2026-05-25T13:26:30+00:00;https://www.openstreetmap.org/user/Pierfrancesco
573;1864682;ualios;14;3;1;0;3;0;0;2;4;1;0;0;2016-01-16T10:28:20+00:00;2024-01-18T10:04:54+00:00;https://www.openstreetmap.org/user/ualios
574;1893120;Zerrossetto;14;9;0;0;0;0;0;0;4;0;0;1;2016-01-02T19:43:55+00:00;2026-06-29T06:32:46+00:00;https://www.openstreetmap.org/user/Zerrossetto
575;2073806;Gigaster;14;2;5;3;4;0;0;0;0;0;0;0;2016-07-09T11:53:27+00:00;2019-08-19T00:36:54+00:00;https://www.openstreetmap.org/user/Gigaster
576;3635829;forcinapastura;14;14;0;0;0;0;0;0;0;0;0;0;2016-02-17T16:15:34+00:00;2016-02-22T10:31:35+00:00;https://www.openstreetmap.org/user/forcinapastura
577;3889711;world1;14;14;0;0;0;0;0;0;0;0;0;0;2016-06-07T12:18:22+00:00;2016-07-02T10:53:24+00:00;https://www.openstreetmap.org/user/world1
578;4482099;aperegina;14;14;0;0;0;0;0;0;0;0;0;0;2016-08-26T21:39:40+00:00;2016-08-26T22:24:52+00:00;https://www.openstreetmap.org/user/aperegina
579;4579852;LavoriPubbliciMontelabbate3;14;14;0;0;0;0;0;0;0;0;0;0;2016-09-15T11:46:30+00:00;2016-09-15T15:38:11+00:00;https://www.openstreetmap.org/user/LavoriPubbliciMontelabbate3
580;5391898;paoloweb;14;0;14;0;0;0;0;0;0;0;0;0;2017-02-27T19:18:46+00:00;2017-09-09T20:19:11+00:00;https://www.openstreetmap.org/user/paoloweb
581;5581160;Mauro 61;14;0;3;6;0;1;4;0;0;0;0;0;2017-05-09T19:31:32+00:00;2021-06-15T17:10:07+00:00;https://www.openstreetmap.org/user/Mauro%2061
582;5701090;Olly1240;14;0;0;0;0;0;0;0;1;10;3;0;2023-08-31T20:14:10+00:00;2025-04-23T14:40:41+00:00;https://www.openstreetmap.org/user/Olly1240
583;6235259;Paolo Carbo;14;0;1;7;1;5;0;0;0;0;0;0;2017-06-28T11:02:24+00:00;2020-02-18T15:38:54+00:00;https://www.openstreetmap.org/user/Paolo%20Carbo
584;6683305;Tigranych;14;0;0;0;14;0;0;0;0;0;0;0;2019-01-26T10:36:59+00:00;2019-01-26T10:55:34+00:00;https://www.openstreetmap.org/user/Tigranych
585;6788467;Levar;14;0;0;14;0;0;0;0;0;0;0;0;2018-10-31T11:50:09+00:00;2018-10-31T12:03:59+00:00;https://www.openstreetmap.org/user/Levar
586;8612892;Cetereos;14;0;0;0;0;0;0;0;0;0;14;0;2025-04-22T20:26:16+00:00;2025-04-30T16:30:37+00:00;https://www.openstreetmap.org/user/Cetereos
587;9641379;Pan Perníček;14;0;0;0;0;1;1;8;2;2;0;0;2020-09-04T10:32:18+00:00;2024-11-19T13:38:08+00:00;https://www.openstreetmap.org/user/Pan%20Pern%C3%AD%C4%8Dek
588;10073688;Alby90;14;0;0;0;5;1;0;0;2;2;2;2;2019-06-13T12:08:23+00:00;2026-06-26T15:30:13+00:00;https://www.openstreetmap.org/user/Alby90
589;11446690;Marethyu;14;0;0;0;0;0;0;1;0;10;3;0;2022-12-28T13:36:15+00:00;2025-10-18T13:19:50+00:00;https://www.openstreetmap.org/user/Marethyu
590;12809908;darchway;14;0;0;0;0;0;14;0;0;0;0;0;2021-03-08T18:39:59+00:00;2021-03-15T20:52:44+00:00;https://www.openstreetmap.org/user/darchway
591;17171739;mattymatty76;14;0;0;0;0;0;0;7;7;0;0;0;2022-09-19T06:21:30+00:00;2023-06-06T12:30:52+00:00;https://www.openstreetmap.org/user/mattymatty76
592;19461905;Belagund;14;0;0;0;0;0;0;0;1;10;3;0;2023-08-22T18:37:36+00:00;2025-08-21T13:50:33+00:00;https://www.openstreetmap.org/user/Belagund
593;19875860;anonimo10291;14;0;0;0;0;0;0;0;14;0;0;0;2023-07-15T18:06:42+00:00;2023-12-20T16:27:15+00:00;https://www.openstreetmap.org/user/anonimo10291
594;20394671;vladislav471yakovlev;14;0;0;0;0;0;0;0;0;14;0;0;2024-07-23T06:40:46+00:00;2024-12-20T14:09:09+00:00;https://www.openstreetmap.org/user/vladislav471yakovlev
595;23337701;NikoAuso;14;0;0;0;0;0;0;0;0;0;10;4;2025-09-27T14:25:03+00:00;2026-01-05T22:22:05+00:00;https://www.openstreetmap.org/user/NikoAuso
596;24037717;pepi2030;14;0;0;0;0;0;0;0;0;0;0;14;2026-05-24T09:55:51+00:00;2026-05-26T07:52:29+00:00;https://www.openstreetmap.org/user/pepi2030
597;54561;jacopogg83;13;0;0;0;0;0;0;0;0;0;0;13;2026-07-03T16:56:39+00:00;2026-07-07T11:46:52+00:00;https://www.openstreetmap.org/user/jacopogg83
598;257767;mau59;13;0;0;0;0;0;0;13;0;0;0;0;2022-06-12T11:01:10+00:00;2022-06-15T14:49:09+00:00;https://www.openstreetmap.org/user/mau59
599;273212;Jakub Trojan;13;0;0;0;0;0;0;0;13;0;0;0;2023-07-07T12:04:07+00:00;2023-07-10T19:25:17+00:00;https://www.openstreetmap.org/user/Jakub%20Trojan
600;430456;black_gis;13;0;13;0;0;0;0;0;0;0;0;0;2017-12-09T14:02:36+00:00;2017-12-12T22:26:33+00:00;https://www.openstreetmap.org/user/black_gis
601;1036998;maxiclimb;13;9;1;0;0;0;3;0;0;0;0;0;2016-04-02T10:00:58+00:00;2021-04-29T12:18:43+00:00;https://www.openstreetmap.org/user/maxiclimb
602;1515627;AlbertCohen;13;0;0;0;0;0;0;0;0;13;0;0;2024-08-29T14:07:59+00:00;2024-09-09T17:30:30+00:00;https://www.openstreetmap.org/user/AlbertCohen
603;1779173;carlop();13;3;3;0;0;0;0;0;4;0;3;0;2016-01-09T15:21:48+00:00;2025-07-20T14:56:44+00:00;https://www.openstreetmap.org/user/carlop%28%29
604;1786987;alesmuc;13;0;0;0;6;1;6;0;0;0;0;0;2019-09-30T10:44:44+00:00;2021-09-11T17:00:11+00:00;https://www.openstreetmap.org/user/alesmuc
605;1958492;lucha29;13;4;0;0;0;3;1;3;0;0;2;0;2016-07-05T13:14:46+00:00;2025-04-02T06:57:32+00:00;https://www.openstreetmap.org/user/lucha29
606;2183311;Papirollo;13;0;13;0;0;0;0;0;0;0;0;0;2017-06-23T12:35:13+00:00;2017-07-24T17:47:12+00:00;https://www.openstreetmap.org/user/Papirollo
607;2201521;quibitcoin;13;0;4;2;3;0;2;2;0;0;0;0;2017-09-22T14:27:02+00:00;2022-03-03T13:39:20+00:00;https://www.openstreetmap.org/user/quibitcoin
608;3877019;piligab;13;12;1;0;0;0;0;0;0;0;0;0;2016-07-18T20:01:31+00:00;2017-06-28T22:34:33+00:00;https://www.openstreetmap.org/user/piligab
609;4186123;S Kudryashov;13;13;0;0;0;0;0;0;0;0;0;0;2016-06-29T18:53:18+00:00;2016-07-01T09:31:09+00:00;https://www.openstreetmap.org/user/S%20Kudryashov
610;6136738;osmmichl;13;0;0;0;0;0;0;0;12;0;1;0;2023-01-14T21:03:33+00:00;2025-03-09T16:25:12+00:00;https://www.openstreetmap.org/user/osmmichl
611;6672825;Modest7;13;0;0;0;13;0;0;0;0;0;0;0;2019-04-17T12:21:11+00:00;2019-04-17T12:44:07+00:00;https://www.openstreetmap.org/user/Modest7
612;7522075;Rockedf;13;0;0;0;0;0;0;0;1;5;7;0;2023-11-09T12:14:44+00:00;2025-08-11T16:46:57+00:00;https://www.openstreetmap.org/user/Rockedf
613;9088590;PolluxIT;13;0;0;13;0;0;0;0;0;0;0;0;2018-11-14T01:05:01+00:00;2018-11-19T00:17:18+00:00;https://www.openstreetmap.org/user/PolluxIT
614;9497745;Andrea_hype;13;0;0;0;1;4;1;1;0;0;6;0;2019-03-04T16:49:37+00:00;2025-10-17T21:22:47+00:00;https://www.openstreetmap.org/user/Andrea_hype
615;11015608;vagnarelli;13;0;0;0;0;13;0;0;0;0;0;0;2020-04-11T17:43:22+00:00;2020-06-21T09:40:37+00:00;https://www.openstreetmap.org/user/vagnarelli
616;11773733;Keller7;13;0;0;0;0;5;0;0;4;1;2;1;2020-09-07T09:36:51+00:00;2026-06-04T08:41:43+00:00;https://www.openstreetmap.org/user/Keller7
617;11992032;homnia;13;0;0;0;0;0;0;0;7;0;0;6;2023-05-20T09:15:46+00:00;2026-06-11T06:30:53+00:00;https://www.openstreetmap.org/user/homnia
618;12264982;Aleg Surta;13;0;0;0;0;0;10;0;3;0;0;0;2021-06-16T06:37:12+00:00;2023-10-19T11:44:35+00:00;https://www.openstreetmap.org/user/Aleg%20Surta
619;12294600;alessandrocarmeli;13;0;0;0;0;0;5;2;3;1;2;0;2021-02-26T22:20:44+00:00;2025-11-03T16:29:51+00:00;https://www.openstreetmap.org/user/alessandrocarmeli
620;12893183;KVI0n;13;0;0;0;0;0;4;9;0;0;0;0;2021-08-30T08:43:46+00:00;2022-10-10T08:41:41+00:00;https://www.openstreetmap.org/user/KVI0n
621;14196641;enigammi;13;0;0;0;0;0;13;0;0;0;0;0;2021-09-28T18:32:57+00:00;2021-10-03T11:04:40+00:00;https://www.openstreetmap.org/user/enigammi
622;15458629;Spare_AK;13;0;0;0;0;0;0;13;0;0;0;0;2022-06-08T05:09:42+00:00;2022-06-10T10:48:56+00:00;https://www.openstreetmap.org/user/Spare_AK
623;15505392;dicaeffe;13;0;0;0;0;0;0;0;0;13;0;0;2024-11-02T16:34:54+00:00;2024-11-03T14:58:12+00:00;https://www.openstreetmap.org/user/dicaeffe
624;19159788;bmdsbmds;13;0;0;0;0;0;0;0;12;1;0;0;2023-05-16T07:33:00+00:00;2024-02-06T12:32:11+00:00;https://www.openstreetmap.org/user/bmdsbmds
625;19611513;Felix Wohlfrom;13;0;0;0;0;0;0;0;0;13;0;0;2024-09-10T15:01:47+00:00;2024-09-11T20:58:27+00:00;https://www.openstreetmap.org/user/Felix%20Wohlfrom
626;21269818;Flobestin;13;0;0;0;0;0;0;0;0;0;0;13;2026-08-31T09:58:21+00:00;2026-09-01T09:36:25+00:00;https://www.openstreetmap.org/user/Flobestin
627;22242779;notmyproblem1;13;0;0;0;0;0;0;0;0;0;13;0;2025-01-20T21:07:49+00:00;2025-11-09T15:15:01+00:00;https://www.openstreetmap.org/user/notmyproblem1
628;23836332;CoolCastle561;13;0;0;0;0;0;0;0;0;0;0;13;2026-04-28T07:37:02+00:00;2026-05-05T07:42:08+00:00;https://www.openstreetmap.org/user/CoolCastle561
629;26333;wiselynx;12;0;0;0;0;0;12;0;0;0;0;0;2021-04-28T19:18:46+00:00;2021-08-31T18:15:35+00:00;https://www.openstreetmap.org/user/wiselynx
630;74746;vogelfreier;12;0;0;0;0;0;0;0;0;12;0;0;2024-11-28T14:57:04+00:00;2024-11-28T16:32:37+00:00;https://www.openstreetmap.org/user/vogelfreier
631;76312;scratera;12;2;10;0;0;0;0;0;0;0;0;0;2016-04-05T04:41:11+00:00;2017-04-15T22:28:12+00:00;https://www.openstreetmap.org/user/scratera
632;251543;ChrissW-R1;12;0;1;0;0;1;0;2;0;3;3;2;2017-03-20T15:33:58+00:00;2026-05-16T11:23:24+00:00;https://www.openstreetmap.org/user/ChrissW-R1
633;305001;voschix;12;0;0;5;0;0;0;0;0;7;0;0;2018-02-02T09:14:17+00:00;2024-10-09T17:13:09+00:00;https://www.openstreetmap.org/user/voschix
634;385046;Palolo;12;3;0;8;0;1;0;0;0;0;0;0;2016-09-28T10:58:48+00:00;2020-03-24T23:52:36+00:00;https://www.openstreetmap.org/user/Palolo
635;400143;v_martyanov;12;0;0;0;0;0;0;0;0;12;0;0;2024-02-23T13:57:51+00:00;2024-05-19T14:08:20+00:00;https://www.openstreetmap.org/user/v_martyanov
636;577419;jsparber;12;0;12;0;0;0;0;0;0;0;0;0;2017-05-14T12:46:51+00:00;2017-07-14T16:01:15+00:00;https://www.openstreetmap.org/user/jsparber
637;628139;Pier Paolo Poncia;12;12;0;0;0;0;0;0;0;0;0;0;2016-11-01T18:11:18+00:00;2016-11-08T21:27:49+00:00;https://www.openstreetmap.org/user/Pier%20Paolo%20Poncia
638;1447940;Mataleios;12;0;12;0;0;0;0;0;0;0;0;0;2017-04-06T15:32:55+00:00;2017-04-06T15:53:27+00:00;https://www.openstreetmap.org/user/Mataleios
639;1661196;ovunquista;12;0;2;0;0;6;0;0;4;0;0;0;2017-03-09T09:08:26+00:00;2023-02-06T18:43:13+00:00;https://www.openstreetmap.org/user/ovunquista
640;2689851;rogorido;12;12;0;0;0;0;0;0;0;0;0;0;2016-08-25T20:13:10+00:00;2016-08-25T20:50:51+00:00;https://www.openstreetmap.org/user/rogorido
641;4179361;Latisana992;12;0;0;0;0;0;0;0;0;0;12;0;2025-09-09T17:16:35+00:00;2025-09-24T13:59:21+00:00;https://www.openstreetmap.org/user/Latisana992
642;4292387;Jaller;12;0;0;0;0;0;0;12;0;0;0;0;2022-06-22T06:58:04+00:00;2022-06-23T16:11:07+00:00;https://www.openstreetmap.org/user/Jaller
643;4519627;Oronzo;12;12;0;0;0;0;0;0;0;0;0;0;2016-09-02T21:49:30+00:00;2016-09-02T22:14:28+00:00;https://www.openstreetmap.org/user/Oronzo
644;4529253;Luca Buccolini;12;4;6;2;0;0;0;0;0;0;0;0;2016-09-23T22:50:19+00:00;2018-01-06T10:05:32+00:00;https://www.openstreetmap.org/user/Luca%20Buccolini
645;5208663;Jonnow;12;0;12;0;0;0;0;0;0;0;0;0;2017-01-27T16:51:11+00:00;2017-01-28T11:54:20+00:00;https://www.openstreetmap.org/user/Jonnow
646;5318039;danilo procaccini;12;0;12;0;0;0;0;0;0;0;0;0;2017-02-14T14:11:14+00:00;2017-03-05T16:49:15+00:00;https://www.openstreetmap.org/user/danilo%20procaccini
647;6178005;adolfo1963;12;0;12;0;0;0;0;0;0;0;0;0;2017-06-16T16:39:42+00:00;2017-11-05T13:59:10+00:00;https://www.openstreetmap.org/user/adolfo1963
648;6466596;Malachia;12;0;12;0;0;0;0;0;0;0;0;0;2017-08-11T15:17:48+00:00;2017-09-25T08:36:45+00:00;https://www.openstreetmap.org/user/Malachia
649;8083639;Kyogre2A;12;0;0;12;0;0;0;0;0;0;0;0;2018-04-08T12:48:51+00:00;2018-10-04T12:18:31+00:00;https://www.openstreetmap.org/user/Kyogre2A
650;8460117;curt1us;12;0;0;0;0;0;12;0;0;0;0;0;2021-03-06T20:41:32+00:00;2021-06-01T23:32:42+00:00;https://www.openstreetmap.org/user/curt1us
651;9098335;tapionx;12;0;0;2;0;1;9;0;0;0;0;0;2018-11-15T09:58:52+00:00;2021-05-25T15:07:22+00:00;https://www.openstreetmap.org/user/tapionx
652;9916830;ceseprova;12;0;0;0;9;2;1;0;0;0;0;0;2019-05-09T21:30:58+00:00;2021-06-06T07:45:13+00:00;https://www.openstreetmap.org/user/ceseprova
653;10058689;stefano savelli;12;0;0;0;0;0;12;0;0;0;0;0;2021-09-10T13:52:10+00:00;2021-09-10T14:04:47+00:00;https://www.openstreetmap.org/user/stefano%20savelli
654;11107906;jackob_flint;12;0;0;0;0;12;0;0;0;0;0;0;2020-04-30T16:24:25+00:00;2020-05-03T16:16:22+00:00;https://www.openstreetmap.org/user/jackob_flint
655;12531617;Gior7;12;0;0;0;0;0;0;12;0;0;0;0;2022-09-25T09:00:07+00:00;2022-11-16T10:53:17+00:00;https://www.openstreetmap.org/user/Gior7
656;14727368;A_dige;12;0;0;0;0;0;0;12;0;0;0;0;2022-06-09T05:01:25+00:00;2022-09-26T11:20:24+00:00;https://www.openstreetmap.org/user/A_dige
657;18230056;AwFi;12;0;0;0;0;0;0;0;0;0;9;3;2025-08-04T17:48:40+00:00;2026-05-01T20:07:44+00:00;https://www.openstreetmap.org/user/AwFi
658;18243212;Vera_D;12;0;0;0;0;0;0;0;12;0;0;0;2023-02-17T14:08:04+00:00;2023-02-20T11:43:34+00:00;https://www.openstreetmap.org/user/Vera_D
659;19648411;smezio;12;0;0;0;0;0;0;0;12;0;0;0;2023-06-26T14:22:45+00:00;2023-06-29T19:09:45+00:00;https://www.openstreetmap.org/user/smezio
660;20415342;Giuanne9;12;0;0;0;0;0;0;0;12;0;0;0;2023-10-09T15:02:18+00:00;2023-10-18T11:11:25+00:00;https://www.openstreetmap.org/user/Giuanne9
661;20415418;Gorger;12;0;0;0;0;0;0;0;0;0;1;11;2025-11-13T09:59:19+00:00;2026-08-11T13:51:50+00:00;https://www.openstreetmap.org/user/Gorger
662;21174905;mb097475;12;0;0;0;0;0;0;0;0;12;0;0;2024-03-07T11:00:44+00:00;2024-03-07T11:33:53+00:00;https://www.openstreetmap.org/user/mb097475
663;21175203;AlexDicy;12;0;0;0;0;0;0;0;0;12;0;0;2024-03-07T10:49:24+00:00;2024-03-07T11:44:51+00:00;https://www.openstreetmap.org/user/AlexDicy
664;21727059;AlexRacci;12;0;0;0;0;0;0;0;0;0;0;12;2026-01-19T12:47:54+00:00;2026-02-01T10:22:04+00:00;https://www.openstreetmap.org/user/AlexRacci
665;22159855;Aionna;12;0;0;0;0;0;0;0;0;0;11;1;2025-12-02T09:52:37+00:00;2026-05-19T12:52:22+00:00;https://www.openstreetmap.org/user/Aionna
666;22528471;ArtemisiaDaniele;12;0;0;0;0;0;0;0;0;0;9;3;2025-02-17T22:23:05+00:00;2026-01-19T17:27:19+00:00;https://www.openstreetmap.org/user/ArtemisiaDaniele
667;24114259;Ludovico Latini;12;0;0;0;0;0;0;0;0;0;0;12;2026-05-09T17:12:27+00:00;2026-06-01T06:50:45+00:00;https://www.openstreetmap.org/user/Ludovico%20Latini
668;34088;Tri38;11;0;0;0;0;2;0;6;0;0;3;0;2020-10-19T20:20:45+00:00;2025-12-06T14:17:49+00:00;https://www.openstreetmap.org/user/Tri38
669;55980;gimicky;11;0;0;0;0;0;0;6;0;0;5;0;2022-10-07T13:28:37+00:00;2025-08-14T06:29:03+00:00;https://www.openstreetmap.org/user/gimicky
670;416478;giubar;11;2;0;0;0;0;1;0;0;6;2;0;2016-10-26T21:14:42+00:00;2025-05-11T19:08:45+00:00;https://www.openstreetmap.org/user/giubar
671;1096195;Dardy;11;0;0;0;0;0;0;11;0;0;0;0;2022-08-16T17:22:23+00:00;2022-08-16T19:32:19+00:00;https://www.openstreetmap.org/user/Dardy
672;1211510;arcanma;11;4;1;0;0;0;0;1;2;1;2;0;2016-07-09T14:09:05+00:00;2025-10-22T14:09:44+00:00;https://www.openstreetmap.org/user/arcanma
673;1798521;Michele Polverini;11;0;0;11;0;0;0;0;0;0;0;0;2018-04-12T16:56:55+00:00;2018-04-12T17:24:29+00:00;https://www.openstreetmap.org/user/Michele%20Polverini
674;1829683;Luis36995;11;10;1;0;0;0;0;0;0;0;0;0;2016-04-26T15:25:07+00:00;2017-06-15T22:35:43+00:00;https://www.openstreetmap.org/user/Luis36995
675;1967477;bubix;11;0;4;1;4;0;0;2;0;0;0;0;2017-06-16T09:03:52+00:00;2022-02-09T08:55:07+00:00;https://www.openstreetmap.org/user/bubix
676;2533093;carciofo;11;0;0;0;0;0;0;0;0;0;0;11;2026-08-24T16:40:44+00:00;2026-08-24T20:43:52+00:00;https://www.openstreetmap.org/user/carciofo
677;2982309;vasony;11;0;0;6;5;0;0;0;0;0;0;0;2018-07-11T13:40:59+00:00;2019-07-24T15:43:04+00:00;https://www.openstreetmap.org/user/vasony
678;3071363;Roberto Binci;11;11;0;0;0;0;0;0;0;0;0;0;2016-05-01T10:46:51+00:00;2016-09-17T14:15:33+00:00;https://www.openstreetmap.org/user/Roberto%20Binci
679;3384022;Oriano Remedia;11;1;2;0;8;0;0;0;0;0;0;0;2016-01-08T15:14:18+00:00;2019-09-30T09:00:20+00:00;https://www.openstreetmap.org/user/Oriano%20Remedia
680;5198235;Lifedastasd;11;0;11;0;0;0;0;0;0;0;0;0;2017-01-26T13:49:03+00:00;2017-02-10T18:34:18+00:00;https://www.openstreetmap.org/user/Lifedastasd
681;5348432;AlexanderPD;11;0;11;0;0;0;0;0;0;0;0;0;2017-02-19T22:45:52+00:00;2017-12-19T09:44:11+00:00;https://www.openstreetmap.org/user/AlexanderPD
682;5589496;willisturm;11;0;0;0;0;0;11;0;0;0;0;0;2021-04-01T16:40:13+00:00;2021-04-17T10:18:06+00:00;https://www.openstreetmap.org/user/willisturm
683;5668232;Geo92;11;0;2;8;0;1;0;0;0;0;0;0;2017-04-14T02:08:47+00:00;2020-01-26T16:51:38+00:00;https://www.openstreetmap.org/user/Geo92
684;5708128;Stefano26;11;0;11;0;0;0;0;0;0;0;0;0;2017-04-21T13:43:39+00:00;2017-04-21T14:39:51+00:00;https://www.openstreetmap.org/user/Stefano26
685;6085311;Time2Design;11;0;11;0;0;0;0;0;0;0;0;0;2017-08-13T21:02:43+00:00;2017-08-14T15:27:16+00:00;https://www.openstreetmap.org/user/Time2Design
686;6970233;Pete27;11;0;0;0;0;0;8;2;0;0;1;0;2021-08-24T10:46:03+00:00;2025-04-01T15:14:41+00:00;https://www.openstreetmap.org/user/Pete27
687;10243052;tartopom2;11;0;0;0;0;0;0;11;0;0;0;0;2022-07-30T12:39:46+00:00;2022-12-23T17:51:58+00:00;https://www.openstreetmap.org/user/tartopom2
688;11018790;VanVeen;11;0;0;0;0;0;11;0;0;0;0;0;2021-03-31T20:55:35+00:00;2021-04-03T16:21:48+00:00;https://www.openstreetmap.org/user/VanVeen
689;12083900;2-B;11;0;0;0;0;0;11;0;0;0;0;0;2021-11-05T13:54:32+00:00;2021-11-05T14:02:27+00:00;https://www.openstreetmap.org/user/2-B
690;12409659;Pollastro99;11;0;0;0;0;0;0;11;0;0;0;0;2022-08-10T14:25:58+00:00;2022-08-10T15:49:08+00:00;https://www.openstreetmap.org/user/Pollastro99
691;13342981;Marco Paone;11;0;0;0;0;0;8;0;3;0;0;0;2021-05-23T17:10:03+00:00;2023-01-18T18:15:02+00:00;https://www.openstreetmap.org/user/Marco%20Paone
692;14287237;RivalgoAV;11;0;0;0;0;0;2;2;0;1;1;5;2021-11-07T14:16:54+00:00;2026-09-03T15:44:40+00:00;https://www.openstreetmap.org/user/RivalgoAV
693;16235068;Lars Vierbergen;11;0;0;0;0;0;0;11;0;0;0;0;2022-06-09T06:33:56+00:00;2022-06-27T08:45:08+00:00;https://www.openstreetmap.org/user/Lars%20Vierbergen
694;18416863;Anton_Klebanovich;11;0;0;0;0;0;0;0;7;2;1;1;2023-05-22T14:47:28+00:00;2026-03-25T15:26:18+00:00;https://www.openstreetmap.org/user/Anton_Klebanovich
695;19640575;dspina72;11;0;0;0;0;0;0;0;11;0;0;0;2023-06-21T08:11:55+00:00;2023-07-08T17:19:25+00:00;https://www.openstreetmap.org/user/dspina72
696;20432920;Metauro;11;0;0;0;0;0;0;0;0;8;0;3;2024-10-17T06:26:29+00:00;2026-04-23T10:34:53+00:00;https://www.openstreetmap.org/user/Metauro
697;20548888;Sergio Martelli;11;0;0;0;0;0;0;0;5;6;0;0;2023-11-04T17:21:27+00:00;2024-01-05T06:46:53+00:00;https://www.openstreetmap.org/user/Sergio%20Martelli
698;22674326;oh_pyt;11;0;0;0;0;0;0;0;0;0;10;1;2025-05-02T15:25:35+00:00;2026-01-13T00:09:17+00:00;https://www.openstreetmap.org/user/oh_pyt
699;22732601;Bakir3;11;0;0;0;0;0;0;0;0;0;11;0;2025-04-10T13:33:00+00:00;2025-04-10T13:53:18+00:00;https://www.openstreetmap.org/user/Bakir3
700;269258;_gianluca_;10;10;0;0;0;0;0;0;0;0;0;0;2016-09-02T19:14:07+00:00;2016-09-02T19:56:26+00:00;https://www.openstreetmap.org/user/_gianluca_
701;1202969;nifan;10;10;0;0;0;0;0;0;0;0;0;0;2016-11-17T13:48:38+00:00;2016-11-17T15:13:35+00:00;https://www.openstreetmap.org/user/nifan
702;1337142;Nordpfeil;10;0;0;0;6;1;1;0;0;1;1;0;2019-03-11T20:27:33+00:00;2025-10-24T07:39:07+00:00;https://www.openstreetmap.org/user/Nordpfeil
703;1721967;pyarchinit;10;0;0;2;8;0;0;0;0;0;0;0;2018-11-25T12:18:23+00:00;2019-03-22T09:52:04+00:00;https://www.openstreetmap.org/user/pyarchinit
704;2911916;jackspie;10;9;0;0;0;0;0;1;0;0;0;0;2016-03-25T12:47:11+00:00;2022-02-07T12:34:39+00:00;https://www.openstreetmap.org/user/jackspie
705;3860151;Michele Aquilani;10;0;0;0;0;0;0;3;2;5;0;0;2022-09-24T08:13:28+00:00;2024-01-09T06:21:09+00:00;https://www.openstreetmap.org/user/Michele%20Aquilani
706;3889385;EriAPAP;10;10;0;0;0;0;0;0;0;0;0;0;2016-06-20T09:33:47+00:00;2016-06-21T08:41:19+00:00;https://www.openstreetmap.org/user/EriAPAP
707;4009921;TAS VVF Umbria;10;0;0;10;0;0;0;0;0;0;0;0;2018-01-24T13:12:32+00:00;2018-01-26T13:13:52+00:00;https://www.openstreetmap.org/user/TAS%20VVF%20Umbria
708;4171465;Trita;10;10;0;0;0;0;0;0;0;0;0;0;2016-06-25T22:55:26+00:00;2016-07-04T11:55:33+00:00;https://www.openstreetmap.org/user/Trita
709;4474651;nonnopaolo;10;10;0;0;0;0;0;0;0;0;0;0;2016-08-25T18:24:52+00:00;2016-08-25T19:06:07+00:00;https://www.openstreetmap.org/user/nonnopaolo
710;4476288;africandando;10;3;0;0;0;0;0;0;2;5;0;0;2016-08-25T20:37:00+00:00;2024-02-28T15:14:49+00:00;https://www.openstreetmap.org/user/africandando
711;5591872;shonondray;10;0;0;0;10;0;0;0;0;0;0;0;2019-06-24T18:35:21+00:00;2019-06-24T18:40:11+00:00;https://www.openstreetmap.org/user/shonondray
712;5675140;Lorenzo63;10;0;5;5;0;0;0;0;0;0;0;0;2017-04-15T07:27:12+00:00;2018-05-03T19:31:22+00:00;https://www.openstreetmap.org/user/Lorenzo63
713;6373786;Piacevole;10;0;2;5;0;0;2;1;0;0;0;0;2017-07-25T17:11:52+00:00;2022-09-16T16:39:16+00:00;https://www.openstreetmap.org/user/Piacevole
714;6584303;Studio Odontoiatrico Dr Calzonetti;10;0;8;1;0;0;0;0;0;1;0;0;2017-09-01T15:55:52+00:00;2024-07-03T23:59:42+00:00;https://www.openstreetmap.org/user/Studio%20Odontoiatrico%20Dr%20Calzonetti
715;7022649;MattBra Open;10;0;10;0;0;0;0;0;0;0;0;0;2017-11-19T18:18:00+00:00;2017-12-12T11:24:21+00:00;https://www.openstreetmap.org/user/MattBra%20Open
716;8493663;fabfab38;10;0;0;0;0;0;0;0;0;4;6;0;2024-11-27T15:37:41+00:00;2025-07-29T07:22:42+00:00;https://www.openstreetmap.org/user/fabfab38
717;8781949;Antares73;10;0;0;0;0;0;0;10;0;0;0;0;2022-03-23T17:50:00+00:00;2022-04-08T21:24:01+00:00;https://www.openstreetmap.org/user/Antares73
718;11797874;Graziano Marchesani;10;0;0;0;0;2;8;0;0;0;0;0;2020-09-11T09:36:30+00:00;2021-10-06T10:45:24+00:00;https://www.openstreetmap.org/user/Graziano%20Marchesani
719;11944764;basten9;10;0;0;0;0;5;5;0;0;0;0;0;2020-10-07T10:52:13+00:00;2021-04-06T06:46:31+00:00;https://www.openstreetmap.org/user/basten9
720;12265621;wwunjo;10;0;0;0;0;0;10;0;0;0;0;0;2021-07-08T13:18:52+00:00;2021-09-19T18:54:03+00:00;https://www.openstreetmap.org/user/wwunjo
721;12329076;NonnaQuecia;10;0;0;0;0;0;10;0;0;0;0;0;2021-01-07T11:11:58+00:00;2021-01-18T09:41:52+00:00;https://www.openstreetmap.org/user/NonnaQuecia
722;12807368;Martin Walden;10;0;0;0;0;0;6;0;0;0;4;0;2021-03-22T08:52:19+00:00;2025-11-11T09:57:46+00:00;https://www.openstreetmap.org/user/Martin%20Walden
723;15276404;BjaPla;10;0;0;0;0;0;0;10;0;0;0;0;2022-03-09T21:05:36+00:00;2022-03-09T21:22:21+00:00;https://www.openstreetmap.org/user/BjaPla
724;16650598;frate79;10;0;0;0;0;0;0;10;0;0;0;0;2022-07-26T13:26:52+00:00;2022-07-26T13:38:19+00:00;https://www.openstreetmap.org/user/frate79
725;16680488;Pearpeearo;10;0;0;0;0;0;0;0;0;8;2;0;2024-07-09T08:25:58+00:00;2025-07-05T10:25:36+00:00;https://www.openstreetmap.org/user/Pearpeearo
726;20625479;Simone_ilpollo;10;0;0;0;0;0;0;0;0;9;1;0;2024-03-16T18:02:21+00:00;2025-10-05T17:02:00+00:00;https://www.openstreetmap.org/user/Simone_ilpollo
727;21051767;LCeresola;10;0;0;0;0;0;0;0;0;10;0;0;2024-06-07T18:24:53+00:00;2024-06-10T09:48:48+00:00;https://www.openstreetmap.org/user/LCeresola
728;21175007;GianlucaLanchini;10;0;0;0;0;0;0;0;0;10;0;0;2024-03-07T11:01:43+00:00;2024-03-07T11:40:35+00:00;https://www.openstreetmap.org/user/GianlucaLanchini
729;21434455;Angelo_ni;10;0;0;0;0;0;0;0;0;10;0;0;2024-05-06T17:24:02+00:00;2024-05-16T16:43:19+00:00;https://www.openstreetmap.org/user/Angelo_ni
730;21646218;giopera;10;0;0;0;0;0;0;0;0;0;0;10;2026-03-20T15:14:03+00:00;2026-09-25T10:47:56+00:00;https://www.openstreetmap.org/user/giopera
731;22266367;bbmc_GAE;10;0;0;0;0;0;0;0;0;0;9;1;2025-08-03T07:23:12+00:00;2026-01-01T13:25:45+00:00;https://www.openstreetmap.org/user/bbmc_GAE
732;22673427;Carlo Santini Comunicazione;10;0;0;0;0;0;0;0;0;0;8;2;2025-03-25T17:11:37+00:00;2026-02-17T15:46:52+00:00;https://www.openstreetmap.org/user/Carlo%20Santini%20Comunicazione
733;22732616;Esternn;10;0;0;0;0;0;0;0;0;0;10;0;2025-04-10T09:44:06+00:00;2025-04-10T13:58:44+00:00;https://www.openstreetmap.org/user/Esternn
734;23863900;Edino-plin-plin;10;0;0;0;0;0;0;0;0;0;0;10;2026-03-30T09:49:09+00:00;2026-05-11T19:20:56+00:00;https://www.openstreetmap.org/user/Edino-plin-plin
735;8339;mtmail;9;0;0;0;0;0;0;2;0;2;5;0;2022-08-20T16:31:03+00:00;2025-09-05T10:25:48+00:00;https://www.openstreetmap.org/user/mtmail
736;37791;Fradeve11;9;0;0;0;0;0;0;0;9;0;0;0;2023-07-21T13:37:49+00:00;2023-07-24T15:38:04+00:00;https://www.openstreetmap.org/user/Fradeve11
737;85218;Aleks-Berlin;9;2;2;1;0;0;0;0;1;1;1;1;2016-03-02T22:52:09+00:00;2026-01-23T09:43:52+00:00;https://www.openstreetmap.org/user/Aleks-Berlin
738;530336;mathdatech;9;9;0;0;0;0;0;0;0;0;0;0;2016-08-26T22:00:27+00:00;2016-08-27T09:13:35+00:00;https://www.openstreetmap.org/user/mathdatech
739;553558;klimakas;9;0;0;2;0;0;1;6;0;0;0;0;2018-03-26T18:54:20+00:00;2022-06-26T09:17:31+00:00;https://www.openstreetmap.org/user/klimakas
740;568596;comenius itas 2011;9;0;2;7;0;0;0;0;0;0;0;0;2017-01-10T11:49:12+00:00;2018-02-06T10:31:51+00:00;https://www.openstreetmap.org/user/comenius%20itas%202011
741;597693;Spirito Libero;9;4;0;0;5;0;0;0;0;0;0;0;2016-01-18T16:12:32+00:00;2019-04-17T10:00:57+00:00;https://www.openstreetmap.org/user/Spirito%20Libero
742;612312;Maredy;9;0;0;0;0;0;0;0;0;0;9;0;2025-04-23T08:31:45+00:00;2025-04-26T16:11:51+00:00;https://www.openstreetmap.org/user/Maredy
743;612913;fgiardo;9;4;5;0;0;0;0;0;0;0;0;0;2016-06-07T19:20:53+00:00;2017-03-15T15:30:54+00:00;https://www.openstreetmap.org/user/fgiardo
744;1672007;xbirra;9;4;0;3;0;0;0;0;2;0;0;0;2016-12-12T14:09:20+00:00;2023-07-13T12:16:13+00:00;https://www.openstreetmap.org/user/xbirra
745;1989686;sirleonheart89;9;0;0;0;0;0;0;0;0;0;0;9;2026-01-05T09:38:45+00:00;2026-01-20T21:48:58+00:00;https://www.openstreetmap.org/user/sirleonheart89
746;2021175;matteo466;9;4;2;0;0;1;0;0;0;0;0;2;2016-07-13T05:20:33+00:00;2026-06-15T23:15:48+00:00;https://www.openstreetmap.org/user/matteo466
747;2108413;liamrocker;9;0;0;0;0;0;0;2;1;3;2;1;2022-03-13T16:08:19+00:00;2026-05-19T17:30:12+00:00;https://www.openstreetmap.org/user/liamrocker
748;3101280;gtfosm;9;0;0;0;0;0;0;9;0;0;0;0;2022-09-18T20:06:30+00:00;2022-09-19T13:28:05+00:00;https://www.openstreetmap.org/user/gtfosm
749;3177269;TheCanebel;9;0;0;9;0;0;0;0;0;0;0;0;2018-03-12T19:57:39+00:00;2018-04-14T23:16:38+00:00;https://www.openstreetmap.org/user/TheCanebel
750;3955796;MoniGiann;9;9;0;0;0;0;0;0;0;0;0;0;2016-05-13T13:20:20+00:00;2016-05-13T15:16:53+00:00;https://www.openstreetmap.org/user/MoniGiann
751;5653264;Q-bo Wellness;9;0;9;0;0;0;0;0;0;0;0;0;2017-04-11T15:36:45+00:00;2017-04-12T15:44:46+00:00;https://www.openstreetmap.org/user/Q-bo%20Wellness
752;6794624;Comino;9;0;0;0;0;0;0;0;0;0;7;2;2025-05-12T19:38:35+00:00;2026-03-09T00:55:25+00:00;https://www.openstreetmap.org/user/Comino
753;7123998;Zuinoska;9;0;5;4;0;0;0;0;0;0;0;0;2017-12-01T12:15:42+00:00;2018-01-01T22:44:15+00:00;https://www.openstreetmap.org/user/Zuinoska
754;8661250;Alessandro Gill Valentine;9;0;0;7;0;0;0;2;0;0;0;0;2018-08-19T08:00:15+00:00;2022-05-21T17:13:42+00:00;https://www.openstreetmap.org/user/Alessandro%20Gill%20Valentine
755;8821717;CasGroenigen;9;0;0;0;0;0;0;0;0;1;0;8;2024-07-02T09:31:20+00:00;2026-07-01T22:35:46+00:00;https://www.openstreetmap.org/user/CasGroenigen
756;10947634;Batram;9;0;0;0;0;9;0;0;0;0;0;0;2020-03-27T17:20:14+00:00;2020-03-28T16:30:56+00:00;https://www.openstreetmap.org/user/Batram
757;11348323;Agostino Zanutto;9;0;0;0;0;7;2;0;0;0;0;0;2020-07-28T08:13:03+00:00;2021-06-23T16:36:03+00:00;https://www.openstreetmap.org/user/Agostino%20Zanutto
758;11825322;Emanuele Capannelli;9;0;0;0;0;9;0;0;0;0;0;0;2020-10-15T18:03:16+00:00;2020-11-02T20:48:06+00:00;https://www.openstreetmap.org/user/Emanuele%20Capannelli
759;12279252;Argo13;9;0;0;0;0;6;3;0;0;0;0;0;2020-12-11T12:15:41+00:00;2021-03-14T18:36:33+00:00;https://www.openstreetmap.org/user/Argo13
760;12368447;riki99;9;0;0;0;0;8;0;1;0;0;0;0;2020-12-21T15:33:18+00:00;2022-03-01T13:20:06+00:00;https://www.openstreetmap.org/user/riki99
761;12523329;BimBumBam;9;0;0;0;0;0;7;1;0;1;0;0;2021-01-21T13:49:42+00:00;2024-11-04T18:46:13+00:00;https://www.openstreetmap.org/user/BimBumBam
762;14328829;eli pala;9;0;0;0;0;0;9;0;0;0;0;0;2021-10-21T15:34:09+00:00;2021-11-02T20:01:30+00:00;https://www.openstreetmap.org/user/eli%20pala
763;14394078;Cristina Ciurlante;9;0;0;0;0;0;9;0;0;0;0;0;2021-11-21T17:00:10+00:00;2021-11-21T19:01:45+00:00;https://www.openstreetmap.org/user/Cristina%20Ciurlante
764;14471375;Mattia Pepe;9;0;0;0;0;0;9;0;0;0;0;0;2021-11-16T15:43:45+00:00;2021-11-21T19:13:31+00:00;https://www.openstreetmap.org/user/Mattia%20Pepe
765;14728681;Jebel_Hafeet;9;0;0;0;0;0;0;9;0;0;0;0;2022-06-08T05:38:15+00:00;2022-10-18T02:05:35+00:00;https://www.openstreetmap.org/user/Jebel_Hafeet
766;14728758;The_hazards;9;0;0;0;0;0;0;9;0;0;0;0;2022-06-07T09:00:08+00:00;2022-06-13T12:38:08+00:00;https://www.openstreetmap.org/user/The_hazards
767;14737946;VLD192;9;0;0;0;0;0;0;0;9;0;0;0;2023-09-28T19:35:48+00:00;2023-10-12T20:57:32+00:00;https://www.openstreetmap.org/user/VLD192
768;14922624;M-M_82;9;0;0;0;0;0;0;4;0;0;5;0;2022-02-05T17:08:27+00:00;2025-02-09T15:19:29+00:00;https://www.openstreetmap.org/user/M-M_82
769;15458704;TravetteR;9;0;0;0;0;0;0;9;0;0;0;0;2022-06-06T12:17:43+00:00;2022-06-09T05:05:07+00:00;https://www.openstreetmap.org/user/TravetteR
770;15458726;Swihail;9;0;0;0;0;0;0;8;0;0;0;1;2022-06-11T01:25:55+00:00;2026-06-09T13:23:31+00:00;https://www.openstreetmap.org/user/Swihail
771;15458800;NumisK;9;0;0;0;0;0;0;4;0;2;1;2;2022-06-08T06:16:59+00:00;2026-03-18T06:47:21+00:00;https://www.openstreetmap.org/user/NumisK
772;16146608;McCio;9;0;0;0;0;0;0;9;0;0;0;0;2022-09-17T10:17:57+00:00;2022-09-17T11:30:28+00:00;https://www.openstreetmap.org/user/McCio
773;16413147;fuligna stefano;9;0;0;0;0;0;0;4;2;0;2;1;2022-06-30T14:41:03+00:00;2026-09-10T07:11:58+00:00;https://www.openstreetmap.org/user/fuligna%20stefano
774;16694001;nonnomanu;9;0;0;0;0;0;0;7;2;0;0;0;2022-07-30T21:23:15+00:00;2023-06-27T13:02:24+00:00;https://www.openstreetmap.org/user/nonnomanu
775;17393437;pietrolombardo;9;0;0;0;0;0;0;0;0;8;1;0;2024-09-21T15:38:58+00:00;2025-08-16T11:04:15+00:00;https://www.openstreetmap.org/user/pietrolombardo
776;19211017;shifattest2;9;0;0;0;0;0;0;0;0;8;1;0;2024-10-04T08:52:12+00:00;2025-07-03T08:56:32+00:00;https://www.openstreetmap.org/user/shifattest2
777;21174047;sadly_aware;9;0;0;0;0;0;0;0;0;9;0;0;2024-03-07T10:51:37+00:00;2024-03-07T11:33:34+00:00;https://www.openstreetmap.org/user/sadly_aware
778;21174897;Andrea Cazzato;9;0;0;0;0;0;0;0;0;9;0;0;2024-03-07T10:53:39+00:00;2024-03-07T11:31:22+00:00;https://www.openstreetmap.org/user/Andrea%20Cazzato
779;21238254;Memole82;9;0;0;0;0;0;0;0;0;9;0;0;2024-03-24T19:58:12+00:00;2024-05-19T12:06:49+00:00;https://www.openstreetmap.org/user/Memole82
780;21864233;qwertzMA;9;0;0;0;0;0;0;0;0;0;9;0;2025-10-19T15:07:40+00:00;2025-10-26T08:54:27+00:00;https://www.openstreetmap.org/user/qwertzMA
781;22030291;HeChWa;9;0;0;0;0;0;0;0;0;0;9;0;2025-06-16T10:13:35+00:00;2025-06-16T10:43:18+00:00;https://www.openstreetmap.org/user/HeChWa
782;22073598;astom83;9;0;0;0;0;0;0;0;0;3;6;0;2024-10-16T10:43:53+00:00;2025-08-20T08:38:00+00:00;https://www.openstreetmap.org/user/astom83
783;23663733;GianlucaBelvedere;9;0;0;0;0;0;0;0;0;0;0;9;2026-01-01T19:25:16+00:00;2026-01-24T21:07:28+00:00;https://www.openstreetmap.org/user/GianlucaBelvedere
784;23928020;LeoLotus2407;9;0;0;0;0;0;0;0;0;0;0;9;2026-06-20T10:54:53+00:00;2026-07-02T11:58:24+00:00;https://www.openstreetmap.org/user/LeoLotus2407
785;99231;fra76mm;8;3;0;4;0;0;0;0;0;0;1;0;2016-08-01T13:49:57+00:00;2025-09-08T20:58:59+00:00;https://www.openstreetmap.org/user/fra76mm
786;284259;batty;8;0;1;0;0;2;3;0;0;1;1;0;2017-05-05T07:12:07+00:00;2025-07-02T07:00:48+00:00;https://www.openstreetmap.org/user/batty
787;445671;flierfy;8;0;0;2;0;0;0;0;0;0;6;0;2018-08-14T08:30:18+00:00;2025-01-28T23:11:40+00:00;https://www.openstreetmap.org/user/flierfy
788;481447;BTH;8;0;0;0;0;0;8;0;0;0;0;0;2021-05-08T20:35:52+00:00;2021-05-10T07:36:25+00:00;https://www.openstreetmap.org/user/BTH
789;513389;vegemap;8;0;0;0;0;0;0;0;0;0;8;0;2025-08-06T06:18:26+00:00;2025-08-26T08:19:45+00:00;https://www.openstreetmap.org/user/vegemap
790;525678;Ben9;8;0;0;0;0;0;0;0;0;0;7;1;2025-07-19T05:21:42+00:00;2026-02-02T06:05:24+00:00;https://www.openstreetmap.org/user/Ben9
791;557496;claudia10;8;0;0;0;0;0;0;0;0;7;1;0;2024-08-20T06:45:10+00:00;2025-08-04T11:41:51+00:00;https://www.openstreetmap.org/user/claudia10
792;665748;sebastic;8;0;3;3;1;1;0;0;0;0;0;0;2017-03-12T17:36:58+00:00;2020-09-17T04:39:07+00:00;https://www.openstreetmap.org/user/sebastic
793;1054945;AnnaZanke;8;6;0;0;0;0;0;2;0;0;0;0;2016-10-31T06:49:36+00:00;2022-09-21T13:28:09+00:00;https://www.openstreetmap.org/user/AnnaZanke
794;1293386;Sal73x;8;5;0;1;0;0;0;0;2;0;0;0;2016-10-18T09:39:15+00:00;2023-12-05T12:20:54+00:00;https://www.openstreetmap.org/user/Sal73x
795;1751908;Blues Brothers;8;0;0;0;0;0;0;0;0;0;4;4;2025-09-09T14:18:26+00:00;2026-08-16T17:18:10+00:00;https://www.openstreetmap.org/user/Blues%20Brothers
796;1846884;manlmag;8;7;0;1;0;0;0;0;0;0;0;0;2016-06-19T08:08:04+00:00;2018-07-12T13:34:24+00:00;https://www.openstreetmap.org/user/manlmag
797;2151095;Petro Ludoviko;8;8;0;0;0;0;0;0;0;0;0;0;2016-02-24T10:48:44+00:00;2016-08-25T14:22:19+00:00;https://www.openstreetmap.org/user/Petro%20Ludoviko
798;2203676;Mijor82;8;2;0;2;0;4;0;0;0;0;0;0;2016-09-02T12:38:19+00:00;2020-06-08T09:33:45+00:00;https://www.openstreetmap.org/user/Mijor82
799;2502790;geotracer;8;7;1;0;0;0;0;0;0;0;0;0;2016-08-19T13:41:19+00:00;2017-02-06T21:00:40+00:00;https://www.openstreetmap.org/user/geotracer
800;2766801;Andri94;8;4;4;0;0;0;0;0;0;0;0;0;2016-05-12T17:45:28+00:00;2017-08-27T21:15:49+00:00;https://www.openstreetmap.org/user/Andri94
801;3146557;tolioalessandro;8;0;0;0;8;0;0;0;0;0;0;0;2019-09-17T17:15:44+00:00;2019-09-17T19:03:49+00:00;https://www.openstreetmap.org/user/tolioalessandro
802;3557184;lobanon;8;0;5;0;0;0;3;0;0;0;0;0;2017-05-04T17:15:06+00:00;2021-01-02T11:52:08+00:00;https://www.openstreetmap.org/user/lobanon
803;3590094;Federico Vennarucci;8;8;0;0;0;0;0;0;0;0;0;0;2016-02-02T16:46:03+00:00;2016-02-04T12:08:15+00:00;https://www.openstreetmap.org/user/Federico%20Vennarucci
804;3666419;pavlina88;8;2;3;0;0;0;0;0;0;0;0;3;2016-07-12T13:54:32+00:00;2026-09-15T14:33:01+00:00;https://www.openstreetmap.org/user/pavlina88
805;3666427;giovi88;8;8;0;0;0;0;0;0;0;0;0;0;2016-02-28T10:50:50+00:00;2016-02-28T12:55:40+00:00;https://www.openstreetmap.org/user/giovi88
806;3861224;Bernard Delvaux;8;0;0;0;0;0;0;0;0;0;0;8;2026-05-10T08:38:35+00:00;2026-05-11T07:36:27+00:00;https://www.openstreetmap.org/user/Bernard%20Delvaux
807;4051317;Aharon Belloni;8;0;0;0;0;7;0;1;0;0;0;0;2020-02-12T12:51:23+00:00;2022-02-09T14:48:28+00:00;https://www.openstreetmap.org/user/Aharon%20Belloni
808;4479657;Tere1891;8;8;0;0;0;0;0;0;0;0;0;0;2016-08-26T20:13:00+00:00;2016-08-26T21:02:09+00:00;https://www.openstreetmap.org/user/Tere1891
809;4677292;Hållgrimur;8;8;0;0;0;0;0;0;0;0;0;0;2016-10-13T08:17:35+00:00;2016-10-13T10:14:11+00:00;https://www.openstreetmap.org/user/H%C3%A5llgrimur
810;5181034;Lightprayer;8;0;8;0;0;0;0;0;0;0;0;0;2017-01-24T13:27:43+00:00;2017-02-03T19:50:54+00:00;https://www.openstreetmap.org/user/Lightprayer
811;5413424;RiccardoCalabrese;8;0;8;0;0;0;0;0;0;0;0;0;2017-05-19T18:14:15+00:00;2017-08-10T18:51:36+00:00;https://www.openstreetmap.org/user/RiccardoCalabrese
812;5647520;thehobbit;8;0;8;0;0;0;0;0;0;0;0;0;2017-04-11T16:34:55+00:00;2017-04-12T10:06:14+00:00;https://www.openstreetmap.org/user/thehobbit
813;6765127;Cristoffs;8;0;0;0;0;0;0;0;0;0;8;0;2025-04-19T10:58:59+00:00;2025-11-11T14:10:34+00:00;https://www.openstreetmap.org/user/Cristoffs
814;8616500;joshcami;8;0;0;8;0;0;0;0;0;0;0;0;2018-07-29T14:23:38+00:00;2018-08-14T12:10:25+00:00;https://www.openstreetmap.org/user/joshcami
815;9006927;francians;8;0;0;0;0;5;2;0;0;0;1;0;2020-01-25T14:10:35+00:00;2025-05-04T16:47:25+00:00;https://www.openstreetmap.org/user/francians
816;9383353;LutherKopp;8;0;0;0;0;0;0;0;0;3;2;3;2024-04-24T23:00:34+00:00;2026-03-31T17:52:15+00:00;https://www.openstreetmap.org/user/LutherKopp
817;9574218;n34s;8;0;0;0;0;0;7;1;0;0;0;0;2021-01-09T21:21:09+00:00;2022-11-28T03:48:35+00:00;https://www.openstreetmap.org/user/n34s
818;9659022;Pettisso;8;0;0;0;0;0;3;2;3;0;0;0;2021-05-31T09:36:03+00:00;2023-05-19T08:11:38+00:00;https://www.openstreetmap.org/user/Pettisso
819;10183030;MapSpot;8;0;0;0;0;0;0;1;0;7;0;0;2022-07-29T20:40:02+00:00;2024-12-23T18:17:32+00:00;https://www.openstreetmap.org/user/MapSpot
820;11515391;witkoo;8;0;0;0;0;0;8;0;0;0;0;0;2021-09-16T13:32:11+00:00;2021-09-16T15:59:27+00:00;https://www.openstreetmap.org/user/witkoo
821;11562737;Filato95;8;0;0;0;0;8;0;0;0;0;0;0;2020-07-28T09:11:54+00:00;2020-07-28T20:56:07+00:00;https://www.openstreetmap.org/user/Filato95
822;11864329;AndreaRuta80;8;0;0;0;0;8;0;0;0;0;0;0;2020-09-23T08:15:29+00:00;2020-12-01T16:21:16+00:00;https://www.openstreetmap.org/user/AndreaRuta80
823;11978762;DzmitryBachkarou;8;0;0;0;0;0;8;0;0;0;0;0;2021-06-11T08:07:42+00:00;2021-06-12T13:12:29+00:00;https://www.openstreetmap.org/user/DzmitryBachkarou
824;12305705;Ciasco;8;0;0;0;0;5;3;0;0;0;0;0;2020-12-08T20:57:08+00:00;2021-01-17T17:05:46+00:00;https://www.openstreetmap.org/user/Ciasco
825;12419411;Giovanni Scariati;8;0;0;0;0;0;8;0;0;0;0;0;2021-01-01T16:20:08+00:00;2021-05-12T09:58:52+00:00;https://www.openstreetmap.org/user/Giovanni%20Scariati
826;12458003;primocampo;8;0;0;0;0;0;8;0;0;0;0;0;2021-01-09T15:09:49+00:00;2021-01-10T13:34:59+00:00;https://www.openstreetmap.org/user/primocampo
827;12495047;Yan Bakhmat;8;0;0;0;0;0;0;0;5;0;3;0;2023-09-16T08:55:39+00:00;2025-07-17T18:59:26+00:00;https://www.openstreetmap.org/user/Yan%20Bakhmat
828;13261038;Ago1896;8;0;0;0;0;0;0;2;0;0;0;6;2022-05-02T11:36:09+00:00;2026-07-01T11:36:17+00:00;https://www.openstreetmap.org/user/Ago1896
829;13775078;HydrogenMan;8;0;0;0;0;0;4;4;0;0;0;0;2021-07-22T08:16:15+00:00;2022-07-12T08:46:45+00:00;https://www.openstreetmap.org/user/HydrogenMan
830;13901835;OneiricBotcelot;8;0;0;0;0;0;0;0;8;0;0;0;2023-08-12T10:58:54+00:00;2023-08-13T10:14:15+00:00;https://www.openstreetmap.org/user/OneiricBotcelot
831;14583171;VLD188;8;0;0;0;0;0;0;0;8;0;0;0;2023-09-12T16:58:20+00:00;2023-11-01T17:47:15+00:00;https://www.openstreetmap.org/user/VLD188
832;15070435;oVeRFLoW-ITA;8;0;0;0;0;0;0;8;0;0;0;0;2022-02-12T10:20:19+00:00;2022-02-14T07:18:26+00:00;https://www.openstreetmap.org/user/oVeRFLoW-ITA
833;16954108;mand05;8;0;0;0;0;0;0;8;0;0;0;0;2022-08-27T14:35:06+00:00;2022-08-28T22:15:24+00:00;https://www.openstreetmap.org/user/mand05
834;19698069;Valeryia_Yak;8;0;0;0;0;0;0;0;1;6;1;0;2023-12-08T15:58:42+00:00;2025-01-21T09:37:39+00:00;https://www.openstreetmap.org/user/Valeryia_Yak
835;21174895;Riccardo Raiola;8;0;0;0;0;0;0;0;0;8;0;0;2024-03-07T10:59:53+00:00;2024-03-07T11:32:30+00:00;https://www.openstreetmap.org/user/Riccardo%20Raiola
836;21175041;Matt_Quinn;8;0;0;0;0;0;0;0;0;8;0;0;2024-03-07T11:00:43+00:00;2024-03-07T14:00:13+00:00;https://www.openstreetmap.org/user/Matt_Quinn
837;21222236;medurix;8;0;0;0;0;0;0;0;0;3;3;2;2024-03-19T22:14:28+00:00;2026-03-20T15:09:12+00:00;https://www.openstreetmap.org/user/medurix
838;21291130;Cristiano Profeta;8;0;0;0;0;0;0;0;0;8;0;0;2024-04-09T13:36:35+00:00;2024-04-10T13:59:12+00:00;https://www.openstreetmap.org/user/Cristiano%20Profeta
839;22082046;Alessandro Aldè;8;0;0;0;0;0;0;0;0;2;4;2;2024-11-06T09:18:47+00:00;2026-05-15T13:43:32+00:00;https://www.openstreetmap.org/user/Alessandro%20Ald%C3%A8
840;22303946;mododomo;8;0;0;0;0;0;0;0;0;8;0;0;2024-12-19T15:19:29+00:00;2024-12-19T18:46:31+00:00;https://www.openstreetmap.org/user/mododomo
841;23635627;Marco Gagliardi;8;0;0;0;0;0;0;0;0;0;0;8;2026-02-09T19:16:44+00:00;2026-06-15T16:14:33+00:00;https://www.openstreetmap.org/user/Marco%20Gagliardi
842;23863763;Ghazikadii;8;0;0;0;0;0;0;0;0;0;0;8;2026-03-09T10:07:44+00:00;2026-03-30T08:56:23+00:00;https://www.openstreetmap.org/user/Ghazikadii
843;23937526;ADEF95;8;0;0;0;0;0;0;0;0;0;0;8;2026-04-09T17:40:34+00:00;2026-09-01T15:47:15+00:00;https://www.openstreetmap.org/user/ADEF95
844;24422899;milliro;8;0;0;0;0;0;0;0;0;0;0;8;2026-09-01T14:05:39+00:00;2026-09-02T12:59:02+00:00;https://www.openstreetmap.org/user/milliro
845;13259;charles;7;0;0;0;0;0;7;0;0;0;0;0;2021-10-11T12:40:05+00:00;2021-10-14T10:14:06+00:00;https://www.openstreetmap.org/user/charles
846;18069;Claudius Henrichs;7;0;0;0;0;2;2;0;1;1;1;0;2020-02-08T22:46:59+00:00;2025-08-18T07:08:46+00:00;https://www.openstreetmap.org/user/Claudius%20Henrichs
847;51019;indi37;7;0;0;0;0;0;0;0;0;0;7;0;2025-10-10T15:24:45+00:00;2025-10-10T18:38:28+00:00;https://www.openstreetmap.org/user/indi37
848;65211;MisterBen;7;0;0;0;0;0;0;0;7;0;0;0;2023-06-24T10:03:50+00:00;2023-06-25T07:01:32+00:00;https://www.openstreetmap.org/user/MisterBen
849;76002;salix01;7;5;1;1;0;0;0;0;0;0;0;0;2016-02-15T11:14:02+00:00;2018-02-17T07:02:16+00:00;https://www.openstreetmap.org/user/salix01
850;95387;rugamarcus;7;0;0;0;0;0;0;7;0;0;0;0;2022-09-24T08:03:46+00:00;2022-10-09T09:01:28+00:00;https://www.openstreetmap.org/user/rugamarcus
851;97922;damjang;7;7;0;0;0;0;0;0;0;0;0;0;2016-08-28T22:02:08+00:00;2016-08-29T21:18:26+00:00;https://www.openstreetmap.org/user/damjang
852;117165;ordex;7;0;0;0;0;0;6;1;0;0;0;0;2021-07-01T19:21:39+00:00;2022-06-03T19:44:57+00:00;https://www.openstreetmap.org/user/ordex
853;146822;Segelpaule;7;7;0;0;0;0;0;0;0;0;0;0;2016-11-06T15:24:18+00:00;2016-11-06T16:43:34+00:00;https://www.openstreetmap.org/user/Segelpaule
854;213763;floeschen;7;0;0;0;0;0;0;0;0;7;0;0;2024-06-14T08:32:28+00:00;2024-06-14T08:32:33+00:00;https://www.openstreetmap.org/user/floeschen
855;326642;LucioGE;7;7;0;0;0;0;0;0;0;0;0;0;2016-10-29T11:37:58+00:00;2016-10-30T17:39:34+00:00;https://www.openstreetmap.org/user/LucioGE
856;347747;Leonets;7;0;0;0;0;0;0;0;0;7;0;0;2024-08-24T16:55:35+00:00;2024-08-24T17:38:46+00:00;https://www.openstreetmap.org/user/Leonets
857;406546;Pernas;7;7;0;0;0;0;0;0;0;0;0;0;2016-08-28T13:43:28+00:00;2016-08-28T21:17:55+00:00;https://www.openstreetmap.org/user/Pernas
858;601577;marcus_jenkins;7;0;0;0;7;0;0;0;0;0;0;0;2019-02-06T11:26:03+00:00;2019-02-06T12:07:19+00:00;https://www.openstreetmap.org/user/marcus_jenkins
859;606555;marczoutendijk;7;0;0;0;0;0;0;3;0;1;3;0;2022-01-14T19:22:19+00:00;2025-09-16T07:05:19+00:00;https://www.openstreetmap.org/user/marczoutendijk
860;635443;lorenzgr;7;0;0;0;4;2;0;0;0;0;1;0;2019-10-10T07:14:38+00:00;2025-07-22T10:11:42+00:00;https://www.openstreetmap.org/user/lorenzgr
861;695719;JeanBaguette;7;0;7;0;0;0;0;0;0;0;0;0;2017-09-07T08:18:19+00:00;2017-09-07T08:27:08+00:00;https://www.openstreetmap.org/user/JeanBaguette
862;829302;Claudev8;7;0;0;0;0;0;6;0;1;0;0;0;2021-07-12T13:56:22+00:00;2023-03-28T07:11:33+00:00;https://www.openstreetmap.org/user/Claudev8
863;880462;enrico nw;7;0;7;0;0;0;0;0;0;0;0;0;2017-05-02T07:23:21+00:00;2017-05-02T07:39:06+00:00;https://www.openstreetmap.org/user/enrico%20nw
864;1624486;thetornado76;7;0;0;0;2;0;2;1;1;1;0;0;2019-08-16T04:13:36+00:00;2024-04-13T12:25:35+00:00;https://www.openstreetmap.org/user/thetornado76
865;1885866;wombatmaper;7;0;0;0;0;0;0;0;0;3;3;1;2024-09-13T18:11:48+00:00;2026-07-25T16:07:16+00:00;https://www.openstreetmap.org/user/wombatmaper
866;1928626;Gianfranco2014;7;0;7;0;0;0;0;0;0;0;0;0;2017-08-11T05:53:11+00:00;2017-12-26T16:07:34+00:00;https://www.openstreetmap.org/user/Gianfranco2014
867;2492702;deprado63;7;1;5;0;0;0;0;0;0;1;0;0;2016-04-06T16:28:15+00:00;2024-10-27T11:28:41+00:00;https://www.openstreetmap.org/user/deprado63
868;2499205;GregoryWarn;7;6;0;1;0;0;0;0;0;0;0;0;2016-12-21T21:01:16+00:00;2018-03-12T17:43:06+00:00;https://www.openstreetmap.org/user/GregoryWarn
869;3003055;cbaldur;7;7;0;0;0;0;0;0;0;0;0;0;2016-01-26T10:06:13+00:00;2016-02-01T21:02:41+00:00;https://www.openstreetmap.org/user/cbaldur
870;3113788;Francesco Burattini;7;0;0;0;0;7;0;0;0;0;0;0;2020-01-18T16:55:24+00:00;2020-01-31T20:52:55+00:00;https://www.openstreetmap.org/user/Francesco%20Burattini
871;3199919;Vid_Pogačnik;7;0;0;0;6;1;0;0;0;0;0;0;2019-07-06T07:59:00+00:00;2020-01-10T21:23:28+00:00;https://www.openstreetmap.org/user/Vid_Poga%C4%8Dnik
872;3249777;opendcc;7;0;0;0;0;2;3;1;1;0;0;0;2020-04-06T03:44:08+00:00;2023-09-22T02:12:33+00:00;https://www.openstreetmap.org/user/opendcc
873;3268598;Una tantum;7;0;0;0;0;0;0;0;0;0;6;1;2025-02-26T09:04:26+00:00;2026-01-21T14:37:39+00:00;https://www.openstreetmap.org/user/Una%20tantum
874;3289473;BikeYourTravel;7;7;0;0;0;0;0;0;0;0;0;0;2016-10-10T15:37:22+00:00;2016-10-17T15:42:40+00:00;https://www.openstreetmap.org/user/BikeYourTravel
875;3327036;wanderlustig;7;0;0;0;0;0;0;0;0;7;0;0;2024-05-10T20:36:09+00:00;2024-05-17T17:10:19+00:00;https://www.openstreetmap.org/user/wanderlustig
876;3455425;Matteo Calosi;7;0;0;0;0;0;0;7;0;0;0;0;2022-10-14T15:59:15+00:00;2022-10-14T16:26:14+00:00;https://www.openstreetmap.org/user/Matteo%20Calosi
877;4200830;user_4200830;7;0;6;0;1;0;0;0;0;0;0;0;2017-08-17T10:16:10+00:00;2019-08-19T06:59:43+00:00;https://www.openstreetmap.org/user/user_4200830
878;4369631;HeAdrian;7;7;0;0;0;0;0;0;0;0;0;0;2016-08-05T09:44:20+00:00;2016-08-18T14:52:25+00:00;https://www.openstreetmap.org/user/HeAdrian
879;4430457;stillhart;7;0;0;0;0;0;0;0;0;0;1;6;2025-06-02T13:32:20+00:00;2026-03-14T17:19:15+00:00;https://www.openstreetmap.org/user/stillhart
880;4502856;magma18;7;0;0;0;7;0;0;0;0;0;0;0;2019-04-16T16:31:28+00:00;2019-04-16T16:45:55+00:00;https://www.openstreetmap.org/user/magma18
881;4576704;Luca Lucarini;7;0;0;0;0;7;0;0;0;0;0;0;2020-02-14T21:43:58+00:00;2020-02-14T22:18:19+00:00;https://www.openstreetmap.org/user/Luca%20Lucarini
882;4616566;andreacittadini;7;3;2;0;1;0;0;0;0;1;0;0;2016-09-22T15:21:19+00:00;2024-08-08T12:13:00+00:00;https://www.openstreetmap.org/user/andreacittadini
883;5198975;WernerQuevedo;7;0;5;2;0;0;0;0;0;0;0;0;2017-02-21T08:37:39+00:00;2018-06-28T09:15:09+00:00;https://www.openstreetmap.org/user/WernerQuevedo
884;5225732;keyusb;7;0;0;0;1;0;2;0;0;4;0;0;2019-07-12T05:48:17+00:00;2024-12-13T00:49:18+00:00;https://www.openstreetmap.org/user/keyusb
885;6407636;deltapir;7;0;0;0;0;0;0;0;0;0;7;0;2025-04-23T10:32:27+00:00;2025-04-24T21:17:30+00:00;https://www.openstreetmap.org/user/deltapir
886;6549455;conradoos;7;0;0;0;0;0;0;0;4;0;3;0;2023-08-27T12:21:39+00:00;2025-09-09T18:40:57+00:00;https://www.openstreetmap.org/user/conradoos
887;6757296;gionax;7;0;7;0;0;0;0;0;0;0;0;0;2017-12-22T16:58:24+00:00;2017-12-22T17:16:01+00:00;https://www.openstreetmap.org/user/gionax
888;6779641;gypsigiu;7;0;0;7;0;0;0;0;0;0;0;0;2018-11-18T18:38:56+00:00;2018-12-02T21:10:27+00:00;https://www.openstreetmap.org/user/gypsigiu
889;6830287;AlessiOliva;7;0;7;0;0;0;0;0;0;0;0;0;2017-10-21T11:38:35+00:00;2017-10-21T12:03:12+00:00;https://www.openstreetmap.org/user/AlessiOliva
890;6896447;diekleists;7;0;0;7;0;0;0;0;0;0;0;0;2018-08-28T13:16:41+00:00;2018-08-31T15:16:15+00:00;https://www.openstreetmap.org/user/diekleists
891;7576098;Commodores;7;0;0;7;0;0;0;0;0;0;0;0;2018-02-14T19:17:24+00:00;2018-10-19T13:56:57+00:00;https://www.openstreetmap.org/user/Commodores
892;8196994;Daraf-IT;7;0;0;7;0;0;0;0;0;0;0;0;2018-08-07T21:58:10+00:00;2018-09-01T02:01:22+00:00;https://www.openstreetmap.org/user/Daraf-IT
893;8865468;cippi9;7;0;0;7;0;0;0;0;0;0;0;0;2018-09-24T14:56:51+00:00;2018-09-27T09:30:21+00:00;https://www.openstreetmap.org/user/cippi9
894;8955470;Minilepre;7;0;0;4;0;0;0;0;0;0;3;0;2018-10-26T18:28:31+00:00;2025-07-04T14:34:16+00:00;https://www.openstreetmap.org/user/Minilepre
895;11623162;surveyorgirl;7;0;0;0;0;0;7;0;0;0;0;0;2021-07-29T17:47:39+00:00;2021-07-30T02:15:34+00:00;https://www.openstreetmap.org/user/surveyorgirl
896;12492444;Maria Luisa Pisanelli;7;0;0;0;0;0;0;7;0;0;0;0;2022-09-19T07:44:04+00:00;2022-09-19T09:35:57+00:00;https://www.openstreetmap.org/user/Maria%20Luisa%20Pisanelli
897;12604514;Diana Soldatkina;7;0;0;0;0;0;7;0;0;0;0;0;2021-06-01T12:15:58+00:00;2021-10-08T15:21:00+00:00;https://www.openstreetmap.org/user/Diana%20Soldatkina
898;12638075;elucci;7;0;0;0;0;0;1;0;0;4;0;2;2021-04-22T16:41:08+00:00;2026-09-20T19:34:20+00:00;https://www.openstreetmap.org/user/elucci
899;12820340;KozaK69;7;0;0;0;0;0;0;0;0;0;0;7;2026-01-05T20:09:53+00:00;2026-03-11T22:10:51+00:00;https://www.openstreetmap.org/user/KozaK69
900;13375419;salva01;7;0;0;0;0;0;7;0;0;0;0;0;2021-05-20T13:01:47+00:00;2021-05-31T07:28:00+00:00;https://www.openstreetmap.org/user/salva01
901;14471974;Stefano Marconi;7;0;0;0;0;0;7;0;0;0;0;0;2021-11-16T17:47:06+00:00;2021-11-21T18:55:38+00:00;https://www.openstreetmap.org/user/Stefano%20Marconi
902;14727398;Nar_ach;7;0;0;0;0;0;0;3;1;0;0;3;2022-06-08T05:31:57+00:00;2026-07-24T15:49:27+00:00;https://www.openstreetmap.org/user/Nar_ach
903;17976365;Silvio Vallorani;7;0;0;0;0;0;0;7;0;0;0;0;2022-12-13T14:57:58+00:00;2022-12-13T15:45:25+00:00;https://www.openstreetmap.org/user/Silvio%20Vallorani
904;18411784;SS82;7;0;0;0;0;0;0;0;0;0;7;0;2025-05-18T06:15:26+00:00;2025-06-19T20:59:40+00:00;https://www.openstreetmap.org/user/SS82
905;18655433;fabian_somewhere;7;0;0;0;0;0;0;0;0;0;7;0;2025-09-07T20:37:57+00:00;2025-09-08T09:39:48+00:00;https://www.openstreetmap.org/user/fabian_somewhere
906;19626388;os_osm;7;0;0;0;0;0;0;0;0;7;0;0;2024-07-20T05:36:41+00:00;2024-07-20T05:37:22+00:00;https://www.openstreetmap.org/user/os_osm
907;20432991;Kaduna;7;0;0;0;0;0;0;0;0;3;3;1;2024-09-13T09:24:01+00:00;2026-06-19T17:24:50+00:00;https://www.openstreetmap.org/user/Kaduna
908;20574418;jampabhi;7;0;0;0;0;0;0;0;0;1;6;0;2024-10-29T09:41:37+00:00;2025-08-18T10:45:57+00:00;https://www.openstreetmap.org/user/jampabhi
909;20605899;gopredd;7;0;0;0;0;0;0;0;0;0;7;0;2025-07-01T15:53:35+00:00;2025-09-24T11:41:33+00:00;https://www.openstreetmap.org/user/gopredd
910;20828150;VLD316;7;0;0;0;0;0;0;0;0;7;0;0;2024-03-25T14:21:59+00:00;2024-03-25T14:57:10+00:00;https://www.openstreetmap.org/user/VLD316
911;20832388;andrea felicetti;7;0;0;0;0;0;0;0;0;6;1;0;2024-01-22T00:48:21+00:00;2025-02-24T12:25:45+00:00;https://www.openstreetmap.org/user/andrea%20felicetti
912;20920534;Thonyusa;7;0;0;0;0;0;0;0;0;7;0;0;2024-01-20T20:24:58+00:00;2024-01-20T20:30:24+00:00;https://www.openstreetmap.org/user/Thonyusa
913;20965715;Armando Hasanbelliu;7;0;0;0;0;0;0;0;0;7;0;0;2024-12-11T14:48:37+00:00;2024-12-11T15:43:13+00:00;https://www.openstreetmap.org/user/Armando%20Hasanbelliu
914;21222189;pier_ascolipiceno;7;0;0;0;0;0;0;0;0;7;0;0;2024-03-28T09:42:07+00:00;2024-05-08T21:05:01+00:00;https://www.openstreetmap.org/user/pier_ascolipiceno
915;21642938;tvmpch;7;0;0;0;0;0;0;0;0;4;3;0;2024-10-09T13:33:47+00:00;2025-04-08T15:05:11+00:00;https://www.openstreetmap.org/user/tvmpch
916;21721774;AlbyF90;7;0;0;0;0;0;0;0;0;6;1;0;2024-07-04T10:32:27+00:00;2025-06-24T08:32:45+00:00;https://www.openstreetmap.org/user/AlbyF90
917;21736638;Maria Sole Moretti;7;0;0;0;0;0;0;0;0;1;6;0;2024-07-09T07:39:17+00:00;2025-03-26T16:07:16+00:00;https://www.openstreetmap.org/user/Maria%20Sole%20Moretti
918;22282689;ItaliA1delSole;7;0;0;0;0;0;0;0;0;0;0;7;2026-03-15T18:41:08+00:00;2026-04-24T11:03:33+00:00;https://www.openstreetmap.org/user/ItaliA1delSole
919;22934955;fabiolinux73;7;0;0;0;0;0;0;0;0;0;0;7;2026-06-10T17:21:48+00:00;2026-07-25T06:21:55+00:00;https://www.openstreetmap.org/user/fabiolinux73
920;23008374;Nickkduca;7;0;0;0;0;0;0;0;0;0;0;7;2026-01-21T10:15:28+00:00;2026-01-23T21:09:19+00:00;https://www.openstreetmap.org/user/Nickkduca
921;23069395;Falansterio;7;0;0;0;0;0;0;0;0;0;0;7;2026-02-27T14:21:00+00:00;2026-06-19T18:39:17+00:00;https://www.openstreetmap.org/user/Falansterio
922;23474891;Andrea_cc;7;0;0;0;0;0;0;0;0;0;7;0;2025-11-05T21:39:02+00:00;2025-12-03T17:13:37+00:00;https://www.openstreetmap.org/user/Andrea_cc
923;23904016;Hiker2978;7;0;0;0;0;0;0;0;0;0;0;7;2026-03-12T08:09:02+00:00;2026-03-20T11:20:00+00:00;https://www.openstreetmap.org/user/Hiker2978
924;24108631;Giulia Jobert Fritz;7;0;0;0;0;0;0;0;0;0;0;7;2026-05-07T12:28:36+00:00;2026-05-07T12:29:30+00:00;https://www.openstreetmap.org/user/Giulia%20Jobert%20Fritz
925;24207516;matcap94;7;0;0;0;0;0;0;0;0;0;0;7;2026-06-11T10:17:07+00:00;2026-06-11T10:19:06+00:00;https://www.openstreetmap.org/user/matcap94
926;24235546;Danilodg75;7;0;0;0;0;0;0;0;0;0;0;7;2026-06-21T12:49:56+00:00;2026-06-21T13:12:41+00:00;https://www.openstreetmap.org/user/Danilodg75
927;24260032;dottPepe;7;0;0;0;0;0;0;0;0;0;0;7;2026-07-05T18:10:49+00:00;2026-07-06T07:30:11+00:00;https://www.openstreetmap.org/user/dottPepe
928;137;simone;6;0;6;0;0;0;0;0;0;0;0;0;2017-09-21T15:27:47+00:00;2017-09-22T15:12:34+00:00;https://www.openstreetmap.org/user/simone
929;37435;lamb;6;0;0;0;0;6;0;0;0;0;0;0;2020-06-07T17:50:27+00:00;2020-06-07T18:19:30+00:00;https://www.openstreetmap.org/user/lamb
930;71862;ALu68;6;0;0;0;0;0;5;0;1;0;0;0;2021-01-31T13:46:43+00:00;2023-05-15T13:15:59+00:00;https://www.openstreetmap.org/user/ALu68
931;78656;Walter Schlögl;6;3;1;0;0;0;0;0;0;2;0;0;2016-05-23T20:12:53+00:00;2024-05-23T15:11:19+00:00;https://www.openstreetmap.org/user/Walter%20Schl%C3%B6gl
932;90379;Andrea Musuruane;6;0;0;0;1;0;0;1;0;1;3;0;2019-12-13T08:04:37+00:00;2025-04-22T17:44:47+00:00;https://www.openstreetmap.org/user/Andrea%20Musuruane
933;103705;testman;6;0;0;0;0;0;0;0;0;6;0;0;2024-05-18T04:59:07+00:00;2024-05-18T04:59:49+00:00;https://www.openstreetmap.org/user/testman
934;184969;EvanE;6;0;0;0;0;0;3;2;1;0;0;0;2021-10-31T21:41:36+00:00;2023-03-26T01:39:49+00:00;https://www.openstreetmap.org/user/EvanE
935;655155;Kamp;6;6;0;0;0;0;0;0;0;0;0;0;2016-09-17T07:20:14+00:00;2016-09-22T08:15:47+00:00;https://www.openstreetmap.org/user/Kamp
936;755543;Rallysta74;6;6;0;0;0;0;0;0;0;0;0;0;2016-10-29T16:14:38+00:00;2016-10-30T16:21:46+00:00;https://www.openstreetmap.org/user/Rallysta74
937;799895;Rainer S;6;0;0;0;6;0;0;0;0;0;0;0;2019-04-25T20:53:46+00:00;2019-09-24T18:05:59+00:00;https://www.openstreetmap.org/user/Rainer%20S
938;811207;Susanna Giaccai;6;0;6;0;0;0;0;0;0;0;0;0;2017-11-13T12:09:59+00:00;2017-11-13T12:21:00+00:00;https://www.openstreetmap.org/user/Susanna%20Giaccai
939;905716;Guylamar2006;6;0;0;0;6;0;0;0;0;0;0;0;2019-10-09T00:53:28+00:00;2019-11-07T04:01:41+00:00;https://www.openstreetmap.org/user/Guylamar2006
940;1248251;silviop;6;0;0;0;0;6;0;0;0;0;0;0;2020-05-10T13:13:23+00:00;2020-05-10T13:55:02+00:00;https://www.openstreetmap.org/user/silviop
941;1390694;nemo-xx;6;0;6;0;0;0;0;0;0;0;0;0;2017-04-13T07:38:41+00:00;2017-04-14T06:09:04+00:00;https://www.openstreetmap.org/user/nemo-xx
942;1416503;Piz Pachific;6;0;0;6;0;0;0;0;0;0;0;0;2018-04-18T10:03:25+00:00;2018-12-13T15:13:16+00:00;https://www.openstreetmap.org/user/Piz%20Pachific
943;1477895;Renato Lapio;6;0;0;0;0;0;0;0;4;0;2;0;2023-03-03T07:51:39+00:00;2025-04-02T14:52:34+00:00;https://www.openstreetmap.org/user/Renato%20Lapio
944;1504121;michi100;6;2;4;0;0;0;0;0;0;0;0;0;2016-04-21T11:01:50+00:00;2017-02-23T18:08:49+00:00;https://www.openstreetmap.org/user/michi100
945;1808258;roby2107;6;6;0;0;0;0;0;0;0;0;0;0;2016-08-24T12:40:24+00:00;2016-10-28T12:21:45+00:00;https://www.openstreetmap.org/user/roby2107
946;2044927;Mariusz Staniszewski;6;0;0;3;1;0;0;2;0;0;0;0;2018-04-01T23:41:43+00:00;2022-10-04T23:29:30+00:00;https://www.openstreetmap.org/user/Mariusz%20Staniszewski
947;2104834;Igor Bubelov;6;0;0;0;0;0;0;0;4;2;0;0;2023-03-03T11:03:58+00:00;2024-05-03T03:31:38+00:00;https://www.openstreetmap.org/user/Igor%20Bubelov
948;2374241;Emiliano Vavassori;6;0;0;0;0;0;0;0;5;1;0;0;2023-05-14T10:13:01+00:00;2024-03-06T22:51:26+00:00;https://www.openstreetmap.org/user/Emiliano%20Vavassori
949;2494109;ermingo;6;1;0;1;4;0;0;0;0;0;0;0;2016-04-25T14:28:21+00:00;2019-09-25T11:43:45+00:00;https://www.openstreetmap.org/user/ermingo
950;2786284;Danydeio;6;5;1;0;0;0;0;0;0;0;0;0;2016-08-25T15:39:05+00:00;2017-12-25T14:53:47+00:00;https://www.openstreetmap.org/user/Danydeio
951;3524812;SWF8;6;0;0;0;0;0;6;0;0;0;0;0;2021-11-04T21:18:40+00:00;2021-11-10T15:02:20+00:00;https://www.openstreetmap.org/user/SWF8
952;3544883;pilucca;6;6;0;0;0;0;0;0;0;0;0;0;2016-01-19T11:42:06+00:00;2016-01-19T11:56:14+00:00;https://www.openstreetmap.org/user/pilucca
953;3626145;aciredef;6;6;0;0;0;0;0;0;0;0;0;0;2016-02-14T08:59:16+00:00;2016-02-14T09:02:39+00:00;https://www.openstreetmap.org/user/aciredef
954;3860945;Nicolas Spaccesi;6;6;0;0;0;0;0;0;0;0;0;0;2016-04-22T15:02:49+00:00;2016-04-22T15:18:02+00:00;https://www.openstreetmap.org/user/Nicolas%20Spaccesi
955;3955794;kesmede;6;6;0;0;0;0;0;0;0;0;0;0;2016-05-13T13:19:55+00:00;2016-05-13T15:04:45+00:00;https://www.openstreetmap.org/user/kesmede
956;4085510;lordb19;6;6;0;0;0;0;0;0;0;0;0;0;2016-08-26T12:56:52+00:00;2016-09-01T12:38:26+00:00;https://www.openstreetmap.org/user/lordb19
957;4113050;antoniodapotenza;6;6;0;0;0;0;0;0;0;0;0;0;2016-06-15T19:07:39+00:00;2016-08-08T17:23:30+00:00;https://www.openstreetmap.org/user/antoniodapotenza
958;4176220;Gr B;6;0;4;1;1;0;0;0;0;0;0;0;2017-01-29T13:04:50+00:00;2019-05-02T16:07:39+00:00;https://www.openstreetmap.org/user/Gr%20B
959;4476256;ForeverLostDR87;6;6;0;0;0;0;0;0;0;0;0;0;2016-10-26T21:00:03+00:00;2016-10-31T20:40:27+00:00;https://www.openstreetmap.org/user/ForeverLostDR87
960;4695915;MPoloS;6;2;4;0;0;0;0;0;0;0;0;0;2016-12-26T09:56:56+00:00;2017-01-28T14:47:02+00:00;https://www.openstreetmap.org/user/MPoloS
961;4794229;Jarri;6;6;0;0;0;0;0;0;0;0;0;0;2016-10-28T16:13:58+00:00;2016-11-02T11:36:33+00:00;https://www.openstreetmap.org/user/Jarri
962;4862063;tars4815;6;0;0;0;0;0;0;3;3;0;0;0;2022-09-19T10:06:02+00:00;2023-09-14T15:29:55+00:00;https://www.openstreetmap.org/user/tars4815
963;5683195;sneike;6;0;0;0;0;0;0;0;6;0;0;0;2023-04-11T14:39:01+00:00;2023-05-08T12:09:07+00:00;https://www.openstreetmap.org/user/sneike
964;5878039;Marco Scaloni;6;0;6;0;0;0;0;0;0;0;0;0;2017-05-12T08:52:32+00:00;2017-05-12T10:02:20+00:00;https://www.openstreetmap.org/user/Marco%20Scaloni
965;6220204;Ysogo;6;0;0;0;0;0;0;0;1;0;5;0;2023-07-01T11:34:42+00:00;2025-09-09T11:52:14+00:00;https://www.openstreetmap.org/user/Ysogo
966;6482028;Alessandro_Sallustio;6;0;6;0;0;0;0;0;0;0;0;0;2017-08-14T16:18:21+00:00;2017-08-15T12:16:37+00:00;https://www.openstreetmap.org/user/Alessandro_Sallustio
967;6616120;MGiovine_Pluservice;6;0;6;0;0;0;0;0;0;0;0;0;2017-09-08T09:05:19+00:00;2017-10-31T09:00:58+00:00;https://www.openstreetmap.org/user/MGiovine_Pluservice
968;6697870;OpenStreetMps;6;0;6;0;0;0;0;0;0;0;0;0;2017-09-23T00:44:42+00:00;2017-10-03T18:11:41+00:00;https://www.openstreetmap.org/user/OpenStreetMps
969;6886694;Sergio Ossoli;6;0;5;1;0;0;0;0;0;0;0;0;2017-10-30T21:07:36+00:00;2018-03-30T19:14:05+00:00;https://www.openstreetmap.org/user/Sergio%20Ossoli
970;7288112;Debora Di Francesco;6;0;0;0;0;0;6;0;0;0;0;0;2021-10-06T10:45:15+00:00;2021-11-25T18:34:34+00:00;https://www.openstreetmap.org/user/Debora%20Di%20Francesco
971;8301655;Carlo Melito;6;0;0;0;1;1;1;1;2;0;0;0;2019-11-07T17:25:39+00:00;2023-02-15T21:31:46+00:00;https://www.openstreetmap.org/user/Carlo%20Melito
972;8570285;stadiaarcadia;6;0;0;3;2;1;0;0;0;0;0;0;2018-07-30T15:23:22+00:00;2020-03-06T12:57:18+00:00;https://www.openstreetmap.org/user/stadiaarcadia
973;8791260;AlexV1;6;0;0;6;0;0;0;0;0;0;0;0;2018-09-07T11:28:19+00:00;2018-09-07T11:50:30+00:00;https://www.openstreetmap.org/user/AlexV1
974;8899504;Edoardo Cataldi;6;0;0;0;0;0;0;0;0;0;0;6;2026-08-14T06:39:40+00:00;2026-09-23T07:47:00+00:00;https://www.openstreetmap.org/user/Edoardo%20Cataldi
975;8900000;Pro Montefeltro;6;0;0;6;0;0;0;0;0;0;0;0;2018-10-03T12:19:25+00:00;2018-10-18T19:42:48+00:00;https://www.openstreetmap.org/user/Pro%20Montefeltro
976;9022988;Lorenzo Castricini;6;0;0;3;3;0;0;0;0;0;0;0;2018-10-30T08:56:12+00:00;2019-01-31T13:52:59+00:00;https://www.openstreetmap.org/user/Lorenzo%20Castricini
977;9452949;GreatPier;6;0;0;0;0;0;0;6;0;0;0;0;2022-08-20T17:09:03+00:00;2022-08-22T17:01:32+00:00;https://www.openstreetmap.org/user/GreatPier
978;10070808;Maria Infante;6;0;0;0;6;0;0;0;0;0;0;0;2019-06-13T10:13:12+00:00;2019-06-13T10:53:41+00:00;https://www.openstreetmap.org/user/Maria%20Infante
979;10146867;Gioielleria AllGold - Laboratorio Orafo - Fossombrone;6;0;0;0;6;0;0;0;0;0;0;0;2019-07-11T15:44:18+00:00;2019-07-11T16:54:11+00:00;https://www.openstreetmap.org/user/Gioielleria%20AllGold%20-%20Laboratorio%20Orafo%20-%20Fossombrone
980;10380186;Luca Bordi;6;0;0;0;6;0;0;0;0;0;0;0;2019-10-14T23:16:00+00:00;2019-10-14T23:37:23+00:00;https://www.openstreetmap.org/user/Luca%20Bordi
981;10411345;Daniele Pangaro;6;0;0;0;0;0;0;0;0;0;6;0;2025-03-17T14:53:55+00:00;2025-04-17T19:29:38+00:00;https://www.openstreetmap.org/user/Daniele%20Pangaro
982;10711723;Rachtiung;6;0;0;0;0;6;0;0;0;0;0;0;2020-02-27T12:19:31+00:00;2020-02-27T13:15:20+00:00;https://www.openstreetmap.org/user/Rachtiung
983;10819825;Vika_Nosovich;6;0;0;0;0;0;3;3;0;0;0;0;2021-08-05T11:52:28+00:00;2022-06-20T05:49:19+00:00;https://www.openstreetmap.org/user/Vika_Nosovich
984;10994824;edobez;6;0;0;0;0;0;6;0;0;0;0;0;2021-09-07T15:00:24+00:00;2021-09-14T12:27:42+00:00;https://www.openstreetmap.org/user/edobez
985;11023021;Leonte_Zhavoronkov;6;0;0;0;0;0;6;0;0;0;0;0;2021-06-01T11:45:54+00:00;2021-06-01T12:20:17+00:00;https://www.openstreetmap.org/user/Leonte_Zhavoronkov
986;11508442;Ruggieri;6;0;0;0;0;0;6;0;0;0;0;0;2021-08-12T12:33:27+00:00;2021-08-22T08:19:35+00:00;https://www.openstreetmap.org/user/Ruggieri
987;11979968;Francesco Zanaboni;6;0;0;0;0;0;1;0;0;0;1;4;2021-11-18T09:31:40+00:00;2026-04-30T13:22:06+00:00;https://www.openstreetmap.org/user/Francesco%20Zanaboni
988;12116568;Roman Oleynik;6;0;0;0;0;0;6;0;0;0;0;0;2021-01-27T11:05:46+00:00;2021-12-07T12:20:02+00:00;https://www.openstreetmap.org/user/Roman%20Oleynik
989;12448818;marinaankon;6;0;0;0;0;0;6;0;0;0;0;0;2021-01-07T18:40:13+00:00;2021-03-22T13:19:05+00:00;https://www.openstreetmap.org/user/marinaankon
990;13035513;Gmonamour;6;0;0;0;0;0;6;0;0;0;0;0;2021-04-09T05:27:21+00:00;2021-04-09T06:00:39+00:00;https://www.openstreetmap.org/user/Gmonamour
991;13714709;Federic00;6;0;0;0;0;0;5;0;1;0;0;0;2021-07-07T09:31:56+00:00;2023-11-07T09:40:57+00:00;https://www.openstreetmap.org/user/Federic00
992;14029503;Rockfollower;6;0;0;0;0;0;0;0;0;6;0;0;2024-08-09T13:40:39+00:00;2024-08-20T08:59:24+00:00;https://www.openstreetmap.org/user/Rockfollower
993;14330447;ElDavo;6;0;0;0;0;0;0;6;0;0;0;0;2022-03-05T14:30:12+00:00;2022-09-23T11:52:43+00:00;https://www.openstreetmap.org/user/ElDavo
994;14334502;Simone Lavosi;6;0;0;0;0;0;6;0;0;0;0;0;2021-10-22T14:48:38+00:00;2021-10-26T15:59:26+00:00;https://www.openstreetmap.org/user/Simone%20Lavosi
995;14550990;Madi-Red;6;0;0;0;0;0;0;0;0;6;0;0;2024-10-17T13:48:49+00:00;2024-10-18T12:25:27+00:00;https://www.openstreetmap.org/user/Madi-Red
996;14729115;Ekaterina Butskevich;6;0;0;0;0;0;0;2;1;3;0;0;2022-05-04T11:24:39+00:00;2024-01-04T12:58:42+00:00;https://www.openstreetmap.org/user/Ekaterina%20Butskevich
997;15134260;Nath_Art;6;0;0;0;0;0;0;6;0;0;0;0;2022-10-10T04:48:49+00:00;2022-11-28T09:32:42+00:00;https://www.openstreetmap.org/user/Nath_Art
998;15211144;Francesca Berteotti;6;0;0;0;0;0;0;3;3;0;0;0;2022-08-22T20:14:10+00:00;2023-06-24T11:58:11+00:00;https://www.openstreetmap.org/user/Francesca%20Berteotti
999;15742286;pavemula;6;0;0;0;0;0;0;0;0;4;2;0;2024-11-01T10:37:57+00:00;2025-05-23T04:11:20+00:00;https://www.openstreetmap.org/user/pavemula
1000;15894391;lollo4682;6;0;0;0;0;0;0;0;0;6;0;0;2024-01-28T12:38:51+00:00;2024-04-30T07:19:58+00:00;https://www.openstreetmap.org/user/lollo4682
1001;16383826;Me_hyn;6;0;0;0;0;0;0;6;0;0;0;0;2022-08-03T12:36:14+00:00;2022-11-22T10:28:27+00:00;https://www.openstreetmap.org/user/Me_hyn
1002;16544420;user_16544420;6;0;0;0;0;0;0;6;0;0;0;0;2022-11-10T12:11:08+00:00;2022-11-12T15:08:09+00:00;https://www.openstreetmap.org/user/user_16544420
1003;16917875;StefanoAimar;6;0;0;0;0;0;0;0;6;0;0;0;2023-03-14T10:41:00+00:00;2023-07-04T13:18:31+00:00;https://www.openstreetmap.org/user/StefanoAimar
1004;17172716;Diego Bazzani;6;0;0;0;0;0;0;6;0;0;0;0;2022-09-19T14:09:39+00:00;2022-09-19T15:46:41+00:00;https://www.openstreetmap.org/user/Diego%20Bazzani
1005;17281421;Ky_AT;6;0;0;0;0;0;0;0;0;3;2;1;2024-10-18T12:47:48+00:00;2026-04-22T11:37:52+00:00;https://www.openstreetmap.org/user/Ky_AT
1006;18872222;Andrea7576;6;0;0;0;0;0;0;0;0;0;6;0;2025-04-02T08:55:21+00:00;2025-04-02T13:28:18+00:00;https://www.openstreetmap.org/user/Andrea7576
1007;19805734;karlottobenz;6;0;0;0;0;0;0;0;1;0;0;5;2023-08-22T12:26:44+00:00;2026-08-07T14:36:54+00:00;https://www.openstreetmap.org/user/karlottobenz
1008;20088776;Matteo Cavalletti;6;0;0;0;0;0;0;0;2;0;4;0;2023-08-18T07:35:38+00:00;2025-11-14T16:19:19+00:00;https://www.openstreetmap.org/user/Matteo%20Cavalletti
1009;20415005;Sangro;6;0;0;0;0;0;0;0;0;6;0;0;2024-10-17T12:31:50+00:00;2024-10-17T13:28:37+00:00;https://www.openstreetmap.org/user/Sangro
1010;20516914;checifaccioqui;6;0;0;0;0;0;0;0;0;0;6;0;2025-08-29T10:52:25+00:00;2025-08-29T11:25:24+00:00;https://www.openstreetmap.org/user/checifaccioqui
1011;21107148;gianlurosse;6;0;0;0;0;0;0;0;0;6;0;0;2024-02-27T12:55:14+00:00;2024-03-08T09:07:46+00:00;https://www.openstreetmap.org/user/gianlurosse
1012;21175045;Nabil Nablotech;6;0;0;0;0;0;0;0;0;6;0;0;2024-03-07T10:47:25+00:00;2024-03-07T11:39:09+00:00;https://www.openstreetmap.org/user/Nabil%20Nablotech
1013;21222218;Stelucky;6;0;0;0;0;0;0;0;0;6;0;0;2024-03-22T11:15:27+00:00;2024-03-28T09:33:38+00:00;https://www.openstreetmap.org/user/Stelucky
1014;21249463;LorenzoZanarelli;6;0;0;0;0;0;0;0;0;0;6;0;2025-03-22T14:49:35+00:00;2025-09-24T20:10:30+00:00;https://www.openstreetmap.org/user/LorenzoZanarelli
1015;21403236;LibreItalia;6;0;0;0;0;0;0;0;0;6;0;0;2024-05-04T08:12:43+00:00;2024-05-04T09:38:36+00:00;https://www.openstreetmap.org/user/LibreItalia
1016;21646602;TerminalFedora;6;0;0;0;0;0;0;0;0;6;0;0;2024-06-14T07:16:56+00:00;2024-06-14T07:41:31+00:00;https://www.openstreetmap.org/user/TerminalFedora
1017;22037065;Eleonora33;6;0;0;0;0;0;0;0;0;6;0;0;2024-10-06T22:39:12+00:00;2024-10-21T14:35:27+00:00;https://www.openstreetmap.org/user/Eleonora33
1018;22876381;Tirrenum;6;0;0;0;0;0;0;0;0;0;6;0;2025-05-08T08:39:32+00:00;2025-07-03T17:36:25+00:00;https://www.openstreetmap.org/user/Tirrenum
1019;23121212;Ollolanda;6;0;0;0;0;0;0;0;0;0;6;0;2025-07-24T16:10:10+00:00;2025-08-03T09:08:40+00:00;https://www.openstreetmap.org/user/Ollolanda
1020;23405320;Lovy01rm;6;0;0;0;0;0;0;0;0;0;5;1;2025-10-26T15:12:01+00:00;2026-01-14T19:47:26+00:00;https://www.openstreetmap.org/user/Lovy01rm
1021;23832721;li_lucarini;6;0;0;0;0;0;0;0;0;0;0;6;2026-03-16T10:26:20+00:00;2026-05-26T07:53:39+00:00;https://www.openstreetmap.org/user/li_lucarini
1022;23934246;reaperdoder;6;0;0;0;0;0;0;0;0;0;0;6;2026-03-13T11:23:06+00:00;2026-03-13T13:11:57+00:00;https://www.openstreetmap.org/user/reaperdoder
1023;23993537;Dani Petru;6;0;0;0;0;0;0;0;0;0;0;6;2026-03-30T08:56:31+00:00;2026-04-21T07:49:32+00:00;https://www.openstreetmap.org/user/Dani%20Petru
1024;24277790;ROBY16;6;0;0;0;0;0;0;0;0;0;0;6;2026-07-04T06:54:45+00:00;2026-08-31T15:25:46+00:00;https://www.openstreetmap.org/user/ROBY16
1025;546;Alessandro Frigeri;5;1;0;0;0;0;0;3;1;0;0;0;2016-10-26T21:45:04+00:00;2023-02-20T00:10:13+00:00;https://www.openstreetmap.org/user/Alessandro%20Frigeri
1026;864;Niccolo;5;1;0;0;2;0;1;0;0;0;1;0;2016-08-08T09:03:24+00:00;2025-06-14T16:09:06+00:00;https://www.openstreetmap.org/user/Niccolo
1027;40640;paolobenve;5;0;0;0;4;0;1;0;0;0;0;0;2019-01-13T19:24:08+00:00;2021-04-23T12:53:07+00:00;https://www.openstreetmap.org/user/paolobenve
1028;47565;osmfd;5;0;5;0;0;0;0;0;0;0;0;0;2017-04-05T10:13:16+00:00;2017-04-05T12:36:12+00:00;https://www.openstreetmap.org/user/osmfd
1029;67931;theonlytruth;5;0;0;0;0;0;0;0;5;0;0;0;2023-08-01T11:23:15+00:00;2023-08-07T06:50:24+00:00;https://www.openstreetmap.org/user/theonlytruth
1030;88162;team ca' rossa;5;5;0;0;0;0;0;0;0;0;0;0;2016-01-26T17:22:54+00:00;2016-01-26T17:34:01+00:00;https://www.openstreetmap.org/user/team%20ca%27%20rossa
1031;123390;FranzPalmieri;5;5;0;0;0;0;0;0;0;0;0;0;2016-02-07T13:46:33+00:00;2016-02-07T14:02:45+00:00;https://www.openstreetmap.org/user/FranzPalmieri
1032;191128;marcobanal;5;0;0;0;0;0;2;3;0;0;0;0;2021-11-23T16:22:08+00:00;2022-01-09T21:43:01+00:00;https://www.openstreetmap.org/user/marcobanal
1033;191940;emoro59;5;0;0;0;5;0;0;0;0;0;0;0;2019-09-10T21:11:20+00:00;2019-09-12T12:47:27+00:00;https://www.openstreetmap.org/user/emoro59
1034;223763;Patrick Bous;5;3;1;0;0;0;0;0;1;0;0;0;2016-03-13T15:58:01+00:00;2023-01-16T10:55:39+00:00;https://www.openstreetmap.org/user/Patrick%20Bous
1035;504241;lupoingegnoso;5;0;0;0;0;0;0;0;1;1;3;0;2023-01-26T16:44:44+00:00;2025-02-02T15:53:16+00:00;https://www.openstreetmap.org/user/lupoingegnoso
1036;510704;marco anselmi;5;0;5;0;0;0;0;0;0;0;0;0;2017-03-05T14:49:12+00:00;2017-03-05T14:55:54+00:00;https://www.openstreetmap.org/user/marco%20anselmi
1037;683102;NonnEmilia;5;0;0;0;0;3;0;0;2;0;0;0;2020-07-25T07:25:43+00:00;2023-08-06T07:31:14+00:00;https://www.openstreetmap.org/user/NonnEmilia
1038;695024;hubertkr;5;0;0;0;5;0;0;0;0;0;0;0;2019-05-21T06:20:24+00:00;2019-05-22T12:26:05+00:00;https://www.openstreetmap.org/user/hubertkr
1039;1161293;Umberto Casadio;5;0;0;0;0;0;2;0;1;0;0;2;2021-03-08T21:56:28+00:00;2026-09-14T13:01:03+00:00;https://www.openstreetmap.org/user/Umberto%20Casadio
1040;1462614;_Andrea_;5;4;0;1;0;0;0;0;0;0;0;0;2016-08-25T16:01:07+00:00;2018-08-19T19:14:03+00:00;https://www.openstreetmap.org/user/_Andrea_
1041;1713634;b-unicycling;5;0;0;0;0;0;0;5;0;0;0;0;2022-10-14T22:01:11+00:00;2022-12-07T22:32:43+00:00;https://www.openstreetmap.org/user/b-unicycling
1042;1780735;rolvos;5;0;0;0;0;0;0;0;0;0;0;5;2026-09-05T16:07:28+00:00;2026-09-09T15:44:23+00:00;https://www.openstreetmap.org/user/rolvos
1043;1781464;lorysbt;5;0;0;0;0;0;5;0;0;0;0;0;2021-05-12T13:21:30+00:00;2021-05-15T21:47:30+00:00;https://www.openstreetmap.org/user/lorysbt
1044;1998982;Aramis85;5;5;0;0;0;0;0;0;0;0;0;0;2016-08-24T11:49:53+00:00;2016-08-25T13:37:59+00:00;https://www.openstreetmap.org/user/Aramis85
1045;2757894;giacomomensio;5;0;0;0;0;0;0;0;0;0;5;0;2025-08-14T10:47:50+00:00;2025-08-14T13:47:23+00:00;https://www.openstreetmap.org/user/giacomomensio
1046;2801969;09038319;5;0;0;0;0;0;0;0;0;5;0;0;2024-04-17T07:43:08+00:00;2024-04-17T08:02:56+00:00;https://www.openstreetmap.org/user/09038319
1047;3028811;Tommi Boom;5;0;0;0;0;0;0;0;0;0;0;5;2026-05-07T11:59:20+00:00;2026-05-17T12:58:14+00:00;https://www.openstreetmap.org/user/Tommi%20Boom
1048;3417876;5R-MFT;5;0;0;0;0;0;0;0;0;1;0;4;2024-09-26T13:15:01+00:00;2026-09-10T17:32:26+00:00;https://www.openstreetmap.org/user/5R-MFT
1049;3504160;ernestoandolfi;5;4;0;0;1;0;0;0;0;0;0;0;2016-07-25T20:33:21+00:00;2019-09-04T16:29:17+00:00;https://www.openstreetmap.org/user/ernestoandolfi
1050;3554729;DL1EKC;5;0;0;0;0;0;0;0;0;0;5;0;2025-09-21T08:26:05+00:00;2025-09-28T12:20:06+00:00;https://www.openstreetmap.org/user/DL1EKC
1051;3737064;DaDiC_88;5;0;0;0;0;0;0;5;0;0;0;0;2022-07-04T07:55:14+00:00;2022-09-19T10:37:35+00:00;https://www.openstreetmap.org/user/DaDiC_88
1052;3836596;airbusa320;5;5;0;0;0;0;0;0;0;0;0;0;2016-04-17T11:50:16+00:00;2016-05-15T14:50:45+00:00;https://www.openstreetmap.org/user/airbusa320
1053;3842919;Emilio Eugenio;5;0;0;0;0;0;5;0;0;0;0;0;2021-02-23T22:00:34+00:00;2021-02-25T21:05:08+00:00;https://www.openstreetmap.org/user/Emilio%20Eugenio
1054;3879157;KingaMak;5;5;0;0;0;0;0;0;0;0;0;0;2016-04-26T10:14:20+00:00;2016-08-05T09:54:55+00:00;https://www.openstreetmap.org/user/KingaMak
1055;4323209;Andrea Crescentini;5;5;0;0;0;0;0;0;0;0;0;0;2016-07-26T18:20:37+00:00;2016-07-26T18:32:52+00:00;https://www.openstreetmap.org/user/Andrea%20Crescentini
1056;4404444;Alberto Mengali;5;0;0;0;0;5;0;0;0;0;0;0;2020-08-14T13:08:34+00:00;2020-08-16T13:22:54+00:00;https://www.openstreetmap.org/user/Alberto%20Mengali
1057;4490026;Saltar;5;5;0;0;0;0;0;0;0;0;0;0;2016-08-29T09:30:25+00:00;2016-08-31T07:33:34+00:00;https://www.openstreetmap.org/user/Saltar
1058;4555725;Gh0stz0x;5;0;0;0;3;2;0;0;0;0;0;0;2019-05-26T22:10:50+00:00;2020-10-05T09:51:24+00:00;https://www.openstreetmap.org/user/Gh0stz0x
1059;4676988;Sergio79;5;5;0;0;0;0;0;0;0;0;0;0;2016-10-05T06:42:25+00:00;2016-10-05T07:06:24+00:00;https://www.openstreetmap.org/user/Sergio79
1060;4887311;mapperue;5;0;0;0;0;0;0;0;0;2;3;0;2024-02-28T11:02:09+00:00;2025-09-23T17:07:00+00:00;https://www.openstreetmap.org/user/mapperue
1061;4977838;geobrass;5;0;0;0;0;0;0;0;5;0;0;0;2023-08-27T20:40:40+00:00;2023-09-05T11:59:06+00:00;https://www.openstreetmap.org/user/geobrass
1062;5380608;npac;5;0;0;0;5;0;0;0;0;0;0;0;2019-03-12T18:02:08+00:00;2019-03-31T06:22:10+00:00;https://www.openstreetmap.org/user/npac
1063;5427689;Plumpo;5;0;5;0;0;0;0;0;0;0;0;0;2017-03-04T22:14:30+00:00;2017-03-18T10:30:39+00:00;https://www.openstreetmap.org/user/Plumpo
1064;5571778;Insaniac;5;0;5;0;0;0;0;0;0;0;0;0;2017-03-28T10:37:31+00:00;2017-03-28T11:14:22+00:00;https://www.openstreetmap.org/user/Insaniac
1065;6135839;palfisankoo;5;0;0;5;0;0;0;0;0;0;0;0;2018-12-08T11:51:49+00:00;2018-12-08T12:45:30+00:00;https://www.openstreetmap.org/user/palfisankoo
1066;6398428;Rodolfo Nasini;5;0;5;0;0;0;0;0;0;0;0;0;2017-07-30T00:49:05+00:00;2017-07-31T13:35:17+00:00;https://www.openstreetmap.org/user/Rodolfo%20Nasini
1067;6402344;pcmill;5;0;0;0;5;0;0;0;0;0;0;0;2019-10-13T13:57:03+00:00;2019-10-16T13:11:02+00:00;https://www.openstreetmap.org/user/pcmill
1068;6497066;Harutyun Sargsyan;5;0;0;5;0;0;0;0;0;0;0;0;2018-07-11T09:02:36+00:00;2018-08-21T10:20:36+00:00;https://www.openstreetmap.org/user/Harutyun%20Sargsyan
1069;6618492;fulip;5;0;0;0;0;0;0;0;0;0;5;0;2025-01-25T21:36:23+00:00;2025-01-25T21:38:52+00:00;https://www.openstreetmap.org/user/fulip
1070;6842283;linux6417;5;0;5;0;0;0;0;0;0;0;0;0;2017-10-23T14:40:38+00:00;2017-10-24T10:01:39+00:00;https://www.openstreetmap.org/user/linux6417
1071;7174294;Prime Genga;5;0;2;3;0;0;0;0;0;0;0;0;2017-12-16T09:54:15+00:00;2018-01-28T10:09:46+00:00;https://www.openstreetmap.org/user/Prime%20Genga
1072;7416191;Ivobart;5;0;0;0;0;2;2;1;0;0;0;0;2020-12-11T12:52:10+00:00;2022-02-06T20:23:11+00:00;https://www.openstreetmap.org/user/Ivobart
1073;7612608;martinangel;5;0;0;5;0;0;0;0;0;0;0;0;2018-07-06T09:23:46+00:00;2018-07-06T09:50:00+00:00;https://www.openstreetmap.org/user/martinangel
1074;8386616;the_jandroid;5;0;0;0;5;0;0;0;0;0;0;0;2019-06-11T13:41:46+00:00;2019-06-21T07:57:34+00:00;https://www.openstreetmap.org/user/the_jandroid
1075;8623493;Alessio Ricci;5;0;0;5;0;0;0;0;0;0;0;0;2018-07-31T05:55:28+00:00;2018-08-28T06:29:46+00:00;https://www.openstreetmap.org/user/Alessio%20Ricci
1076;8694872;Stefano1954;5;0;0;5;0;0;0;0;0;0;0;0;2018-08-16T06:44:34+00:00;2018-08-16T07:12:23+00:00;https://www.openstreetmap.org/user/Stefano1954
1077;8826115;danielariky19\12\06;5;0;0;5;0;0;0;0;0;0;0;0;2018-10-06T10:25:20+00:00;2018-10-13T09:36:03+00:00;https://www.openstreetmap.org/user/danielariky19%5C12%5C06
1078;9465790;ZinaidaZ;5;0;0;0;0;0;0;5;0;0;0;0;2022-07-25T09:29:22+00:00;2022-07-29T15:35:10+00:00;https://www.openstreetmap.org/user/ZinaidaZ
1079;9475258;Aranc;5;0;0;0;0;0;2;1;2;0;0;0;2021-11-12T10:52:19+00:00;2023-05-08T16:59:51+00:00;https://www.openstreetmap.org/user/Aranc
1080;9482421;Always_Dreamin;5;0;0;0;0;0;0;0;0;5;0;0;2024-09-21T17:46:34+00:00;2024-11-15T04:39:00+00:00;https://www.openstreetmap.org/user/Always_Dreamin
1081;9607862;ChiaraN23;5;0;0;0;0;0;5;0;0;0;0;0;2021-11-12T09:26:10+00:00;2021-11-12T17:04:14+00:00;https://www.openstreetmap.org/user/ChiaraN23
1082;9716524;murdok-it;5;0;0;0;3;0;1;0;0;1;0;0;2019-04-26T14:37:52+00:00;2024-06-06T15:40:43+00:00;https://www.openstreetmap.org/user/murdok-it
1083;9882667;luckystreet;5;0;0;0;5;0;0;0;0;0;0;0;2019-08-10T09:23:46+00:00;2019-09-02T12:04:02+00:00;https://www.openstreetmap.org/user/luckystreet
1084;10236816;Zugelf;5;0;0;0;5;0;0;0;0;0;0;0;2019-08-19T22:32:00+00:00;2019-08-25T20:48:56+00:00;https://www.openstreetmap.org/user/Zugelf
1085;10470011;iagomago;5;0;0;0;2;0;0;0;0;3;0;0;2019-12-22T11:15:15+00:00;2024-11-21T07:14:14+00:00;https://www.openstreetmap.org/user/iagomago
1086;10622169;osmandino;5;0;0;0;0;3;0;1;0;0;1;0;2020-01-05T11:07:30+00:00;2025-09-30T22:34:35+00:00;https://www.openstreetmap.org/user/osmandino
1087;10652478;Smirra;5;0;0;0;0;5;0;0;0;0;0;0;2020-01-13T17:04:50+00:00;2020-01-14T15:26:53+00:00;https://www.openstreetmap.org/user/Smirra
1088;11052147;pippo6;5;0;0;0;0;0;1;0;0;0;4;0;2021-06-20T15:57:34+00:00;2025-03-07T14:46:13+00:00;https://www.openstreetmap.org/user/pippo6
1089;11404081;Panpa;5;0;0;0;0;0;0;0;0;0;5;0;2025-03-10T19:18:05+00:00;2025-03-11T18:35:54+00:00;https://www.openstreetmap.org/user/Panpa
1090;11898577;Scorbutico;5;0;0;0;0;2;3;0;0;0;0;0;2020-09-29T07:42:30+00:00;2021-04-20T08:05:12+00:00;https://www.openstreetmap.org/user/Scorbutico
1091;12444112;Luigi Cirillo;5;0;0;0;0;0;5;0;0;0;0;0;2021-02-13T07:39:01+00:00;2021-02-13T18:56:37+00:00;https://www.openstreetmap.org/user/Luigi%20Cirillo
1092;12462071;Stefano Fabbri;5;0;0;0;0;0;0;4;1;0;0;0;2022-12-03T23:55:11+00:00;2023-06-06T14:14:10+00:00;https://www.openstreetmap.org/user/Stefano%20Fabbri
1093;12546948;Alebenni;5;0;0;0;0;0;5;0;0;0;0;0;2021-01-25T17:43:08+00:00;2021-02-06T17:50:22+00:00;https://www.openstreetmap.org/user/Alebenni
1094;12551044;Matteo Girola;5;0;0;0;0;0;5;0;0;0;0;0;2021-01-26T10:57:49+00:00;2021-01-26T11:10:12+00:00;https://www.openstreetmap.org/user/Matteo%20Girola
1095;12604637;Mapiate;5;0;0;0;0;0;0;0;0;0;2;3;2025-12-15T12:13:33+00:00;2026-06-04T20:30:52+00:00;https://www.openstreetmap.org/user/Mapiate
1096;12742307;eupeptico;5;0;0;0;0;0;0;0;5;0;0;0;2023-01-05T13:35:40+00:00;2023-01-06T11:41:52+00:00;https://www.openstreetmap.org/user/eupeptico
1097;14054933;Fetzewheel;5;0;0;0;0;0;0;5;0;0;0;0;2022-03-06T10:52:55+00:00;2022-09-21T06:15:23+00:00;https://www.openstreetmap.org/user/Fetzewheel
1098;14225680;Pia Perricci;5;0;0;0;0;0;5;0;0;0;0;0;2021-10-03T06:46:37+00:00;2021-10-03T07:19:41+00:00;https://www.openstreetmap.org/user/Pia%20Perricci
1099;14484969;Luca Matt;5;0;0;0;0;0;0;3;2;0;0;0;2022-08-13T15:39:51+00:00;2023-11-26T15:31:15+00:00;https://www.openstreetmap.org/user/Luca%20Matt
1100;14827393;Tobias235;5;0;0;0;0;0;0;0;0;5;0;0;2024-06-03T13:42:09+00:00;2024-10-07T12:56:36+00:00;https://www.openstreetmap.org/user/Tobias235
1101;14946924;Smirra City;5;0;0;0;0;0;0;3;0;0;2;0;2022-01-26T15:26:41+00:00;2025-03-01T03:01:46+00:00;https://www.openstreetmap.org/user/Smirra%20City
1102;16301837;lucarchi1;5;0;0;0;0;0;0;0;5;0;0;0;2023-07-10T08:15:55+00:00;2023-07-20T14:45:11+00:00;https://www.openstreetmap.org/user/lucarchi1
1103;16761163;radishfabio;5;0;0;0;0;0;0;0;0;0;0;5;2026-07-02T10:50:41+00:00;2026-07-02T16:10:44+00:00;https://www.openstreetmap.org/user/radishfabio
1104;16832873;Snibblenosh;5;0;0;0;0;0;0;0;0;0;0;5;2026-07-27T18:02:44+00:00;2026-07-28T16:21:03+00:00;https://www.openstreetmap.org/user/Snibblenosh
1105;16923280;Edoardo Brovero;5;0;0;0;0;0;0;5;0;0;0;0;2022-09-19T10:26:13+00:00;2022-09-19T15:12:31+00:00;https://www.openstreetmap.org/user/Edoardo%20Brovero
1106;17047428;Emanuelex;5;0;0;0;0;0;0;5;0;0;0;0;2022-09-29T08:19:13+00:00;2022-09-29T14:55:31+00:00;https://www.openstreetmap.org/user/Emanuelex
1107;17802633;sashokv36;5;0;0;0;0;0;0;0;0;0;3;2;2025-04-18T19:09:45+00:00;2026-06-01T09:18:51+00:00;https://www.openstreetmap.org/user/sashokv36
1108;18830808;Knocxxx;5;0;0;0;0;0;0;0;5;0;0;0;2023-04-02T10:53:08+00:00;2023-04-11T17:06:32+00:00;https://www.openstreetmap.org/user/Knocxxx
1109;19202881;oleaD;5;0;0;0;0;0;0;0;2;3;0;0;2023-05-08T19:55:29+00:00;2024-04-04T21:53:43+00:00;https://www.openstreetmap.org/user/oleaD
1110;19321321;Frapperr;5;0;0;0;0;0;0;0;0;0;5;0;2025-08-25T14:43:17+00:00;2025-08-25T15:43:55+00:00;https://www.openstreetmap.org/user/Frapperr
1111;19739044;desoter;5;0;0;0;0;0;0;0;5;0;0;0;2023-07-05T19:28:07+00:00;2023-08-17T15:20:43+00:00;https://www.openstreetmap.org/user/desoter
1112;19756954;TastefullElm548;5;0;0;0;0;0;0;0;0;5;0;0;2024-08-14T11:26:38+00:00;2024-08-23T13:13:58+00:00;https://www.openstreetmap.org/user/TastefullElm548
1113;19795811;Aldo Omiccioli;5;0;0;0;0;0;0;0;5;0;0;0;2023-07-07T14:22:54+00:00;2023-07-08T07:08:52+00:00;https://www.openstreetmap.org/user/Aldo%20Omiccioli
1114;19857719;VLD277;5;0;0;0;0;0;0;0;0;4;1;0;2024-02-09T18:35:58+00:00;2025-12-24T17:58:11+00:00;https://www.openstreetmap.org/user/VLD277
1115;20227858;Maksim Hradaboyeu;5;0;0;0;0;0;0;0;0;0;0;5;2026-02-17T08:58:17+00:00;2026-05-25T11:56:39+00:00;https://www.openstreetmap.org/user/Maksim%20Hradaboyeu
1116;20900475;Paolitosss;5;0;0;0;0;0;0;0;0;0;5;0;2025-09-24T06:23:00+00:00;2025-09-24T15:42:08+00:00;https://www.openstreetmap.org/user/Paolitosss
1117;21222140;EmanueleDAn78;5;0;0;0;0;0;0;0;0;5;0;0;2024-03-19T21:47:42+00:00;2024-04-05T14:42:57+00:00;https://www.openstreetmap.org/user/EmanueleDAn78
1118;21249681;Paolo Serenelli;5;0;0;0;0;0;0;0;0;5;0;0;2024-03-27T20:06:08+00:00;2024-03-27T20:25:42+00:00;https://www.openstreetmap.org/user/Paolo%20Serenelli
1119;21312565;andreapier;5;0;0;0;0;0;0;0;0;5;0;0;2024-04-16T09:27:33+00:00;2024-04-16T09:41:22+00:00;https://www.openstreetmap.org/user/andreapier
1120;21347775;Magnet2648;5;0;0;0;0;0;0;0;0;5;0;0;2024-08-20T20:44:58+00:00;2024-08-24T13:04:32+00:00;https://www.openstreetmap.org/user/Magnet2648
1121;21382353;Cammini Lauretani;5;0;0;0;0;0;0;0;0;5;0;0;2024-07-08T10:00:46+00:00;2024-07-08T10:08:11+00:00;https://www.openstreetmap.org/user/Cammini%20Lauretani
1122;21580036;giocaccia91;5;0;0;0;0;0;0;0;0;5;0;0;2024-05-26T18:37:06+00:00;2024-05-26T19:03:25+00:00;https://www.openstreetmap.org/user/giocaccia91
1123;21638060;JohnGrester;5;0;0;0;0;0;0;0;0;5;0;0;2024-06-08T15:50:03+00:00;2024-06-08T16:21:38+00:00;https://www.openstreetmap.org/user/JohnGrester
1124;21642935;arniman;5;0;0;0;0;0;0;0;0;2;3;0;2024-10-30T12:49:28+00:00;2025-03-10T10:09:24+00:00;https://www.openstreetmap.org/user/arniman
1125;21642937;ashijade;5;0;0;0;0;0;0;0;0;3;2;0;2024-10-04T05:55:18+00:00;2025-09-29T08:47:01+00:00;https://www.openstreetmap.org/user/ashijade
1126;21693124;Christian Mancini;5;0;0;0;0;0;0;0;0;0;0;5;2026-08-11T09:17:19+00:00;2026-08-11T09:17:31+00:00;https://www.openstreetmap.org/user/Christian%20Mancini
1127;22181925;Via Panoramica;5;0;0;0;0;0;0;0;0;5;0;0;2024-11-15T12:01:56+00:00;2024-11-15T12:35:07+00:00;https://www.openstreetmap.org/user/Via%20Panoramica
1128;22249042;viktoriia_frolova;5;0;0;0;0;0;0;0;0;0;0;5;2026-02-19T10:47:11+00:00;2026-03-20T14:28:33+00:00;https://www.openstreetmap.org/user/viktoriia_frolova
1129;22360406;Daniele Bontempo;5;0;0;0;0;0;0;0;0;0;5;0;2025-01-08T12:12:43+00:00;2025-01-09T05:51:21+00:00;https://www.openstreetmap.org/user/Daniele%20Bontempo
1130;23832727;tonyboy1999;5;0;0;0;0;0;0;0;0;0;0;5;2026-04-13T09:34:13+00:00;2026-05-26T07:15:37+00:00;https://www.openstreetmap.org/user/tonyboy1999
1131;23849966;Electrocalpen67;5;0;0;0;0;0;0;0;0;0;0;5;2026-09-11T11:39:18+00:00;2026-09-11T11:41:16+00:00;https://www.openstreetmap.org/user/Electrocalpen67
1132;24006657;NicolaCCN;5;0;0;0;0;0;0;0;0;0;0;5;2026-04-08T14:17:10+00:00;2026-07-08T14:57:24+00:00;https://www.openstreetmap.org/user/NicolaCCN
1133;24037791;therealfang;5;0;0;0;0;0;0;0;0;0;0;5;2026-05-20T15:57:40+00:00;2026-05-26T07:03:55+00:00;https://www.openstreetmap.org/user/therealfang
1134;24040557;Cesare Venturini;5;0;0;0;0;0;0;0;0;0;0;5;2026-04-14T07:06:02+00:00;2026-04-14T07:24:09+00:00;https://www.openstreetmap.org/user/Cesare%20Venturini
1135;24201361;Stray_is;5;0;0;0;0;0;0;0;0;0;0;5;2026-06-09T13:04:12+00:00;2026-06-21T16:15:53+00:00;https://www.openstreetmap.org/user/Stray_is
1136;24225808;azienda agricola fiorano;5;0;0;0;0;0;0;0;0;0;0;5;2026-06-17T16:50:21+00:00;2026-06-22T18:28:04+00:00;https://www.openstreetmap.org/user/azienda%20agricola%20fiorano
1137;24543698;Riccardo Fiorani;5;0;0;0;0;0;0;0;0;0;0;5;2026-09-15T08:17:40+00:00;2026-09-19T16:28:33+00:00;https://www.openstreetmap.org/user/Riccardo%20Fiorani
1138;1380;markusN;4;0;0;0;0;0;0;0;0;0;0;4;2026-03-02T13:04:27+00:00;2026-03-02T13:38:19+00:00;https://www.openstreetmap.org/user/markusN
1139;9176;Maarten Deen;4;0;1;0;0;0;2;0;0;1;0;0;2017-02-15T20:18:03+00:00;2024-05-04T11:53:18+00:00;https://www.openstreetmap.org/user/Maarten%20Deen
1140;25427;rabanne;4;0;0;0;0;2;2;0;0;0;0;0;2020-01-02T14:28:46+00:00;2021-04-04T18:57:29+00:00;https://www.openstreetmap.org/user/rabanne
1141;45952;plexi32;4;0;0;0;0;0;0;4;0;0;0;0;2022-12-28T20:59:37+00:00;2022-12-31T16:07:11+00:00;https://www.openstreetmap.org/user/plexi32
1142;77507;StoiBär;4;0;4;0;0;0;0;0;0;0;0;0;2017-04-10T16:13:36+00:00;2017-04-23T09:00:33+00:00;https://www.openstreetmap.org/user/StoiB%C3%A4r
1143;85650;DerMoment;4;0;0;0;0;0;0;0;0;4;0;0;2024-03-25T20:46:23+00:00;2024-03-25T20:46:43+00:00;https://www.openstreetmap.org/user/DerMoment
1144;104677;robcat;4;4;0;0;0;0;0;0;0;0;0;0;2016-10-24T23:02:28+00:00;2016-10-24T23:40:40+00:00;https://www.openstreetmap.org/user/robcat
1145;165061;mapper999;4;0;1;3;0;0;0;0;0;0;0;0;2017-09-29T19:16:20+00:00;2018-04-26T19:38:46+00:00;https://www.openstreetmap.org/user/mapper999
1146;177149;zwis;4;0;0;0;4;0;0;0;0;0;0;0;2019-08-18T09:47:36+00:00;2019-08-18T11:38:51+00:00;https://www.openstreetmap.org/user/zwis
1147;198308;bemst;4;0;4;0;0;0;0;0;0;0;0;0;2017-01-04T16:11:56+00:00;2017-01-06T09:50:04+00:00;https://www.openstreetmap.org/user/bemst
1148;243846;alex-pd-an-it;4;0;0;0;0;0;0;0;0;4;0;0;2024-02-14T14:42:49+00:00;2024-02-20T10:28:20+00:00;https://www.openstreetmap.org/user/alex-pd-an-it
1149;282922;surveyor54;4;0;4;0;0;0;0;0;0;0;0;0;2017-03-18T18:51:41+00:00;2017-07-02T16:40:44+00:00;https://www.openstreetmap.org/user/surveyor54
1150;284573;gwynsoft;4;1;2;0;1;0;0;0;0;0;0;0;2016-11-30T15:35:58+00:00;2019-05-27T10:25:10+00:00;https://www.openstreetmap.org/user/gwynsoft
1151;332223;bernardo60;4;0;0;0;0;0;0;0;0;0;4;0;2025-04-26T15:46:57+00:00;2025-06-03T16:38:11+00:00;https://www.openstreetmap.org/user/bernardo60
1152;354343;Arlas;4;4;0;0;0;0;0;0;0;0;0;0;2016-10-27T12:46:26+00:00;2016-10-28T17:59:24+00:00;https://www.openstreetmap.org/user/Arlas
1153;362065;GFS;4;2;2;0;0;0;0;0;0;0;0;0;2016-05-28T13:05:24+00:00;2017-12-01T21:23:48+00:00;https://www.openstreetmap.org/user/GFS
1154;364256;GioviFrat;4;0;4;0;0;0;0;0;0;0;0;0;2017-05-29T09:15:17+00:00;2017-05-29T09:44:31+00:00;https://www.openstreetmap.org/user/GioviFrat
1155;369763;pattym;4;0;0;4;0;0;0;0;0;0;0;0;2018-01-13T06:37:19+00:00;2018-01-13T07:37:28+00:00;https://www.openstreetmap.org/user/pattym
1156;375305;uepple;4;0;0;0;0;0;0;0;4;0;0;0;2023-05-25T06:51:07+00:00;2023-05-26T12:29:27+00:00;https://www.openstreetmap.org/user/uepple
1157;403512;gspeed;4;0;0;2;1;0;1;0;0;0;0;0;2018-04-26T20:57:20+00:00;2021-05-23T16:16:36+00:00;https://www.openstreetmap.org/user/gspeed
1158;567682;taeke63;4;4;0;0;0;0;0;0;0;0;0;0;2016-08-02T11:29:00+00:00;2016-08-03T09:14:07+00:00;https://www.openstreetmap.org/user/taeke63
1159;585860;RosTnT;4;1;0;2;0;0;0;1;0;0;0;0;2016-02-14T09:53:44+00:00;2022-01-25T10:58:41+00:00;https://www.openstreetmap.org/user/RosTnT
1160;594239;fausto913;4;0;2;0;2;0;0;0;0;0;0;0;2017-08-25T09:27:52+00:00;2019-02-01T06:46:54+00:00;https://www.openstreetmap.org/user/fausto913
1161;671651;jbilus2002;4;0;4;0;0;0;0;0;0;0;0;0;2017-10-31T04:56:37+00:00;2017-11-02T20:11:24+00:00;https://www.openstreetmap.org/user/jbilus2002
1162;676852;paola_elle;4;0;0;0;0;4;0;0;0;0;0;0;2020-12-29T10:18:36+00:00;2020-12-31T12:08:12+00:00;https://www.openstreetmap.org/user/paola_elle
1163;684800;fabiotofy;4;0;0;0;0;4;0;0;0;0;0;0;2020-11-20T21:26:08+00:00;2020-11-21T15:52:01+00:00;https://www.openstreetmap.org/user/fabiotofy
1164;761877;bertogatti;4;0;0;0;0;0;0;0;0;0;0;4;2026-07-13T09:02:50+00:00;2026-07-16T14:52:40+00:00;https://www.openstreetmap.org/user/bertogatti
1165;940812;castagnola;4;4;0;0;0;0;0;0;0;0;0;0;2016-08-28T11:50:33+00:00;2016-08-28T12:38:24+00:00;https://www.openstreetmap.org/user/castagnola
1166;1080668;GUCAVAL51;4;0;0;2;0;2;0;0;0;0;0;0;2018-11-20T18:51:40+00:00;2020-09-25T15:03:34+00:00;https://www.openstreetmap.org/user/GUCAVAL51
1167;1123304;ryoiida;4;0;0;0;0;0;0;0;0;2;0;2;2024-10-14T19:40:28+00:00;2026-07-04T08:41:15+00:00;https://www.openstreetmap.org/user/ryoiida
1168;1337478;Ekki_df4or;4;0;0;0;0;0;0;4;0;0;0;0;2022-08-29T19:07:01+00:00;2022-08-29T19:07:40+00:00;https://www.openstreetmap.org/user/Ekki_df4or
1169;1481703;sunucsal;4;0;0;0;0;4;0;0;0;0;0;0;2020-10-06T05:44:36+00:00;2020-11-03T20:01:41+00:00;https://www.openstreetmap.org/user/sunucsal
1170;1493338;fraciatta;4;0;4;0;0;0;0;0;0;0;0;0;2017-04-21T08:18:29+00:00;2017-04-21T08:24:19+00:00;https://www.openstreetmap.org/user/fraciatta
1171;1496865;mauropili;4;0;0;0;0;0;0;0;0;4;0;0;2024-07-05T19:57:27+00:00;2024-08-21T16:10:54+00:00;https://www.openstreetmap.org/user/mauropili
1172;1524089;Giulk;4;4;0;0;0;0;0;0;0;0;0;0;2016-03-24T08:39:25+00:00;2016-03-24T08:47:01+00:00;https://www.openstreetmap.org/user/Giulk
1173;1722488;Mateusz Konieczny;4;0;0;0;0;0;0;0;1;0;3;0;2023-01-18T09:07:08+00:00;2025-12-19T07:39:29+00:00;https://www.openstreetmap.org/user/Mateusz%20Konieczny
1174;1751359;andrea_bussi;4;0;0;0;0;0;0;4;0;0;0;0;2022-06-05T07:45:14+00:00;2022-06-06T12:31:05+00:00;https://www.openstreetmap.org/user/andrea_bussi
1175;1783785;R0bst3r;4;4;0;0;0;0;0;0;0;0;0;0;2016-01-11T15:56:02+00:00;2016-05-24T13:01:00+00:00;https://www.openstreetmap.org/user/R0bst3r
1176;1806050;mfortini;4;0;0;0;0;0;0;0;0;0;3;1;2025-07-25T15:35:29+00:00;2026-07-18T18:17:38+00:00;https://www.openstreetmap.org/user/mfortini
1177;1999881;lagirandola;4;1;1;2;0;0;0;0;0;0;0;0;2016-05-24T12:22:49+00:00;2018-04-14T12:31:01+00:00;https://www.openstreetmap.org/user/lagirandola
1178;2097920;WJtW;4;0;3;1;0;0;0;0;0;0;0;0;2017-07-16T09:35:13+00:00;2018-02-11T21:21:27+00:00;https://www.openstreetmap.org/user/WJtW
1179;2331851;Datová žurnalistika;4;0;0;0;0;0;0;0;0;0;4;0;2025-04-13T14:01:40+00:00;2025-04-13T16:01:23+00:00;https://www.openstreetmap.org/user/Datov%C3%A1%20%C5%BEurnalistika
1180;2666431;MissAnnabelleLee;4;0;0;0;0;0;0;0;0;0;4;0;2025-06-09T11:32:56+00:00;2025-06-09T11:33:02+00:00;https://www.openstreetmap.org/user/MissAnnabelleLee
1181;2733258;5bird;4;0;0;0;0;0;0;0;0;0;0;4;2026-06-05T12:33:03+00:00;2026-06-05T12:34:39+00:00;https://www.openstreetmap.org/user/5bird
1182;2750833;guidofioravanti;4;0;2;1;0;1;0;0;0;0;0;0;2017-11-03T16:38:14+00:00;2020-08-21T12:47:44+00:00;https://www.openstreetmap.org/user/guidofioravanti
1183;2803794;norberto patrignani;4;0;0;0;0;4;0;0;0;0;0;0;2020-05-25T12:29:00+00:00;2020-05-25T12:54:37+00:00;https://www.openstreetmap.org/user/norberto%20patrignani
1184;2853639;Corinna Malucchi;4;4;0;0;0;0;0;0;0;0;0;0;2016-08-26T13:57:26+00:00;2016-08-27T13:41:44+00:00;https://www.openstreetmap.org/user/Corinna%20Malucchi
1185;2869015;Miri_;4;4;0;0;0;0;0;0;0;0;0;0;2016-08-26T08:32:19+00:00;2016-08-26T09:07:55+00:00;https://www.openstreetmap.org/user/Miri_
1186;2919595;soniababu;4;0;0;4;0;0;0;0;0;0;0;0;2018-07-02T17:06:40+00:00;2018-07-02T17:23:19+00:00;https://www.openstreetmap.org/user/soniababu
1187;2968325;der seth;4;0;0;0;0;0;0;0;4;0;0;0;2023-08-30T10:35:39+00:00;2023-08-30T22:17:39+00:00;https://www.openstreetmap.org/user/der%20seth
1188;3084054;agnostico;4;4;0;0;0;0;0;0;0;0;0;0;2016-03-01T07:56:40+00:00;2016-04-28T13:20:45+00:00;https://www.openstreetmap.org/user/agnostico
1189;3272973;mazzod;4;0;0;3;0;1;0;0;0;0;0;0;2018-01-07T23:07:35+00:00;2020-09-08T21:25:40+00:00;https://www.openstreetmap.org/user/mazzod
1190;3435810;Alessandro Antonelli;4;0;4;0;0;0;0;0;0;0;0;0;2017-12-06T15:51:08+00:00;2017-12-08T01:26:30+00:00;https://www.openstreetmap.org/user/Alessandro%20Antonelli
1191;3638277;dilec;4;4;0;0;0;0;0;0;0;0;0;0;2016-04-28T09:56:57+00:00;2016-06-25T14:21:20+00:00;https://www.openstreetmap.org/user/dilec
1192;3955776;chiaramem;4;4;0;0;0;0;0;0;0;0;0;0;2016-05-13T13:19:57+00:00;2016-05-13T15:26:01+00:00;https://www.openstreetmap.org/user/chiaramem
1193;3969715;easiGue;4;0;4;0;0;0;0;0;0;0;0;0;2017-09-15T12:53:06+00:00;2017-09-15T20:54:39+00:00;https://www.openstreetmap.org/user/easiGue
1194;3973251;Miriam_Petrocchi;4;4;0;0;0;0;0;0;0;0;0;0;2016-05-17T13:01:10+00:00;2016-06-12T15:32:52+00:00;https://www.openstreetmap.org/user/Miriam_Petrocchi
1195;4238703;paso92;4;0;0;0;0;1;0;0;2;0;1;0;2020-08-01T15:15:26+00:00;2025-02-18T13:59:48+00:00;https://www.openstreetmap.org/user/paso92
1196;4269203;Max Paleari;4;0;4;0;0;0;0;0;0;0;0;0;2017-11-10T12:44:19+00:00;2017-11-10T13:30:32+00:00;https://www.openstreetmap.org/user/Max%20Paleari
1197;4453155;Skirto;4;0;2;0;2;0;0;0;0;0;0;0;2017-08-24T10:30:08+00:00;2019-08-24T13:44:53+00:00;https://www.openstreetmap.org/user/Skirto
1198;4474111;Granet;4;4;0;0;0;0;0;0;0;0;0;0;2016-08-25T12:50:04+00:00;2016-08-25T17:26:16+00:00;https://www.openstreetmap.org/user/Granet
1199;4567438;Giulio Fazzini;4;4;0;0;0;0;0;0;0;0;0;0;2016-09-12T20:03:31+00:00;2016-09-15T15:21:41+00:00;https://www.openstreetmap.org/user/Giulio%20Fazzini
1200;4677279;pacopedro;4;4;0;0;0;0;0;0;0;0;0;0;2016-10-05T07:48:12+00:00;2016-10-05T08:37:46+00:00;https://www.openstreetmap.org/user/pacopedro
1201;4792149;Ranzu;4;4;0;0;0;0;0;0;0;0;0;0;2016-10-27T14:40:17+00:00;2016-10-27T14:46:36+00:00;https://www.openstreetmap.org/user/Ranzu
1202;5201659;Sebbb29;4;0;4;0;0;0;0;0;0;0;0;0;2017-01-26T22:04:42+00:00;2017-01-26T22:18:27+00:00;https://www.openstreetmap.org/user/Sebbb29
1203;5305603;tappoz;4;0;0;0;0;0;0;4;0;0;0;0;2022-06-02T17:21:47+00:00;2022-06-14T14:33:30+00:00;https://www.openstreetmap.org/user/tappoz
1204;5317920;HrsAppDevelopment;4;0;0;0;0;0;0;1;3;0;0;0;2022-12-03T15:20:54+00:00;2023-06-26T22:06:02+00:00;https://www.openstreetmap.org/user/HrsAppDevelopment
1205;5445237;peppe21;4;0;4;0;0;0;0;0;0;0;0;0;2017-08-25T16:28:13+00:00;2017-08-28T16:17:19+00:00;https://www.openstreetmap.org/user/peppe21
1206;5721717;Stefano Manfredini;4;0;0;0;0;0;0;0;0;0;3;1;2025-03-07T17:19:49+00:00;2026-02-04T15:26:35+00:00;https://www.openstreetmap.org/user/Stefano%20Manfredini
1207;6155942;sstss;4;0;4;0;0;0;0;0;0;0;0;0;2017-06-11T21:36:37+00:00;2017-06-11T22:34:22+00:00;https://www.openstreetmap.org/user/sstss
1208;6645955;Dampfboot;4;0;4;0;0;0;0;0;0;0;0;0;2017-09-16T21:07:39+00:00;2017-09-16T21:17:33+00:00;https://www.openstreetmap.org/user/Dampfboot
1209;7132730;Damiano95;4;0;4;0;0;0;0;0;0;0;0;0;2017-12-02T11:48:44+00:00;2017-12-02T12:30:25+00:00;https://www.openstreetmap.org/user/Damiano95
1210;7172129;Vincenzo Ciannavei;4;0;4;0;0;0;0;0;0;0;0;0;2017-12-07T15:00:36+00:00;2017-12-13T00:21:38+00:00;https://www.openstreetmap.org/user/Vincenzo%20Ciannavei
1211;7526352;PiccoloGianni;4;0;0;4;0;0;0;0;0;0;0;0;2018-02-16T11:54:39+00:00;2018-02-16T12:49:27+00:00;https://www.openstreetmap.org/user/PiccoloGianni
1212;7738367;claudio62PG;4;0;0;0;4;0;0;0;0;0;0;0;2019-07-10T09:42:47+00:00;2019-07-29T12:16:47+00:00;https://www.openstreetmap.org/user/claudio62PG
1213;7814757;PollyS;4;0;0;4;0;0;0;0;0;0;0;0;2018-03-16T00:26:26+00:00;2018-03-16T22:53:18+00:00;https://www.openstreetmap.org/user/PollyS
1214;7930508;M@x_xt1200z;4;0;0;3;0;1;0;0;0;0;0;0;2018-06-25T22:36:33+00:00;2020-05-28T18:48:23+00:00;https://www.openstreetmap.org/user/M%40x_xt1200z
1215;8123953;Davileci;4;0;0;0;0;0;0;0;0;4;0;0;2024-11-17T23:24:19+00:00;2024-11-17T23:34:41+00:00;https://www.openstreetmap.org/user/Davileci
1216;8199797;matib12;4;0;0;2;2;0;0;0;0;0;0;0;2018-04-30T16:53:59+00:00;2019-08-06T12:45:21+00:00;https://www.openstreetmap.org/user/matib12
1217;8381493;Radele;4;0;0;4;0;0;0;0;0;0;0;0;2018-06-12T16:20:39+00:00;2018-07-25T12:44:43+00:00;https://www.openstreetmap.org/user/Radele
1218;8517300;Michele Giuliani;4;0;0;3;0;1;0;0;0;0;0;0;2018-08-07T10:15:30+00:00;2020-01-03T15:49:28+00:00;https://www.openstreetmap.org/user/Michele%20Giuliani
1219;8612440;atypeoferror;4;0;0;4;0;0;0;0;0;0;0;0;2018-07-28T10:44:17+00:00;2018-08-26T11:13:11+00:00;https://www.openstreetmap.org/user/atypeoferror
1220;8650769;Viki_travel_weak;4;0;0;0;0;0;4;0;0;0;0;0;2021-11-24T13:01:44+00:00;2021-11-24T13:43:57+00:00;https://www.openstreetmap.org/user/Viki_travel_weak
1221;8682805;ondertol;4;0;0;4;0;0;0;0;0;0;0;0;2018-09-09T06:03:25+00:00;2018-09-09T07:01:25+00:00;https://www.openstreetmap.org/user/ondertol
1222;8826099;spad dolo;4;0;0;4;0;0;0;0;0;0;0;0;2018-09-15T13:28:27+00:00;2018-12-01T12:01:39+00:00;https://www.openstreetmap.org/user/spad%20dolo
1223;9112899;agrsic;4;0;0;3;1;0;0;0;0;0;0;0;2018-11-18T15:38:25+00:00;2019-02-27T12:10:55+00:00;https://www.openstreetmap.org/user/agrsic
1224;9385241;natserif;4;0;0;0;4;0;0;0;0;0;0;0;2019-01-24T15:29:31+00:00;2019-01-25T22:00:27+00:00;https://www.openstreetmap.org/user/natserif
1225;9451594;Gabriele Parisini;4;0;0;0;0;0;0;0;0;1;3;0;2024-12-05T17:31:07+00:00;2025-07-20T09:07:43+00:00;https://www.openstreetmap.org/user/Gabriele%20Parisini
1226;9454141;il-Brando;4;0;0;0;0;0;0;0;0;4;0;0;2024-10-04T09:30:32+00:00;2024-10-04T13:42:06+00:00;https://www.openstreetmap.org/user/il-Brando
1227;9473121;Red Zeppelin;4;0;0;0;0;0;0;0;0;0;0;4;2026-08-06T17:26:19+00:00;2026-08-06T17:37:50+00:00;https://www.openstreetmap.org/user/Red%20Zeppelin
1228;9830089;OneTwoThreeFour;4;0;0;0;4;0;0;0;0;0;0;0;2019-05-06T15:33:13+00:00;2019-05-28T20:24:34+00:00;https://www.openstreetmap.org/user/OneTwoThreeFour
1229;9935479;UNmapper_mtola;4;0;0;0;4;0;0;0;0;0;0;0;2019-10-30T13:05:59+00:00;2019-10-30T13:42:58+00:00;https://www.openstreetmap.org/user/UNmapper_mtola
1230;10061533;TheRukk;4;0;0;0;0;0;0;4;0;0;0;0;2022-09-18T18:08:56+00:00;2022-09-18T18:13:50+00:00;https://www.openstreetmap.org/user/TheRukk
1231;10110833;annegru*234;4;0;0;0;0;0;4;0;0;0;0;0;2021-07-08T20:13:07+00:00;2021-07-16T15:35:17+00:00;https://www.openstreetmap.org/user/annegru%2A234
1232;10253650;ivan calamelli;4;0;0;0;0;0;0;0;0;4;0;0;2024-03-26T16:39:44+00:00;2024-06-11T05:56:09+00:00;https://www.openstreetmap.org/user/ivan%20calamelli
1233;10291543;Babbe;4;0;0;0;0;0;0;0;0;4;0;0;2024-06-13T20:29:24+00:00;2024-06-14T12:31:47+00:00;https://www.openstreetmap.org/user/Babbe
1234;10370394;Skydive Sunrise;4;0;0;0;0;0;4;0;0;0;0;0;2021-05-22T09:59:11+00:00;2021-05-22T10:02:37+00:00;https://www.openstreetmap.org/user/Skydive%20Sunrise
1235;10455643;kotamadh;4;0;0;0;0;4;0;0;0;0;0;0;2020-01-06T05:22:52+00:00;2020-01-06T05:52:09+00:00;https://www.openstreetmap.org/user/kotamadh
1236;10637011;ENRICO POLI;4;0;0;0;0;4;0;0;0;0;0;0;2020-01-09T14:00:46+00:00;2020-01-09T14:31:36+00:00;https://www.openstreetmap.org/user/ENRICO%20POLI
1237;10800953;sebastiano104;4;0;0;0;0;2;1;1;0;0;0;0;2020-02-19T14:19:36+00:00;2022-01-05T18:43:31+00:00;https://www.openstreetmap.org/user/sebastiano104
1238;10948218;Giorgio Marinelli;4;0;0;0;0;0;0;0;0;0;4;0;2025-06-09T21:17:17+00:00;2025-08-09T07:27:25+00:00;https://www.openstreetmap.org/user/Giorgio%20Marinelli
1239;10962590;Bluemi;4;0;0;0;0;4;0;0;0;0;0;0;2020-10-11T15:58:35+00:00;2020-10-11T16:23:50+00:00;https://www.openstreetmap.org/user/Bluemi
1240;11029520;FedBlack;4;0;0;0;0;4;0;0;0;0;0;0;2020-04-29T11:50:06+00:00;2020-05-02T13:09:13+00:00;https://www.openstreetmap.org/user/FedBlack
1241;11040193;Ernesto Cascioli;4;0;0;0;0;4;0;0;0;0;0;0;2020-08-14T09:43:37+00:00;2020-08-14T09:51:02+00:00;https://www.openstreetmap.org/user/Ernesto%20Cascioli
1242;11276832;HaPe-CZ;4;0;0;0;0;0;0;0;4;0;0;0;2023-10-20T20:32:15+00:00;2023-10-20T20:41:49+00:00;https://www.openstreetmap.org/user/HaPe-CZ
1243;11452275;VLD171;4;0;0;0;0;0;0;0;0;4;0;0;2024-01-04T19:56:27+00:00;2024-01-04T22:42:44+00:00;https://www.openstreetmap.org/user/VLD171
1244;11792377;kolasau;4;0;0;0;0;0;3;1;0;0;0;0;2021-09-10T09:47:43+00:00;2022-07-26T09:38:16+00:00;https://www.openstreetmap.org/user/kolasau
1245;12080251;Alessandra02;4;0;0;0;0;3;1;0;0;0;0;0;2020-12-23T11:31:14+00:00;2021-01-07T18:06:33+00:00;https://www.openstreetmap.org/user/Alessandra02
1246;12315592;Manuela Moreschini;4;0;0;0;0;0;4;0;0;0;0;0;2021-03-06T19:15:45+00:00;2021-03-11T17:02:40+00:00;https://www.openstreetmap.org/user/Manuela%20Moreschini
1247;12646296;KinGaume;4;0;0;0;0;0;4;0;0;0;0;0;2021-03-19T13:00:12+00:00;2021-03-19T13:18:49+00:00;https://www.openstreetmap.org/user/KinGaume
1248;12682146;Dmithry;4;0;0;0;0;0;4;0;0;0;0;0;2021-12-07T10:14:04+00:00;2021-12-08T08:17:21+00:00;https://www.openstreetmap.org/user/Dmithry
1249;12893226;Nikogeko;4;0;0;0;0;0;4;0;0;0;0;0;2021-03-25T17:03:10+00:00;2021-03-28T15:59:20+00:00;https://www.openstreetmap.org/user/Nikogeko
1250;14277619;NastiaP1;4;0;0;0;0;0;3;0;1;0;0;0;2021-12-08T07:38:34+00:00;2023-05-13T10:25:21+00:00;https://www.openstreetmap.org/user/NastiaP1
1251;14309561;kmpoppe (@ Mapillary Update);4;0;0;0;0;0;0;4;0;0;0;0;2022-10-14T05:10:30+00:00;2022-10-31T03:45:42+00:00;https://www.openstreetmap.org/user/kmpoppe%20%28%40%20Mapillary%20Update%29
1252;14442329;MaryiaKuklis1111;4;0;0;0;0;0;4;0;0;0;0;0;2021-12-06T16:50:52+00:00;2021-12-08T14:16:28+00:00;https://www.openstreetmap.org/user/MaryiaKuklis1111
1253;14486574;Norsetto;4;0;0;0;0;0;0;4;0;0;0;0;2022-03-08T15:17:44+00:00;2022-11-13T14:11:52+00:00;https://www.openstreetmap.org/user/Norsetto
1254;14562823;Federico Massi;4;0;0;0;0;0;0;2;0;0;2;0;2022-08-24T11:50:20+00:00;2025-08-09T08:52:13+00:00;https://www.openstreetmap.org/user/Federico%20Massi
1255;14728720;Saa_dani;4;0;0;0;0;0;0;4;0;0;0;0;2022-09-27T05:25:12+00:00;2022-09-30T11:22:20+00:00;https://www.openstreetmap.org/user/Saa_dani
1256;14728722;Kallar_N;4;0;0;0;0;0;0;4;0;0;0;0;2022-11-24T03:32:02+00:00;2022-12-19T11:34:20+00:00;https://www.openstreetmap.org/user/Kallar_N
1257;14728752;Schnee_berg;4;0;0;0;0;0;0;4;0;0;0;0;2022-07-18T11:31:51+00:00;2022-07-25T05:54:39+00:00;https://www.openstreetmap.org/user/Schnee_berg
1258;15049287;Marika_;4;0;0;0;0;0;0;4;0;0;0;0;2022-05-02T12:54:45+00:00;2022-05-02T13:04:52+00:00;https://www.openstreetmap.org/user/Marika_
1259;15204658;Ra_colate;4;0;0;0;0;0;0;1;3;0;0;0;2022-10-10T07:06:16+00:00;2023-11-17T11:23:28+00:00;https://www.openstreetmap.org/user/Ra_colate
1260;15268367;Marcomar91;4;0;0;0;0;0;0;4;0;0;0;0;2022-03-08T23:45:11+00:00;2022-03-18T19:37:47+00:00;https://www.openstreetmap.org/user/Marcomar91
1261;15667876;wagi88;4;0;0;0;0;0;0;4;0;0;0;0;2022-04-22T20:54:08+00:00;2022-06-08T21:07:26+00:00;https://www.openstreetmap.org/user/wagi88
1262;16198103;marco marziani;4;0;0;0;0;0;0;4;0;0;0;0;2022-06-04T12:48:55+00:00;2022-06-21T09:49:48+00:00;https://www.openstreetmap.org/user/marco%20marziani
1263;16296562;Picchio34532;4;0;0;0;0;0;0;4;0;0;0;0;2022-06-16T16:53:08+00:00;2022-06-17T07:22:28+00:00;https://www.openstreetmap.org/user/Picchio34532
1264;16368906;4ngelus85;4;0;0;0;0;0;0;0;4;0;0;0;2023-12-25T04:59:41+00:00;2023-12-25T05:01:26+00:00;https://www.openstreetmap.org/user/4ngelus85
1265;16493796;Pillolola;4;0;0;0;0;0;0;4;0;0;0;0;2022-07-09T12:33:06+00:00;2022-07-09T12:45:44+00:00;https://www.openstreetmap.org/user/Pillolola
1266;17280747;Pow_AR;4;0;0;0;0;0;0;4;0;0;0;0;2022-11-29T05:00:29+00:00;2022-11-29T06:15:17+00:00;https://www.openstreetmap.org/user/Pow_AR
1267;17384396;Killaking;4;0;0;0;0;0;0;4;0;0;0;0;2022-10-12T16:12:12+00:00;2022-10-12T16:49:51+00:00;https://www.openstreetmap.org/user/Killaking
1268;17397802;Shaforenko_Anastasiya;4;0;0;0;0;0;0;4;0;0;0;0;2022-11-03T14:52:42+00:00;2022-12-16T13:45:39+00:00;https://www.openstreetmap.org/user/Shaforenko_Anastasiya
1269;17866617;Nip22;4;0;0;0;0;0;0;4;0;0;0;0;2022-12-02T15:05:42+00:00;2022-12-02T15:37:28+00:00;https://www.openstreetmap.org/user/Nip22
1270;18045123;Cristina Monterisi_poliba;4;0;0;0;0;0;0;0;4;0;0;0;2023-06-22T11:24:19+00:00;2023-06-26T12:11:22+00:00;https://www.openstreetmap.org/user/Cristina%20Monterisi_poliba
1271;18063623;DomeF;4;0;0;0;0;0;0;0;0;0;4;0;2025-09-24T13:58:56+00:00;2025-09-24T14:38:38+00:00;https://www.openstreetmap.org/user/DomeF
1272;18399395;Dragos Simion;4;0;0;0;0;0;0;0;0;4;0;0;2024-07-16T09:24:15+00:00;2024-07-16T09:38:06+00:00;https://www.openstreetmap.org/user/Dragos%20Simion
1273;18921561;DS402;4;0;0;0;0;0;0;0;4;0;0;0;2023-04-11T23:00:07+00:00;2023-04-12T17:26:22+00:00;https://www.openstreetmap.org/user/DS402
1274;19174018;AdamWest;4;0;0;0;0;0;0;0;0;0;4;0;2025-08-05T09:12:51+00:00;2025-08-05T12:52:40+00:00;https://www.openstreetmap.org/user/AdamWest
1275;20087331;J12345678901234567890;4;0;0;0;0;0;0;0;4;0;0;0;2023-08-19T10:13:34+00:00;2023-08-19T16:13:41+00:00;https://www.openstreetmap.org/user/J12345678901234567890
1276;20195239;EmmeP1;4;0;0;0;0;0;0;0;4;0;0;0;2023-09-08T15:53:18+00:00;2023-09-08T15:56:47+00:00;https://www.openstreetmap.org/user/EmmeP1
1277;20440024;tatsiana-krauchanka;4;0;0;0;0;0;0;0;0;0;3;1;2025-06-13T14:22:48+00:00;2026-03-13T07:48:54+00:00;https://www.openstreetmap.org/user/tatsiana-krauchanka
1278;20440591;Anton Kasheuski;4;0;0;0;0;0;0;0;0;4;0;0;2024-01-19T14:25:52+00:00;2024-04-16T15:06:22+00:00;https://www.openstreetmap.org/user/Anton%20Kasheuski
1279;20554641;FrOsmap;4;0;0;0;0;0;0;0;1;3;0;0;2023-11-05T17:14:44+00:00;2024-03-22T18:08:29+00:00;https://www.openstreetmap.org/user/FrOsmap
1280;20574409;pafgoku;4;0;0;0;0;0;0;0;0;3;1;0;2024-08-01T03:28:30+00:00;2025-06-19T10:15:06+00:00;https://www.openstreetmap.org/user/pafgoku
1281;20576258;climaria;4;0;0;0;0;0;0;0;4;0;0;0;2023-12-24T23:25:55+00:00;2023-12-25T22:09:51+00:00;https://www.openstreetmap.org/user/climaria
1282;20805495;traveler365;4;0;0;0;0;0;0;0;0;4;0;0;2024-01-02T17:40:39+00:00;2024-01-02T18:00:27+00:00;https://www.openstreetmap.org/user/traveler365
1283;20939392;tarpano;4;0;0;0;0;0;0;0;0;2;2;0;2024-01-26T17:21:54+00:00;2025-12-11T10:35:55+00:00;https://www.openstreetmap.org/user/tarpano
1284;21174902;Babins;4;0;0;0;0;0;0;0;0;4;0;0;2024-03-07T11:00:05+00:00;2024-03-07T11:28:21+00:00;https://www.openstreetmap.org/user/Babins
1285;21175322;sndrx;4;0;0;0;0;0;0;0;0;4;0;0;2024-03-07T10:52:31+00:00;2024-03-07T11:18:32+00:00;https://www.openstreetmap.org/user/sndrx
1286;21445501;Riky_94;4;0;0;0;0;0;0;0;0;0;4;0;2025-12-28T16:35:56+00:00;2025-12-29T15:17:15+00:00;https://www.openstreetmap.org/user/Riky_94
1287;21505435;miki130504;4;0;0;0;0;0;0;0;0;4;0;0;2024-05-15T08:41:04+00:00;2024-10-07T10:12:35+00:00;https://www.openstreetmap.org/user/miki130504
1288;21857983;Maxim Cognigni;4;0;0;0;0;0;0;0;0;4;0;0;2024-08-17T14:21:44+00:00;2024-08-26T17:50:42+00:00;https://www.openstreetmap.org/user/Maxim%20Cognigni
1289;21883044;edobenfe;4;0;0;0;0;0;0;0;0;0;0;4;2026-03-27T20:08:27+00:00;2026-09-15T18:23:45+00:00;https://www.openstreetmap.org/user/edobenfe
1290;22094720;Vitalina Hryharkevich;4;0;0;0;0;0;0;0;0;0;4;0;2025-05-05T15:24:39+00:00;2025-05-05T15:48:14+00:00;https://www.openstreetmap.org/user/Vitalina%20Hryharkevich
1291;22195032;MarcoCJesi;4;0;0;0;0;0;0;0;0;3;1;0;2024-11-19T08:00:17+00:00;2025-05-21T08:57:05+00:00;https://www.openstreetmap.org/user/MarcoCJesi
1292;22259596;Simona Lucchetti;4;0;0;0;0;0;0;0;0;4;0;0;2024-12-05T19:53:56+00:00;2024-12-08T11:18:37+00:00;https://www.openstreetmap.org/user/Simona%20Lucchetti
1293;22474879;LeoPeo;4;0;0;0;0;0;0;0;0;0;4;0;2025-05-17T08:23:59+00:00;2025-08-20T08:08:22+00:00;https://www.openstreetmap.org/user/LeoPeo
1294;22537488;ivo mooskeau;4;0;0;0;0;0;0;0;0;0;4;0;2025-02-19T18:29:45+00:00;2025-06-29T09:26:07+00:00;https://www.openstreetmap.org/user/ivo%20mooskeau
1295;22548853;FilippoPalmucci;4;0;0;0;0;0;0;0;0;0;4;0;2025-02-22T14:11:27+00:00;2025-02-22T14:49:48+00:00;https://www.openstreetmap.org/user/FilippoPalmucci
1296;22614977;pavelito;4;0;0;0;0;0;0;0;0;0;0;4;2026-03-11T08:23:16+00:00;2026-07-07T15:25:36+00:00;https://www.openstreetmap.org/user/pavelito
1297;22716101;BenDm86;4;0;0;0;0;0;0;0;0;0;4;0;2025-08-02T09:59:58+00:00;2025-08-08T04:37:47+00:00;https://www.openstreetmap.org/user/BenDm86
1298;22732628;Silvianddd;4;0;0;0;0;0;0;0;0;0;4;0;2025-04-10T13:42:08+00:00;2025-04-10T13:48:41+00:00;https://www.openstreetmap.org/user/Silvianddd
1299;22734330;m_fuhrmann;4;0;0;0;0;0;0;0;0;0;0;4;2026-02-25T14:55:38+00:00;2026-02-25T19:43:55+00:00;https://www.openstreetmap.org/user/m_fuhrmann
1300;22937323;RobStr75;4;0;0;0;0;0;0;0;0;0;4;0;2025-05-31T17:39:33+00:00;2025-05-31T17:41:28+00:00;https://www.openstreetmap.org/user/RobStr75
1301;22954076;Accalappia;4;0;0;0;0;0;0;0;0;0;1;3;2025-06-16T21:10:28+00:00;2026-08-31T21:07:35+00:00;https://www.openstreetmap.org/user/Accalappia
1302;22965509;Borghi Italia;4;0;0;0;0;0;0;0;0;0;4;0;2025-06-03T11:08:39+00:00;2025-06-03T11:12:55+00:00;https://www.openstreetmap.org/user/Borghi%20Italia
1303;22989935;luciano egidi;4;0;0;0;0;0;0;0;0;0;0;4;2026-03-26T10:43:47+00:00;2026-04-09T15:18:30+00:00;https://www.openstreetmap.org/user/luciano%20egidi
1304;23379837;Jonathan_Compagnucci;4;0;0;0;0;0;0;0;0;0;3;1;2025-10-09T14:58:10+00:00;2026-01-17T18:01:04+00:00;https://www.openstreetmap.org/user/Jonathan_Compagnucci
1305;23711873;Heisen Park;4;0;0;0;0;0;0;0;0;0;0;4;2026-01-15T10:45:30+00:00;2026-01-15T10:46:57+00:00;https://www.openstreetmap.org/user/Heisen%20Park
1306;23763533;ElenaPaniccia;4;0;0;0;0;0;0;0;0;0;0;4;2026-01-28T19:52:05+00:00;2026-01-28T20:20:37+00:00;https://www.openstreetmap.org/user/ElenaPaniccia
1307;23832743;Ghazi khadija;4;0;0;0;0;0;0;0;0;0;0;4;2026-03-31T07:13:02+00:00;2026-05-04T09:15:04+00:00;https://www.openstreetmap.org/user/Ghazi%20khadija
1308;23832795;Jaddd;4;0;0;0;0;0;0;0;0;0;0;4;2026-03-30T09:45:17+00:00;2026-05-26T07:27:08+00:00;https://www.openstreetmap.org/user/Jaddd
1309;23863896;Davide marangoni;4;0;0;0;0;0;0;0;0;0;0;4;2026-03-30T09:05:13+00:00;2026-05-05T08:03:32+00:00;https://www.openstreetmap.org/user/Davide%20marangoni
1310;23915031;Cristhàlia;4;0;0;0;0;0;0;0;0;0;0;4;2026-03-08T17:40:20+00:00;2026-03-08T17:55:59+00:00;https://www.openstreetmap.org/user/Cristh%C3%A0lia
1311;24124182;Pambianchi Daniel;4;0;0;0;0;0;0;0;0;0;0;4;2026-05-14T06:34:46+00:00;2026-05-14T08:32:27+00:00;https://www.openstreetmap.org/user/Pambianchi%20Daniel
1312;24233968;Rudolf_W;4;0;0;0;0;0;0;0;0;0;0;4;2026-06-20T11:56:59+00:00;2026-06-23T06:25:03+00:00;https://www.openstreetmap.org/user/Rudolf_W
1313;24239500;Viottausen;4;0;0;0;0;0;0;0;0;0;0;4;2026-06-22T13:30:27+00:00;2026-06-22T13:40:19+00:00;https://www.openstreetmap.org/user/Viottausen
1314;24366914;jpewww;4;0;0;0;0;0;0;0;0;0;0;4;2026-07-30T11:17:46+00:00;2026-08-03T12:03:41+00:00;https://www.openstreetmap.org/user/jpewww
1315;24548215;Erres61;4;0;0;0;0;0;0;0;0;0;0;4;2026-09-13T09:27:37+00:00;2026-09-17T16:47:52+00:00;https://www.openstreetmap.org/user/Erres61
1316;3114;chippy;3;0;0;0;0;0;0;3;0;0;0;0;2022-04-29T19:33:39+00:00;2022-04-29T19:44:32+00:00;https://www.openstreetmap.org/user/chippy
1317;4732;iandees;3;0;0;0;0;0;0;0;0;0;0;3;2026-03-09T13:22:44+00:00;2026-03-30T13:40:36+00:00;https://www.openstreetmap.org/user/iandees
1318;5326;user_5326;3;0;0;0;0;3;0;0;0;0;0;0;2020-11-08T19:41:03+00:00;2020-11-08T19:50:56+00:00;https://www.openstreetmap.org/user/user_5326
1319;18337;claux;3;3;0;0;0;0;0;0;0;0;0;0;2016-08-24T14:01:35+00:00;2016-08-24T14:23:08+00:00;https://www.openstreetmap.org/user/claux
1320;25561;Gobik;3;0;1;0;0;0;0;1;1;0;0;0;2017-05-11T07:44:42+00:00;2023-10-13T06:54:24+00:00;https://www.openstreetmap.org/user/Gobik
1321;26599;cdavila;3;0;2;0;0;0;0;0;0;0;0;1;2017-03-04T09:42:10+00:00;2026-06-12T05:58:08+00:00;https://www.openstreetmap.org/user/cdavila
1322;38696;euforbio;3;3;0;0;0;0;0;0;0;0;0;0;2016-09-15T14:54:21+00:00;2016-09-15T15:02:53+00:00;https://www.openstreetmap.org/user/euforbio
1323;42123;Ropino;3;0;0;0;0;0;0;1;0;1;1;0;2022-09-15T09:26:04+00:00;2025-04-25T08:31:25+00:00;https://www.openstreetmap.org/user/Ropino
1324;43021;Czmartin;3;3;0;0;0;0;0;0;0;0;0;0;2016-03-28T18:57:20+00:00;2016-03-29T16:30:53+00:00;https://www.openstreetmap.org/user/Czmartin
1325;45347;eriosw;3;0;0;0;0;0;0;3;0;0;0;0;2022-07-24T12:40:05+00:00;2022-07-24T13:00:03+00:00;https://www.openstreetmap.org/user/eriosw
1326;53188;Enrico Rossi;3;0;0;0;0;0;0;0;2;0;1;0;2023-08-08T12:44:14+00:00;2025-07-20T16:20:11+00:00;https://www.openstreetmap.org/user/Enrico%20Rossi
1327;55024;frafra;3;0;0;3;0;0;0;0;0;0;0;0;2018-03-17T19:46:55+00:00;2018-03-17T19:51:31+00:00;https://www.openstreetmap.org/user/frafra
1328;58006;danny__kay;3;0;0;3;0;0;0;0;0;0;0;0;2018-08-20T18:37:09+00:00;2018-08-20T20:31:45+00:00;https://www.openstreetmap.org/user/danny__kay
1329;58255;aytfadc;3;1;1;0;0;1;0;0;0;0;0;0;2016-07-09T04:26:53+00:00;2020-11-07T06:44:42+00:00;https://www.openstreetmap.org/user/aytfadc
1330;68806;Draga;3;0;3;0;0;0;0;0;0;0;0;0;2017-05-27T07:18:09+00:00;2017-05-27T07:21:04+00:00;https://www.openstreetmap.org/user/Draga
1331;72489;Marco72;3;0;2;1;0;0;0;0;0;0;0;0;2017-11-06T14:27:05+00:00;2018-09-21T10:32:32+00:00;https://www.openstreetmap.org/user/Marco72
1332;89897;airon90;3;0;0;0;0;2;1;0;0;0;0;0;2020-12-04T10:13:24+00:00;2021-03-16T08:19:00+00:00;https://www.openstreetmap.org/user/airon90
1333;115612;tyr_asd;3;2;1;0;0;0;0;0;0;0;0;0;2016-08-24T12:54:49+00:00;2017-05-13T13:54:35+00:00;https://www.openstreetmap.org/user/tyr_asd
1334;118021;maggot27;3;1;0;1;1;0;0;0;0;0;0;0;2016-10-16T14:08:00+00:00;2019-10-26T13:07:30+00:00;https://www.openstreetmap.org/user/maggot27
1335;118311;FraMauro;3;0;0;0;0;0;3;0;0;0;0;0;2021-10-04T15:24:17+00:00;2021-10-13T19:40:30+00:00;https://www.openstreetmap.org/user/FraMauro
1336;130691;StefanoCudini;3;3;0;0;0;0;0;0;0;0;0;0;2016-08-25T08:08:56+00:00;2016-08-25T08:53:29+00:00;https://www.openstreetmap.org/user/StefanoCudini
1337;132740;Creando;3;0;0;0;0;1;0;2;0;0;0;0;2020-04-19T16:52:54+00:00;2022-01-27T21:41:59+00:00;https://www.openstreetmap.org/user/Creando
1338;145332;KDO_Snakebyte;3;0;0;3;0;0;0;0;0;0;0;0;2018-03-28T10:15:30+00:00;2018-03-28T10:18:27+00:00;https://www.openstreetmap.org/user/KDO_Snakebyte
1339;152486;blfpd;3;3;0;0;0;0;0;0;0;0;0;0;2016-03-24T19:07:08+00:00;2016-03-25T22:03:27+00:00;https://www.openstreetmap.org/user/blfpd
1340;173909;kittykat3756;3;0;0;0;0;0;0;3;0;0;0;0;2022-06-25T22:25:52+00:00;2022-11-12T18:22:40+00:00;https://www.openstreetmap.org/user/kittykat3756
1341;181166;LWK;3;0;0;3;0;0;0;0;0;0;0;0;2018-12-24T15:58:07+00:00;2018-12-24T16:59:57+00:00;https://www.openstreetmap.org/user/LWK
1342;183993;luc7a;3;0;0;0;0;3;0;0;0;0;0;0;2020-05-12T15:44:16+00:00;2020-05-12T15:49:19+00:00;https://www.openstreetmap.org/user/luc7a
1343;203790;Rinaldum;3;3;0;0;0;0;0;0;0;0;0;0;2016-08-25T14:34:04+00:00;2016-08-26T14:46:04+00:00;https://www.openstreetmap.org/user/Rinaldum
1344;217942;maria_brovelli;3;3;0;0;0;0;0;0;0;0;0;0;2016-08-26T12:41:29+00:00;2016-08-26T12:45:00+00:00;https://www.openstreetmap.org/user/maria_brovelli
1345;312126;Senbee;3;3;0;0;0;0;0;0;0;0;0;0;2016-03-22T23:04:43+00:00;2016-07-22T16:58:29+00:00;https://www.openstreetmap.org/user/Senbee
1346;337806;huldsfred;3;0;2;0;0;0;0;0;0;0;1;0;2017-10-13T18:41:56+00:00;2025-10-20T09:05:02+00:00;https://www.openstreetmap.org/user/huldsfred
1347;358277;marchio11;3;0;0;0;0;2;0;1;0;0;0;0;2020-10-08T17:08:08+00:00;2022-01-18T15:42:59+00:00;https://www.openstreetmap.org/user/marchio11
1348;379560;trahflow;3;0;0;0;0;0;0;0;0;0;0;3;2026-09-10T07:30:19+00:00;2026-09-10T07:31:02+00:00;https://www.openstreetmap.org/user/trahflow
1349;383200;Takuto;3;0;3;0;0;0;0;0;0;0;0;0;2017-03-06T09:21:46+00:00;2017-03-09T09:08:24+00:00;https://www.openstreetmap.org/user/Takuto
1350;417484;giasca;3;0;0;3;0;0;0;0;0;0;0;0;2018-12-27T12:53:51+00:00;2018-12-27T12:59:15+00:00;https://www.openstreetmap.org/user/giasca
1351;417672;Guidus;3;0;0;3;0;0;0;0;0;0;0;0;2018-01-04T13:21:34+00:00;2018-04-11T11:19:35+00:00;https://www.openstreetmap.org/user/Guidus
1352;447581;Inwind;3;3;0;0;0;0;0;0;0;0;0;0;2016-04-03T13:37:51+00:00;2016-10-16T12:36:19+00:00;https://www.openstreetmap.org/user/Inwind
1353;457880;Michele_69;3;0;0;0;0;3;0;0;0;0;0;0;2020-08-21T11:55:32+00:00;2020-09-26T13:51:48+00:00;https://www.openstreetmap.org/user/Michele_69
1354;483075;lyctkel;3;0;0;0;0;0;0;3;0;0;0;0;2022-05-21T20:18:49+00:00;2022-06-23T18:18:58+00:00;https://www.openstreetmap.org/user/lyctkel
1355;497997;Davide Zambelli;3;3;0;0;0;0;0;0;0;0;0;0;2016-07-01T14:38:19+00:00;2016-07-03T06:48:38+00:00;https://www.openstreetmap.org/user/Davide%20Zambelli
1356;506470;L987;3;0;0;2;0;1;0;0;0;0;0;0;2018-09-11T06:00:33+00:00;2020-11-13T14:29:17+00:00;https://www.openstreetmap.org/user/L987
1357;507006;Pietro Magnanini;3;0;0;0;0;0;0;0;0;0;3;0;2025-03-22T20:00:55+00:00;2025-06-10T10:56:25+00:00;https://www.openstreetmap.org/user/Pietro%20Magnanini
1358;508222;Zorglub67;3;0;0;0;0;3;0;0;0;0;0;0;2020-04-12T14:14:13+00:00;2020-04-12T14:24:32+00:00;https://www.openstreetmap.org/user/Zorglub67
1359;519916;googlenaut;3;0;0;0;0;0;0;0;3;0;0;0;2023-03-01T08:49:10+00:00;2023-03-01T08:53:13+00:00;https://www.openstreetmap.org/user/googlenaut
1360;544235;cuzi;3;0;0;0;0;0;0;0;0;0;1;2;2025-05-05T16:42:48+00:00;2026-09-14T21:47:35+00:00;https://www.openstreetmap.org/user/cuzi
1361;547242;PalleFC;3;3;0;0;0;0;0;0;0;0;0;0;2016-10-02T13:42:23+00:00;2016-10-02T15:14:50+00:00;https://www.openstreetmap.org/user/PalleFC
1362;550560;OSMuser111107;3;0;0;3;0;0;0;0;0;0;0;0;2018-06-03T19:42:04+00:00;2018-06-05T16:19:39+00:00;https://www.openstreetmap.org/user/OSMuser111107
1363;579620;Luport;3;0;0;0;0;0;0;2;0;0;1;0;2022-12-05T09:59:02+00:00;2025-04-22T08:47:37+00:00;https://www.openstreetmap.org/user/Luport
1364;617910;cesaregerbino;3;2;1;0;0;0;0;0;0;0;0;0;2016-10-27T19:22:41+00:00;2017-11-01T20:37:32+00:00;https://www.openstreetmap.org/user/cesaregerbino
1365;654890;MapperCat;3;3;0;0;0;0;0;0;0;0;0;0;2016-02-07T17:25:20+00:00;2016-02-07T17:27:03+00:00;https://www.openstreetmap.org/user/MapperCat
1366;656864;Jean Bully;3;3;0;0;0;0;0;0;0;0;0;0;2016-08-25T18:19:57+00:00;2016-08-25T19:52:29+00:00;https://www.openstreetmap.org/user/Jean%20Bully
1367;670683;nerimic;3;0;0;0;0;0;0;0;0;1;2;0;2024-12-27T14:31:30+00:00;2025-05-06T11:56:39+00:00;https://www.openstreetmap.org/user/nerimic
1368;701800;bdsklo;3;0;0;0;0;0;0;0;0;0;3;0;2025-06-01T16:26:49+00:00;2025-06-02T11:24:06+00:00;https://www.openstreetmap.org/user/bdsklo
1369;883016;@kevin_bullock;3;3;0;0;0;0;0;0;0;0;0;0;2016-08-15T16:38:09+00:00;2016-08-15T17:07:27+00:00;https://www.openstreetmap.org/user/%40kevin_bullock
1370;1241581;frammm;3;3;0;0;0;0;0;0;0;0;0;0;2016-10-26T22:14:13+00:00;2016-10-26T22:35:27+00:00;https://www.openstreetmap.org/user/frammm
1371;1362028;Piersoft;3;0;1;0;0;0;0;0;2;0;0;0;2017-02-17T17:05:04+00:00;2023-01-31T16:25:58+00:00;https://www.openstreetmap.org/user/Piersoft
1372;1492753;giacx;3;0;0;0;3;0;0;0;0;0;0;0;2019-05-22T08:21:41+00:00;2019-05-22T08:32:08+00:00;https://www.openstreetmap.org/user/giacx
1373;1571041;gente_di_mare;3;0;3;0;0;0;0;0;0;0;0;0;2017-07-09T15:45:11+00:00;2017-07-09T15:57:28+00:00;https://www.openstreetmap.org/user/gente_di_mare
1374;1595233;gnastyle;3;0;0;0;0;0;3;0;0;0;0;0;2021-02-19T14:14:19+00:00;2021-09-30T12:07:37+00:00;https://www.openstreetmap.org/user/gnastyle
1375;1719069;MTorre;3;0;3;0;0;0;0;0;0;0;0;0;2017-06-10T00:26:36+00:00;2017-08-09T11:51:35+00:00;https://www.openstreetmap.org/user/MTorre
1376;1725320;aleianny;3;0;0;0;0;2;1;0;0;0;0;0;2020-09-01T09:40:02+00:00;2021-04-16T09:21:35+00:00;https://www.openstreetmap.org/user/aleianny
1377;1880419;OscarCampo;3;3;0;0;0;0;0;0;0;0;0;0;2016-08-27T10:21:08+00:00;2016-08-27T10:55:22+00:00;https://www.openstreetmap.org/user/OscarCampo
1378;1894171;PaoloRosati;3;0;0;0;0;0;0;3;0;0;0;0;2022-12-02T13:55:36+00:00;2022-12-02T15:55:45+00:00;https://www.openstreetmap.org/user/PaoloRosati
1379;1904925;malaerba;3;0;0;0;0;0;0;2;0;0;1;0;2022-10-31T13:15:07+00:00;2025-09-07T19:54:37+00:00;https://www.openstreetmap.org/user/malaerba
1380;1923366;maxculver;3;0;0;0;0;0;0;0;0;0;3;0;2025-11-08T12:11:31+00:00;2025-11-08T12:58:31+00:00;https://www.openstreetmap.org/user/maxculver
1381;2006024;ilBiondo;3;3;0;0;0;0;0;0;0;0;0;0;2016-01-19T10:52:04+00:00;2016-01-19T11:04:20+00:00;https://www.openstreetmap.org/user/ilBiondo
1382;2074859;nicovota;3;0;0;1;0;2;0;0;0;0;0;0;2018-07-23T14:51:41+00:00;2020-09-05T13:03:59+00:00;https://www.openstreetmap.org/user/nicovota
1383;2076733;borgianieugenio;3;1;0;2;0;0;0;0;0;0;0;0;2016-08-12T08:40:52+00:00;2018-10-26T09:51:15+00:00;https://www.openstreetmap.org/user/borgianieugenio
1384;2104393;acavalieri;3;2;0;1;0;0;0;0;0;0;0;0;2016-03-24T07:47:19+00:00;2018-08-22T08:11:47+00:00;https://www.openstreetmap.org/user/acavalieri
1385;2360444;rikmede;3;0;0;0;0;0;0;0;0;3;0;0;2024-02-01T09:47:43+00:00;2024-03-07T14:06:36+00:00;https://www.openstreetmap.org/user/rikmede
1386;2509745;dvdkon;3;0;0;0;0;0;0;3;0;0;0;0;2022-07-12T08:07:10+00:00;2022-07-13T14:22:39+00:00;https://www.openstreetmap.org/user/dvdkon
1387;2618917;Andrenacci Arredamenti Srl;3;3;0;0;0;0;0;0;0;0;0;0;2016-08-13T08:01:45+00:00;2016-08-16T06:16:01+00:00;https://www.openstreetmap.org/user/Andrenacci%20Arredamenti%20Srl
1388;2722257;Mac_01;3;3;0;0;0;0;0;0;0;0;0;0;2016-07-11T23:50:33+00:00;2016-07-13T14:01:07+00:00;https://www.openstreetmap.org/user/Mac_01
1389;2847045;fc2111;3;3;0;0;0;0;0;0;0;0;0;0;2016-01-14T10:36:34+00:00;2016-06-01T15:06:25+00:00;https://www.openstreetmap.org/user/fc2111
1390;2912045;Pankowradler;3;0;0;0;0;0;0;0;0;3;0;0;2024-05-18T18:02:15+00:00;2024-05-18T18:05:27+00:00;https://www.openstreetmap.org/user/Pankowradler
1391;2913504;Atikur Rahman atik;3;3;0;0;0;0;0;0;0;0;0;0;2016-08-18T17:33:29+00:00;2016-08-20T17:54:52+00:00;https://www.openstreetmap.org/user/Atikur%20Rahman%20atik
1392;3041369;ogghi;3;0;0;0;0;0;0;0;3;0;0;0;2023-01-13T10:43:54+00:00;2023-01-13T10:44:34+00:00;https://www.openstreetmap.org/user/ogghi
1393;3206305;HiddeWie;3;0;0;0;0;0;0;0;0;0;0;3;2026-07-10T15:47:19+00:00;2026-08-01T15:21:55+00:00;https://www.openstreetmap.org/user/HiddeWie
1394;3335735;nick1993;3;0;0;0;0;0;0;0;0;0;3;0;2025-09-09T21:33:39+00:00;2025-09-24T19:39:55+00:00;https://www.openstreetmap.org/user/nick1993
1395;3422324;gollum888;3;0;3;0;0;0;0;0;0;0;0;0;2017-10-13T11:29:42+00:00;2017-10-15T13:36:07+00:00;https://www.openstreetmap.org/user/gollum888
1396;3478535;lumacraft;3;0;0;0;0;0;0;1;0;0;1;1;2022-06-19T09:18:50+00:00;2026-02-13T17:32:04+00:00;https://www.openstreetmap.org/user/lumacraft
1397;3497527;MCalaOSM;3;3;0;0;0;0;0;0;0;0;0;0;2016-08-27T08:54:05+00:00;2016-08-27T10:18:43+00:00;https://www.openstreetmap.org/user/MCalaOSM
1398;3704745;geppofly;3;3;0;0;0;0;0;0;0;0;0;0;2016-03-11T16:17:21+00:00;2016-03-11T16:18:46+00:00;https://www.openstreetmap.org/user/geppofly
1399;3851241;np-gc;3;0;0;0;3;0;0;0;0;0;0;0;2019-03-30T17:07:40+00:00;2019-03-31T05:58:52+00:00;https://www.openstreetmap.org/user/np-gc
1400;4024048;OpenKartograph;3;0;0;0;0;0;3;0;0;0;0;0;2021-06-02T19:33:03+00:00;2021-06-02T20:01:08+00:00;https://www.openstreetmap.org/user/OpenKartograph
1401;4085576;Luca Venegoni;3;0;0;0;0;0;3;0;0;0;0;0;2021-07-01T17:26:48+00:00;2021-07-09T14:02:50+00:00;https://www.openstreetmap.org/user/Luca%20Venegoni
1402;4091332;MICHELE PETRACCI;3;0;0;0;1;0;0;2;0;0;0;0;2019-02-12T12:46:02+00:00;2022-06-14T11:40:04+00:00;https://www.openstreetmap.org/user/MICHELE%20PETRACCI
1403;4343774;gunnar22;3;3;0;0;0;0;0;0;0;0;0;0;2016-07-30T23:53:32+00:00;2016-07-31T02:35:16+00:00;https://www.openstreetmap.org/user/gunnar22
1404;4416816;Sane124;3;0;0;0;3;0;0;0;0;0;0;0;2019-07-04T21:56:57+00:00;2019-07-05T15:03:56+00:00;https://www.openstreetmap.org/user/Sane124
1405;4439645;gs3§zba;3;0;0;0;0;0;0;0;3;0;0;0;2023-04-15T09:25:00+00:00;2023-04-15T11:37:20+00:00;https://www.openstreetmap.org/user/gs3%C2%A7zba
1406;4513630;aletoso;3;3;0;0;0;0;0;0;0;0;0;0;2016-09-02T01:50:01+00:00;2016-09-02T02:11:41+00:00;https://www.openstreetmap.org/user/aletoso
1407;4654953;Nicola Melozzi;3;3;0;0;0;0;0;0;0;0;0;0;2016-09-30T15:15:59+00:00;2016-11-19T19:58:38+00:00;https://www.openstreetmap.org/user/Nicola%20Melozzi
1408;4672800;stealz;3;0;0;0;0;3;0;0;0;0;0;0;2020-10-28T13:33:32+00:00;2020-10-29T08:36:44+00:00;https://www.openstreetmap.org/user/stealz
1409;4675384;massistabile;3;1;0;1;0;1;0;0;0;0;0;0;2016-10-04T22:25:22+00:00;2020-04-11T14:32:49+00:00;https://www.openstreetmap.org/user/massistabile
1410;4682263;BBlueBear;3;1;2;0;0;0;0;0;0;0;0;0;2016-11-19T21:39:25+00:00;2017-03-17T18:33:06+00:00;https://www.openstreetmap.org/user/BBlueBear
1411;4683429;Antonio Bertini;3;0;1;2;0;0;0;0;0;0;0;0;2017-07-18T09:23:51+00:00;2018-10-12T07:36:41+00:00;https://www.openstreetmap.org/user/Antonio%20Bertini
1412;4698100;stefanotripi;3;3;0;0;0;0;0;0;0;0;0;0;2016-10-27T11:35:14+00:00;2016-10-27T11:59:55+00:00;https://www.openstreetmap.org/user/stefanotripi
1413;4702736;JantjeBas;3;0;3;0;0;0;0;0;0;0;0;0;2017-07-24T14:17:07+00:00;2017-08-04T23:23:13+00:00;https://www.openstreetmap.org/user/JantjeBas
1414;4815500;Pippaccio;3;0;3;0;0;0;0;0;0;0;0;0;2017-04-30T07:36:51+00:00;2017-04-30T10:26:27+00:00;https://www.openstreetmap.org/user/Pippaccio
1415;4945883;StefanoConti;3;0;0;0;0;0;0;0;0;3;0;0;2024-05-10T02:30:26+00:00;2024-05-10T02:32:57+00:00;https://www.openstreetmap.org/user/StefanoConti
1416;5188944;mondavio;3;0;3;0;0;0;0;0;0;0;0;0;2017-01-25T11:26:57+00:00;2017-01-25T15:46:53+00:00;https://www.openstreetmap.org/user/mondavio
1417;5236695;Aldo Luciani;3;0;3;0;0;0;0;0;0;0;0;0;2017-01-31T20:42:14+00:00;2017-06-20T14:47:08+00:00;https://www.openstreetmap.org/user/Aldo%20Luciani
1418;5302176;AlexC11;3;0;3;0;0;0;0;0;0;0;0;0;2017-11-24T12:47:54+00:00;2017-12-26T11:52:08+00:00;https://www.openstreetmap.org/user/AlexC11
1419;5364177;dvd0101;3;0;0;3;0;0;0;0;0;0;0;0;2018-07-23T12:51:30+00:00;2018-08-06T16:54:18+00:00;https://www.openstreetmap.org/user/dvd0101
1420;5380151;Paolo Della Ceca;3;0;0;0;0;3;0;0;0;0;0;0;2020-04-18T12:50:50+00:00;2020-04-18T13:21:34+00:00;https://www.openstreetmap.org/user/Paolo%20Della%20Ceca
1421;5396927;Lorenz J;3;0;0;0;0;0;0;0;3;0;0;0;2023-05-26T07:12:01+00:00;2023-05-31T08:11:06+00:00;https://www.openstreetmap.org/user/Lorenz%20J
1422;5447794;Gorillino66;3;0;3;0;0;0;0;0;0;0;0;0;2017-03-08T03:18:37+00:00;2017-03-19T07:40:16+00:00;https://www.openstreetmap.org/user/Gorillino66
1423;5525382;npgc;3;0;0;0;3;0;0;0;0;0;0;0;2019-03-12T13:34:52+00:00;2019-03-31T06:35:24+00:00;https://www.openstreetmap.org/user/npgc
1424;5531727;paolo sere;3;0;3;0;0;0;0;0;0;0;0;0;2017-03-21T21:03:57+00:00;2017-03-21T21:33:30+00:00;https://www.openstreetmap.org/user/paolo%20sere
1425;5556360;Gabriele123;3;0;3;0;0;0;0;0;0;0;0;0;2017-03-25T19:18:47+00:00;2017-03-26T08:31:48+00:00;https://www.openstreetmap.org/user/Gabriele123
1426;5684936;BuonAnonimo;3;0;1;2;0;0;0;0;0;0;0;0;2017-10-20T21:25:34+00:00;2018-04-13T10:48:25+00:00;https://www.openstreetmap.org/user/BuonAnonimo
1427;5868891;Boschi Cristiano;3;0;2;0;0;0;0;1;0;0;0;0;2017-05-11T17:08:33+00:00;2022-08-03T14:17:00+00:00;https://www.openstreetmap.org/user/Boschi%20Cristiano
1428;6011996;AC Alessandro;3;0;2;0;0;1;0;0;0;0;0;0;2017-11-07T20:59:53+00:00;2020-01-12T15:15:38+00:00;https://www.openstreetmap.org/user/AC%20Alessandro
1429;6201821;Walter Mayeku;3;0;0;0;0;0;0;0;0;0;2;1;2025-08-13T16:10:29+00:00;2026-06-01T18:42:13+00:00;https://www.openstreetmap.org/user/Walter%20Mayeku
1430;6220763;josephsss;3;0;3;0;0;0;0;0;0;0;0;0;2017-06-25T09:58:41+00:00;2017-06-25T13:55:48+00:00;https://www.openstreetmap.org/user/josephsss
1431;6586485;alecstein;3;0;3;0;0;0;0;0;0;0;0;0;2017-09-04T18:08:01+00:00;2017-09-06T00:18:10+00:00;https://www.openstreetmap.org/user/alecstein
1432;6693967;Massimo Belfiore;3;0;3;0;0;0;0;0;0;0;0;0;2017-09-22T08:50:50+00:00;2017-09-22T09:00:53+00:00;https://www.openstreetmap.org/user/Massimo%20Belfiore
1433;6699425;cbambini;3;0;3;0;0;0;0;0;0;0;0;0;2017-09-23T11:30:53+00:00;2017-09-23T11:32:34+00:00;https://www.openstreetmap.org/user/cbambini
1434;6752315;Michela Durazzi;3;0;3;0;0;0;0;0;0;0;0;0;2017-10-04T15:28:33+00:00;2017-10-07T07:26:13+00:00;https://www.openstreetmap.org/user/Michela%20Durazzi
1435;6997587;STEFANO TARANTINI;3;0;3;0;0;0;0;0;0;0;0;0;2017-11-16T10:04:18+00:00;2017-11-16T10:12:13+00:00;https://www.openstreetmap.org/user/STEFANO%20TARANTINI
1436;7014121;ArWe1970;3;0;0;0;0;0;0;0;0;0;3;0;2025-06-16T16:37:21+00:00;2025-06-18T11:34:43+00:00;https://www.openstreetmap.org/user/ArWe1970
1437;7078274;gabriele_sani;3;0;0;0;2;0;0;0;1;0;0;0;2019-05-14T12:11:46+00:00;2023-09-07T10:09:47+00:00;https://www.openstreetmap.org/user/gabriele_sani
1438;7158271;Exchange173;3;0;0;3;0;0;0;0;0;0;0;0;2018-08-02T23:21:09+00:00;2018-12-09T22:33:26+00:00;https://www.openstreetmap.org/user/Exchange173
1439;7282889;passiv_;3;0;1;2;0;0;0;0;0;0;0;0;2017-12-18T22:36:11+00:00;2018-01-04T20:59:04+00:00;https://www.openstreetmap.org/user/passiv_
1440;7400195;gabbetti;3;0;3;0;0;0;0;0;0;0;0;0;2017-12-30T15:14:25+00:00;2017-12-30T15:46:39+00:00;https://www.openstreetmap.org/user/gabbetti
1441;7460531;Umkael;3;0;0;3;0;0;0;0;0;0;0;0;2018-09-13T08:50:27+00:00;2018-09-15T16:30:40+00:00;https://www.openstreetmap.org/user/Umkael
1442;7595920;TheaV;3;0;0;3;0;0;0;0;0;0;0;0;2018-02-10T11:50:57+00:00;2018-02-16T16:39:37+00:00;https://www.openstreetmap.org/user/TheaV
1443;8096544;alebat91;3;0;0;0;3;0;0;0;0;0;0;0;2019-04-25T20:48:59+00:00;2019-04-26T18:16:04+00:00;https://www.openstreetmap.org/user/alebat91
1444;8265165;Discostu36;3;0;0;0;0;0;0;0;0;0;3;0;2025-08-26T12:27:54+00:00;2025-08-26T14:05:09+00:00;https://www.openstreetmap.org/user/Discostu36
1445;8525026;MasterGibbo;3;0;0;2;1;0;0;0;0;0;0;0;2018-07-09T12:38:13+00:00;2019-06-21T09:25:44+00:00;https://www.openstreetmap.org/user/MasterGibbo
1446;8726248;traveleditor;3;0;0;0;0;0;0;3;0;0;0;0;2022-11-25T12:19:58+00:00;2022-12-05T13:20:03+00:00;https://www.openstreetmap.org/user/traveleditor
1447;8817959;YaStratospheric;3;0;0;0;0;3;0;0;0;0;0;0;2020-08-18T12:52:52+00:00;2020-10-06T10:30:40+00:00;https://www.openstreetmap.org/user/YaStratospheric
1448;8826090;andry66;3;0;0;2;0;1;0;0;0;0;0;0;2018-10-13T11:14:30+00:00;2020-05-13T14:18:21+00:00;https://www.openstreetmap.org/user/andry66
1449;8826100;Maselli;3;0;0;3;0;0;0;0;0;0;0;0;2018-10-13T10:21:12+00:00;2018-10-20T10:53:10+00:00;https://www.openstreetmap.org/user/Maselli
1450;8826109;fedimichi@school;3;0;0;3;0;0;0;0;0;0;0;0;2018-10-13T11:14:32+00:00;2018-11-10T11:57:05+00:00;https://www.openstreetmap.org/user/fedimichi%40school
1451;8826317;Christian Mennella;3;0;0;3;0;0;0;0;0;0;0;0;2018-10-13T11:14:59+00:00;2018-11-18T10:07:46+00:00;https://www.openstreetmap.org/user/Christian%20Mennella
1452;8837824;Roberto Cannoni;3;0;0;3;0;0;0;0;0;0;0;0;2018-09-19T10:35:39+00:00;2018-09-21T13:56:11+00:00;https://www.openstreetmap.org/user/Roberto%20Cannoni
1453;8853240;Arianna Faroni;3;0;0;3;0;0;0;0;0;0;0;0;2018-10-13T11:14:29+00:00;2018-11-17T11:53:24+00:00;https://www.openstreetmap.org/user/Arianna%20Faroni
1454;8868866;Pier-Giovanni;3;0;0;3;0;0;0;0;0;0;0;0;2018-09-25T10:50:50+00:00;2018-09-25T13:55:33+00:00;https://www.openstreetmap.org/user/Pier-Giovanni
1455;8884912;FeDeRiCo OpEn StReEtT mAp;3;0;0;3;0;0;0;0;0;0;0;0;2018-10-13T11:14:36+00:00;2018-12-01T11:58:04+00:00;https://www.openstreetmap.org/user/FeDeRiCo%20OpEn%20StReEtT%20mAp
1456;8887395;camillasensoli;3;0;0;3;0;0;0;0;0;0;0;0;2018-10-20T10:52:45+00:00;2018-11-10T12:12:59+00:00;https://www.openstreetmap.org/user/camillasensoli
1457;8887399;giulia campagna;3;0;0;3;0;0;0;0;0;0;0;0;2018-10-13T11:14:49+00:00;2018-12-01T12:01:32+00:00;https://www.openstreetmap.org/user/giulia%20campagna
1458;9069318;rg69;3;0;0;3;0;0;0;0;0;0;0;0;2018-11-09T09:08:30+00:00;2018-11-09T09:34:54+00:00;https://www.openstreetmap.org/user/rg69
1459;9641463;branib;3;0;0;0;1;0;2;0;0;0;0;0;2019-12-20T11:00:55+00:00;2021-01-20T05:48:59+00:00;https://www.openstreetmap.org/user/branib
1460;9660568;Cardelli Vinicio;3;0;0;0;3;0;0;0;0;0;0;0;2019-04-24T15:13:59+00:00;2019-04-24T15:21:19+00:00;https://www.openstreetmap.org/user/Cardelli%20Vinicio
1461;9964866;Ross67;3;0;0;0;0;0;0;0;3;0;0;0;2023-06-28T07:57:05+00:00;2023-06-28T08:00:32+00:00;https://www.openstreetmap.org/user/Ross67
1462;9967607;1fabio;3;0;0;0;3;0;0;0;0;0;0;0;2019-05-16T21:46:20+00:00;2019-05-17T09:10:07+00:00;https://www.openstreetmap.org/user/1fabio
1463;10074430;helgela;3;0;0;0;0;0;3;0;0;0;0;0;2021-07-13T14:18:50+00:00;2021-07-17T19:04:00+00:00;https://www.openstreetmap.org/user/helgela
1464;10153698;Francesco Cioria;3;0;0;0;0;0;0;0;0;3;0;0;2024-08-10T19:22:03+00:00;2024-08-11T08:25:22+00:00;https://www.openstreetmap.org/user/Francesco%20Cioria
1465;10200706;Bojan023;3;0;0;0;0;0;0;0;3;0;0;0;2023-07-24T08:39:11+00:00;2023-07-24T08:52:28+00:00;https://www.openstreetmap.org/user/Bojan023
1466;10212167;kupube;3;0;0;0;0;0;0;3;0;0;0;0;2022-07-30T09:53:21+00:00;2022-08-13T07:59:30+00:00;https://www.openstreetmap.org/user/kupube
1467;10233828;NoMore201;3;0;0;0;3;0;0;0;0;0;0;0;2019-08-19T13:52:22+00:00;2019-09-21T12:44:11+00:00;https://www.openstreetmap.org/user/NoMore201
1468;10254990;mariiainfante;3;0;0;0;3;0;0;0;0;0;0;0;2019-12-12T09:54:27+00:00;2019-12-12T13:22:06+00:00;https://www.openstreetmap.org/user/mariiainfante
1469;10258792;xyzt1974;3;0;0;0;2;0;0;0;1;0;0;0;2019-08-28T15:51:45+00:00;2023-05-04T12:55:45+00:00;https://www.openstreetmap.org/user/xyzt1974
1470;10613119;chalkandsun;3;0;0;0;0;0;0;0;0;0;0;3;2026-06-16T18:08:25+00:00;2026-06-18T13:18:07+00:00;https://www.openstreetmap.org/user/chalkandsun
1471;10628946;TheMasss;3;0;0;0;0;3;0;0;0;0;0;0;2020-01-07T11:04:33+00:00;2020-01-07T21:10:47+00:00;https://www.openstreetmap.org/user/TheMasss
1472;10804029;pilgrim_68;3;0;0;0;0;3;0;0;0;0;0;0;2020-02-20T10:06:30+00:00;2020-02-20T12:37:01+00:00;https://www.openstreetmap.org/user/pilgrim_68
1473;10814441;egordobatovkin;3;0;0;0;0;0;0;3;0;0;0;0;2022-12-13T18:19:45+00:00;2022-12-13T19:15:19+00:00;https://www.openstreetmap.org/user/egordobatovkin
1474;10861203;Nicola Pez;3;0;0;0;0;0;0;0;3;0;0;0;2023-05-08T11:27:12+00:00;2023-05-08T11:39:36+00:00;https://www.openstreetmap.org/user/Nicola%20Pez
1475;10893436;Dimitar155;3;0;0;0;0;0;1;1;0;1;0;0;2021-06-15T11:57:15+00:00;2024-01-10T15:38:12+00:00;https://www.openstreetmap.org/user/Dimitar155
1476;10924852;_lucarocchetti_;3;0;0;0;0;3;0;0;0;0;0;0;2020-09-01T10:29:06+00:00;2020-09-01T10:38:20+00:00;https://www.openstreetmap.org/user/_lucarocchetti_
1477;11121607;Eric Merlin;3;0;0;0;0;1;2;0;0;0;0;0;2020-05-03T14:59:50+00:00;2021-09-16T14:55:14+00:00;https://www.openstreetmap.org/user/Eric%20Merlin
1478;11437083;czebureks;3;0;0;0;0;0;0;0;0;0;3;0;2025-07-10T17:56:08+00:00;2025-07-18T16:07:56+00:00;https://www.openstreetmap.org/user/czebureks
1479;11503232;fanca94;3;0;0;0;0;3;0;0;0;0;0;0;2020-11-06T17:29:21+00:00;2020-12-07T21:31:42+00:00;https://www.openstreetmap.org/user/fanca94
1480;11563061;Michał Mitrosz;3;0;0;0;0;0;0;0;3;0;0;0;2023-06-07T07:19:14+00:00;2023-06-07T07:21:33+00:00;https://www.openstreetmap.org/user/Micha%C5%82%20Mitrosz
1481;11645399;davidoskky;3;0;0;0;0;0;0;3;0;0;0;0;2022-02-19T15:36:28+00:00;2022-09-24T18:48:29+00:00;https://www.openstreetmap.org/user/davidoskky
1482;11758604;map per;3;0;0;0;0;0;0;2;0;0;1;0;2022-11-13T08:30:42+00:00;2025-07-14T13:01:48+00:00;https://www.openstreetmap.org/user/map%20per
1483;11776477;hugepanic;3;0;0;0;0;0;0;0;0;3;0;0;2024-03-20T19:25:11+00:00;2024-03-21T08:57:11+00:00;https://www.openstreetmap.org/user/hugepanic
1484;11832442;Marco Colombera;3;0;0;0;0;0;3;0;0;0;0;0;2021-04-14T07:57:46+00:00;2021-04-14T08:09:53+00:00;https://www.openstreetmap.org/user/Marco%20Colombera
1485;12078189;Plrgn;3;0;0;0;0;3;0;0;0;0;0;0;2020-10-29T13:58:42+00:00;2020-10-29T14:18:19+00:00;https://www.openstreetmap.org/user/Plrgn
1486;12218546;user_12218546;3;0;0;0;0;3;0;0;0;0;0;0;2020-11-22T12:58:38+00:00;2020-11-22T13:01:15+00:00;https://www.openstreetmap.org/user/user_12218546
1487;12237194;Shhhhhh18873;3;0;0;0;0;0;3;0;0;0;0;0;2021-11-03T16:08:36+00:00;2021-11-04T09:30:31+00:00;https://www.openstreetmap.org/user/Shhhhhh18873
1488;12256988;molletta;3;0;0;0;0;3;0;0;0;0;0;0;2020-11-29T12:56:47+00:00;2020-11-29T13:04:52+00:00;https://www.openstreetmap.org/user/molletta
1489;12260752;Lula M;3;0;0;0;0;3;0;0;0;0;0;0;2020-11-30T08:35:58+00:00;2020-11-30T08:48:45+00:00;https://www.openstreetmap.org/user/Lula%20M
1490;12350126;LucaDB;3;0;0;0;0;3;0;0;0;0;0;0;2020-12-17T15:42:47+00:00;2020-12-17T15:54:07+00:00;https://www.openstreetmap.org/user/LucaDB
1491;12387555;user_12387555;3;0;0;0;0;0;0;2;1;0;0;0;2022-05-09T23:15:17+00:00;2023-01-25T20:03:59+00:00;https://www.openstreetmap.org/user/user_12387555
1492;12478216;earthlydelight;3;0;0;0;0;0;0;0;0;0;3;0;2025-08-14T12:38:11+00:00;2025-08-14T12:39:39+00:00;https://www.openstreetmap.org/user/earthlydelight
1493;12511136;Sebasawk;3;0;0;0;0;0;0;0;3;0;0;0;2023-07-17T10:26:58+00:00;2023-09-11T11:24:11+00:00;https://www.openstreetmap.org/user/Sebasawk
1494;12841818;StefoXP;3;0;0;0;0;0;3;0;0;0;0;0;2021-03-13T13:32:43+00:00;2021-03-19T17:16:33+00:00;https://www.openstreetmap.org/user/StefoXP
1495;12889133;Emanuele C96;3;0;0;0;0;0;0;0;2;1;0;0;2023-10-15T11:59:20+00:00;2024-06-18T06:45:55+00:00;https://www.openstreetmap.org/user/Emanuele%20C96
1496;13146925;Marcello Papi;3;0;0;0;0;0;0;1;0;2;0;0;2022-02-13T21:39:48+00:00;2024-05-15T10:13:33+00:00;https://www.openstreetmap.org/user/Marcello%20Papi
1497;13178633;Niccolò Tacconi;3;0;0;0;0;0;3;0;0;0;0;0;2021-04-26T09:10:10+00:00;2021-04-26T09:29:03+00:00;https://www.openstreetmap.org/user/Niccol%C3%B2%20Tacconi
1498;13187245;marpac79;3;0;0;0;0;0;1;0;0;2;0;0;2021-04-27T08:58:55+00:00;2024-10-03T07:17:53+00:00;https://www.openstreetmap.org/user/marpac79
1499;13273577;UffaSissi;3;0;0;0;0;0;3;0;0;0;0;0;2021-05-07T15:30:09+00:00;2021-05-25T15:53:03+00:00;https://www.openstreetmap.org/user/UffaSissi
1500;13273880;SaraV95;3;0;0;0;0;0;3;0;0;0;0;0;2021-05-07T16:38:48+00:00;2021-05-14T15:43:49+00:00;https://www.openstreetmap.org/user/SaraV95
1501;13412547;DeltaSfotware;3;0;0;0;0;0;1;2;0;0;0;0;2021-08-31T15:50:21+00:00;2022-05-10T00:21:13+00:00;https://www.openstreetmap.org/user/DeltaSfotware
1502;13855316;maxmaz80;3;0;0;0;0;0;3;0;0;0;0;0;2021-08-01T09:58:00+00:00;2021-08-01T10:24:22+00:00;https://www.openstreetmap.org/user/maxmaz80
1503;13855769;Gregor Sturm;3;0;0;0;0;0;3;0;0;0;0;0;2021-11-04T13:53:30+00:00;2021-11-05T14:44:05+00:00;https://www.openstreetmap.org/user/Gregor%20Sturm
1504;13980575;Cristiano Ascolani;3;0;0;0;0;0;1;0;0;2;0;0;2021-08-24T09:00:18+00:00;2024-08-30T13:54:25+00:00;https://www.openstreetmap.org/user/Cristiano%20Ascolani
1505;14025424;Hill_Risso;3;0;0;0;0;0;0;3;0;0;0;0;2022-06-13T06:42:59+00:00;2022-06-14T04:45:47+00:00;https://www.openstreetmap.org/user/Hill_Risso
1506;14032633;anurasij;3;0;0;0;0;0;0;0;0;3;0;0;2024-06-28T12:01:45+00:00;2024-09-23T06:24:55+00:00;https://www.openstreetmap.org/user/anurasij
1507;14177602;Angelika Langer;3;0;0;0;0;0;0;0;0;3;0;0;2024-06-09T18:01:34+00:00;2024-06-09T18:21:01+00:00;https://www.openstreetmap.org/user/Angelika%20Langer
1508;14237543;Mattman994;3;0;0;0;0;0;3;0;0;0;0;0;2021-10-05T08:31:40+00:00;2021-10-05T08:32:10+00:00;https://www.openstreetmap.org/user/Mattman994
1509;14285376;Lorena Daidone;3;0;0;0;0;0;3;0;0;0;0;0;2021-10-13T14:18:34+00:00;2021-11-19T15:57:52+00:00;https://www.openstreetmap.org/user/Lorena%20Daidone
1510;14377998;Luk3;3;0;0;0;0;0;3;0;0;0;0;0;2021-10-30T12:44:33+00:00;2021-10-30T13:05:26+00:00;https://www.openstreetmap.org/user/Luk3
1511;14381527;faviehma;3;0;0;0;0;0;0;0;3;0;0;0;2023-09-07T18:22:09+00:00;2023-09-07T18:22:30+00:00;https://www.openstreetmap.org/user/faviehma
1512;14471159;FARMACIA PALOMBINA;3;0;0;0;0;0;2;1;0;0;0;0;2021-11-16T14:58:50+00:00;2022-05-02T10:20:41+00:00;https://www.openstreetmap.org/user/FARMACIA%20PALOMBINA
1513;14489756;Gessica Luciani;3;0;0;0;0;0;3;0;0;0;0;0;2021-11-19T18:12:23+00:00;2021-11-21T11:32:08+00:00;https://www.openstreetmap.org/user/Gessica%20Luciani
1514;14782492;Fabbretti Alessio;3;0;0;0;0;0;0;1;2;0;0;0;2022-01-05T10:25:04+00:00;2023-11-18T19:32:00+00:00;https://www.openstreetmap.org/user/Fabbretti%20Alessio
1515;14828866;LBond93;3;0;0;0;0;0;0;3;0;0;0;0;2022-07-06T13:16:00+00:00;2022-08-31T14:48:13+00:00;https://www.openstreetmap.org/user/LBond93
1516;14928266;AS EDF;3;0;0;0;0;0;0;3;0;0;0;0;2022-03-11T09:30:54+00:00;2022-03-15T09:14:46+00:00;https://www.openstreetmap.org/user/AS%20EDF
1517;15204683;Gan_toon;3;0;0;0;0;0;0;2;1;0;0;0;2022-06-13T11:17:31+00:00;2023-01-13T07:16:25+00:00;https://www.openstreetmap.org/user/Gan_toon
1518;15348059;user_15348059;3;0;0;0;0;0;0;3;0;0;0;0;2022-11-14T10:53:59+00:00;2022-11-14T11:32:33+00:00;https://www.openstreetmap.org/user/user_15348059
1519;15458667;Meh_aR;3;0;0;0;0;0;0;3;0;0;0;0;2022-06-09T08:49:56+00:00;2022-06-13T10:43:18+00:00;https://www.openstreetmap.org/user/Meh_aR
1520;15533306;brtll;3;0;0;0;0;0;0;0;3;0;0;0;2023-08-20T14:06:20+00:00;2023-08-20T15:33:52+00:00;https://www.openstreetmap.org/user/brtll
1521;15567969;matteo994;3;0;0;0;0;0;0;0;0;0;3;0;2025-07-14T12:13:59+00:00;2025-09-28T08:47:18+00:00;https://www.openstreetmap.org/user/matteo994
1522;16061279;YellowSoul;3;0;0;0;0;0;0;0;0;2;0;1;2024-06-11T08:35:01+00:00;2026-02-02T12:05:34+00:00;https://www.openstreetmap.org/user/YellowSoul
1523;16121101;Henry572;3;0;0;0;0;0;0;3;0;0;0;0;2022-08-25T10:49:45+00:00;2022-08-25T10:50:51+00:00;https://www.openstreetmap.org/user/Henry572
1524;16143884;alephconzero;3;0;0;0;0;0;0;0;0;0;0;3;2026-01-23T16:02:13+00:00;2026-01-23T16:39:18+00:00;https://www.openstreetmap.org/user/alephconzero
1525;16160130;ClaudioPicchi86;3;0;0;0;0;0;0;0;0;0;1;2;2025-05-09T06:44:22+00:00;2026-03-23T19:50:55+00:00;https://www.openstreetmap.org/user/ClaudioPicchi86
1526;16894869;ElisabettaPrandi;3;0;0;0;0;0;0;3;0;0;0;0;2022-08-21T08:57:40+00:00;2022-08-21T09:52:04+00:00;https://www.openstreetmap.org/user/ElisabettaPrandi
1527;17280666;Lav_SN;3;0;0;0;0;0;0;3;0;0;0;0;2022-11-25T07:14:02+00:00;2022-11-25T07:43:45+00:00;https://www.openstreetmap.org/user/Lav_SN
1528;17290205;Marcus113;3;0;0;0;0;0;0;0;3;0;0;0;2023-05-21T07:41:23+00:00;2023-06-03T13:18:07+00:00;https://www.openstreetmap.org/user/Marcus113
1529;17310220;VLD273;3;0;0;0;0;0;0;0;0;3;0;0;2024-03-26T14:33:12+00:00;2024-03-26T17:39:59+00:00;https://www.openstreetmap.org/user/VLD273
1530;17865869;Maurizio Romeo;3;0;0;0;0;0;0;3;0;0;0;0;2022-12-02T15:09:33+00:00;2022-12-02T15:48:13+00:00;https://www.openstreetmap.org/user/Maurizio%20Romeo
1531;17866044;liza canalini;3;0;0;0;0;0;0;3;0;0;0;0;2022-12-02T15:04:35+00:00;2022-12-02T15:11:09+00:00;https://www.openstreetmap.org/user/liza%20canalini
1532;18172663;Chizevefhlen;3;0;0;0;0;0;0;0;0;0;0;3;2026-04-08T10:23:52+00:00;2026-04-10T11:08:28+00:00;https://www.openstreetmap.org/user/Chizevefhlen
1533;18245565;Norzclock;3;0;0;0;0;0;0;0;0;0;0;3;2026-02-13T21:49:28+00:00;2026-02-14T13:30:30+00:00;https://www.openstreetmap.org/user/Norzclock
1534;18450934;provaaccount001;3;0;0;0;0;0;0;0;3;0;0;0;2023-02-11T18:03:13+00:00;2023-02-11T20:50:06+00:00;https://www.openstreetmap.org/user/provaaccount001
1535;18570335;GiAnMMV;3;0;0;0;0;0;0;0;3;0;0;0;2023-02-28T18:28:29+00:00;2023-02-28T18:40:15+00:00;https://www.openstreetmap.org/user/GiAnMMV
1536;18803341;Massimilianosantini;3;0;0;0;0;0;0;0;3;0;0;0;2023-03-27T14:22:54+00:00;2023-03-27T15:18:29+00:00;https://www.openstreetmap.org/user/Massimilianosantini
1537;19282577;Aleh Aliakseyenka;3;0;0;0;0;0;0;0;2;1;0;0;2023-06-07T12:14:43+00:00;2024-06-21T09:35:52+00:00;https://www.openstreetmap.org/user/Aleh%20Aliakseyenka
1538;19326974;burningbluestar;3;0;0;0;0;0;0;0;3;0;0;0;2023-06-27T06:56:26+00:00;2023-06-27T08:46:18+00:00;https://www.openstreetmap.org/user/burningbluestar
1539;19754042;clay_c@gem;3;0;0;0;0;0;0;0;3;0;0;0;2023-09-06T20:15:29+00:00;2023-09-08T14:02:05+00:00;https://www.openstreetmap.org/user/clay_c%40gem
1540;19759792;pravnagc;3;0;0;0;0;0;0;0;3;0;0;0;2023-08-18T03:05:10+00:00;2023-08-18T04:36:03+00:00;https://www.openstreetmap.org/user/pravnagc
1541;20081625;Bertzbee;3;0;0;0;0;0;0;0;3;0;0;0;2023-08-19T21:28:04+00:00;2023-08-20T17:09:01+00:00;https://www.openstreetmap.org/user/Bertzbee
1542;20265265;idolino;3;0;0;0;0;0;0;0;3;0;0;0;2023-09-16T15:08:13+00:00;2023-09-16T15:15:18+00:00;https://www.openstreetmap.org/user/idolino
1543;20273312;JumpingFox;3;0;0;0;0;0;0;0;0;3;0;0;2024-03-31T01:03:21+00:00;2024-03-31T23:56:34+00:00;https://www.openstreetmap.org/user/JumpingFox
1544;20366470;PinRPG;3;0;0;0;0;0;0;0;0;1;0;2;2024-04-03T17:46:20+00:00;2026-07-24T17:35:12+00:00;https://www.openstreetmap.org/user/PinRPG
1545;20432891;Murrumbidgee;3;0;0;0;0;0;0;0;0;3;0;0;2024-10-18T08:25:51+00:00;2024-10-18T08:42:13+00:00;https://www.openstreetmap.org/user/Murrumbidgee
1546;20443176;morrismorris111;3;0;0;0;0;0;0;0;3;0;0;0;2023-10-10T13:27:02+00:00;2023-10-14T16:00:20+00:00;https://www.openstreetmap.org/user/morrismorris111
1547;20542683;LeoMos10;3;0;0;0;0;0;0;0;1;0;0;2;2023-11-03T20:23:05+00:00;2026-07-20T11:12:30+00:00;https://www.openstreetmap.org/user/LeoMos10
1548;20583432;Nicola Paone;3;0;0;0;0;0;0;0;3;0;0;0;2023-11-12T21:31:38+00:00;2023-11-27T21:07:43+00:00;https://www.openstreetmap.org/user/Nicola%20Paone
1549;20605888;malledis;3;0;0;0;0;0;0;0;0;1;2;0;2024-09-27T10:58:10+00:00;2025-01-17T02:00:06+00:00;https://www.openstreetmap.org/user/malledis
1550;20924743;LucaBlackDragon;3;0;0;0;0;0;0;0;0;3;0;0;2024-01-22T11:50:01+00:00;2024-01-24T12:29:37+00:00;https://www.openstreetmap.org/user/LucaBlackDragon
1551;20993491;Andreapen;3;0;0;0;0;0;0;0;0;3;0;0;2024-06-30T05:33:01+00:00;2024-06-30T05:40:44+00:00;https://www.openstreetmap.org/user/Andreapen
1552;21222137;Mario Bettucci;3;0;0;0;0;0;0;0;0;3;0;0;2024-03-19T21:28:57+00:00;2024-03-19T21:59:26+00:00;https://www.openstreetmap.org/user/Mario%20Bettucci
1553;21243039;squeaker_andrus;3;0;0;0;0;0;0;0;0;0;1;2;2025-07-09T15:28:39+00:00;2026-07-13T11:36:02+00:00;https://www.openstreetmap.org/user/squeaker_andrus
1554;21280948;MenteVagante;3;0;0;0;0;0;0;0;0;2;0;1;2024-04-06T12:21:56+00:00;2026-07-20T06:11:27+00:00;https://www.openstreetmap.org/user/MenteVagante
1555;21293326;EZ_TT;3;0;0;0;0;0;0;0;0;0;3;0;2025-03-13T13:00:38+00:00;2025-03-13T13:11:13+00:00;https://www.openstreetmap.org/user/EZ_TT
1556;21642929;sofikhat;3;0;0;0;0;0;0;0;0;3;0;0;2024-08-28T16:30:50+00:00;2024-09-11T05:41:55+00:00;https://www.openstreetmap.org/user/sofikhat
1557;21838111;Bierlaster;3;0;0;0;0;0;0;0;0;3;0;0;2024-09-11T12:03:24+00:00;2024-09-11T14:00:54+00:00;https://www.openstreetmap.org/user/Bierlaster
1558;21991761;UnusualWorld;3;0;0;0;0;0;0;0;0;0;3;0;2025-03-24T00:32:04+00:00;2025-03-24T00:32:36+00:00;https://www.openstreetmap.org/user/UnusualWorld
1559;22314720;InfinityGb;3;0;0;0;0;0;0;0;0;0;0;3;2026-08-17T08:26:48+00:00;2026-08-17T11:40:32+00:00;https://www.openstreetmap.org/user/InfinityGb
1560;22325839;Timothy Brownlee;3;0;0;0;0;0;0;0;0;3;0;0;2024-12-27T11:24:35+00:00;2024-12-27T11:30:34+00:00;https://www.openstreetmap.org/user/Timothy%20Brownlee
1561;22393151;Domenico1900;3;0;0;0;0;0;0;0;0;0;3;0;2025-02-09T12:40:40+00:00;2025-02-09T12:50:35+00:00;https://www.openstreetmap.org/user/Domenico1900
1562;22397567;Lorenzo Fratesi - MenoPancia;3;0;0;0;0;0;0;0;0;0;2;1;2025-01-18T14:56:14+00:00;2026-09-11T07:08:59+00:00;https://www.openstreetmap.org/user/Lorenzo%20Fratesi%20-%20MenoPancia
1563;22506540;Margadarshi;3;0;0;0;0;0;0;0;0;0;2;1;2025-05-01T19:19:04+00:00;2026-05-05T12:29:28+00:00;https://www.openstreetmap.org/user/Margadarshi
1564;22731125;Ducati102;3;0;0;0;0;0;0;0;0;0;3;0;2025-04-10T13:51:44+00:00;2025-04-10T14:05:15+00:00;https://www.openstreetmap.org/user/Ducati102
1565;22732225;MacMat;3;0;0;0;0;0;0;0;0;0;3;0;2025-04-10T11:21:50+00:00;2025-06-22T15:47:29+00:00;https://www.openstreetmap.org/user/MacMat
1566;22832471;Andypicio;3;0;0;0;0;0;0;0;0;0;3;0;2025-04-25T16:41:30+00:00;2025-04-26T16:34:31+00:00;https://www.openstreetmap.org/user/Andypicio
1567;22943217;AboutVenia;3;0;0;0;0;0;0;0;0;0;3;0;2025-09-24T08:18:06+00:00;2025-09-24T09:00:23+00:00;https://www.openstreetmap.org/user/AboutVenia
1568;23272223;mtb_93;3;0;0;0;0;0;0;0;0;0;0;3;2026-05-26T07:11:53+00:00;2026-08-23T09:10:25+00:00;https://www.openstreetmap.org/user/mtb_93
1569;23305271;FapFlamingo;3;0;0;0;0;0;0;0;0;0;3;0;2025-09-18T10:59:56+00:00;2025-09-19T05:22:27+00:00;https://www.openstreetmap.org/user/FapFlamingo
1570;23389941;lavio995;3;0;0;0;0;0;0;0;0;0;3;0;2025-10-12T20:32:58+00:00;2025-10-12T20:43:16+00:00;https://www.openstreetmap.org/user/lavio995
1571;23396370;Tommizanot;3;0;0;0;0;0;0;0;0;0;0;3;2026-07-28T15:40:09+00:00;2026-08-23T23:14:11+00:00;https://www.openstreetmap.org/user/Tommizanot
1572;23493463;Valentino_Frisoni;3;0;0;0;0;0;0;0;0;0;3;0;2025-11-11T11:58:28+00:00;2025-11-18T10:06:05+00:00;https://www.openstreetmap.org/user/Valentino_Frisoni
1573;23672622;rec1978;3;0;0;0;0;0;0;0;0;0;0;3;2026-09-07T22:08:11+00:00;2026-09-25T18:03:33+00:00;https://www.openstreetmap.org/user/rec1978
1574;23811571;User93095;3;0;0;0;0;0;0;0;0;0;0;3;2026-05-28T18:15:45+00:00;2026-07-03T14:07:43+00:00;https://www.openstreetmap.org/user/User93095
1575;24026911;Chris1904;3;0;0;0;0;0;0;0;0;0;0;3;2026-04-09T09:25:30+00:00;2026-05-21T09:36:19+00:00;https://www.openstreetmap.org/user/Chris1904
1576;24048783;holzius;3;0;0;0;0;0;0;0;0;0;0;3;2026-04-16T10:09:52+00:00;2026-04-22T05:46:01+00:00;https://www.openstreetmap.org/user/holzius
1577;24087087;Flavio 79;3;0;0;0;0;0;0;0;0;0;0;3;2026-04-29T13:33:19+00:00;2026-06-16T15:16:32+00:00;https://www.openstreetmap.org/user/Flavio%2079
1578;24089392;dnohr;3;0;0;0;0;0;0;0;0;0;0;3;2026-08-26T08:36:06+00:00;2026-09-17T12:30:04+00:00;https://www.openstreetmap.org/user/dnohr
1579;516;kammann;2;0;0;2;0;0;0;0;0;0;0;0;2018-01-02T22:18:30+00:00;2018-01-19T21:53:25+00:00;https://www.openstreetmap.org/user/kammann
1580;11985;nikkinikki;2;0;2;0;0;0;0;0;0;0;0;0;2017-01-05T09:27:56+00:00;2017-01-05T09:28:56+00:00;https://www.openstreetmap.org/user/nikkinikki
1581;25204;fukejs;2;0;0;1;0;0;0;0;0;0;1;0;2018-04-11T11:47:50+00:00;2025-01-16T16:58:45+00:00;https://www.openstreetmap.org/user/fukejs
1582;25867;adamos;2;0;0;0;0;0;0;0;0;2;0;0;2024-02-07T09:28:48+00:00;2024-03-12T10:00:42+00:00;https://www.openstreetmap.org/user/adamos
1583;31231;Andre68;2;0;0;0;2;0;0;0;0;0;0;0;2019-06-11T18:58:41+00:00;2019-07-23T20:36:26+00:00;https://www.openstreetmap.org/user/Andre68
1584;35814;bingo;2;0;0;0;0;0;2;0;0;0;0;0;2021-02-18T07:06:54+00:00;2021-02-18T07:07:53+00:00;https://www.openstreetmap.org/user/bingo
1585;38643;ciampix;2;0;0;0;2;0;0;0;0;0;0;0;2019-10-23T19:31:42+00:00;2019-11-11T21:23:29+00:00;https://www.openstreetmap.org/user/ciampix
1586;40341;w_oertl;2;0;0;0;2;0;0;0;0;0;0;0;2019-09-06T14:07:52+00:00;2019-09-06T14:14:54+00:00;https://www.openstreetmap.org/user/w_oertl
1587;40405;georgandreas;2;0;0;0;0;0;0;0;0;2;0;0;2024-03-20T08:43:31+00:00;2024-04-09T12:02:42+00:00;https://www.openstreetmap.org/user/georgandreas
1588;44217;kjon;2;0;0;1;0;0;1;0;0;0;0;0;2018-10-14T10:06:27+00:00;2021-03-27T19:47:40+00:00;https://www.openstreetmap.org/user/kjon
1589;46226;wrtlprnft;2;0;1;0;1;0;0;0;0;0;0;0;2017-06-08T19:31:53+00:00;2019-06-14T19:08:42+00:00;https://www.openstreetmap.org/user/wrtlprnft
1590;47912;neti;2;0;2;0;0;0;0;0;0;0;0;0;2017-01-29T22:46:04+00:00;2017-01-29T22:52:39+00:00;https://www.openstreetmap.org/user/neti
1591;47978;Christoph Lotz;2;0;0;0;0;0;0;0;0;1;0;1;2024-11-17T19:11:31+00:00;2026-04-29T15:53:00+00:00;https://www.openstreetmap.org/user/Christoph%20Lotz
1592;52797;hofoen;2;1;0;0;0;0;0;0;0;1;0;0;2016-07-13T11:57:14+00:00;2024-11-26T14:52:29+00:00;https://www.openstreetmap.org/user/hofoen
1593;69388;newpinco;2;0;0;0;0;0;0;0;0;0;0;2;2026-01-08T08:54:48+00:00;2026-01-09T16:16:49+00:00;https://www.openstreetmap.org/user/newpinco
1594;91490;Heinz_V;2;0;2;0;0;0;0;0;0;0;0;0;2017-04-06T09:19:06+00:00;2017-04-06T09:26:34+00:00;https://www.openstreetmap.org/user/Heinz_V
1595;92248;Findeschorse007;2;0;0;0;2;0;0;0;0;0;0;0;2019-03-19T18:50:30+00:00;2019-03-19T19:19:44+00:00;https://www.openstreetmap.org/user/Findeschorse007
1596;92274;adjuva;2;0;0;0;2;0;0;0;0;0;0;0;2019-03-02T00:16:11+00:00;2019-03-16T04:24:56+00:00;https://www.openstreetmap.org/user/adjuva
1597;114621;towok79;2;2;0;0;0;0;0;0;0;0;0;0;2016-01-14T01:52:40+00:00;2016-01-14T01:53:15+00:00;https://www.openstreetmap.org/user/towok79
1598;115918;user_115918;2;0;0;0;2;0;0;0;0;0;0;0;2019-03-03T17:33:14+00:00;2019-06-24T20:49:03+00:00;https://www.openstreetmap.org/user/user_115918
1599;118185;albertux;2;0;0;0;0;0;0;0;2;0;0;0;2023-07-04T16:10:17+00:00;2023-07-04T16:13:08+00:00;https://www.openstreetmap.org/user/albertux
1600;128186;malcolmh;2;0;2;0;0;0;0;0;0;0;0;0;2017-06-20T11:49:29+00:00;2017-11-28T12:08:03+00:00;https://www.openstreetmap.org/user/malcolmh
1601;134567;amarras;2;2;0;0;0;0;0;0;0;0;0;0;2016-08-25T13:46:33+00:00;2016-08-25T13:59:01+00:00;https://www.openstreetmap.org/user/amarras
1602;148776;aequator;2;0;2;0;0;0;0;0;0;0;0;0;2017-02-16T17:47:36+00:00;2017-02-17T00:29:11+00:00;https://www.openstreetmap.org/user/aequator
1603;156258;PatrickT80;2;0;0;0;0;0;0;0;0;2;0;0;2024-10-12T15:58:04+00:00;2024-10-12T16:14:10+00:00;https://www.openstreetmap.org/user/PatrickT80
1604;192618;pierzale;2;0;0;0;0;0;0;0;2;0;0;0;2023-07-19T14:59:02+00:00;2023-07-19T15:26:47+00:00;https://www.openstreetmap.org/user/pierzale
1605;196556;Awo;2;0;0;0;0;0;0;0;2;0;0;0;2023-05-24T14:31:42+00:00;2023-05-24T15:01:43+00:00;https://www.openstreetmap.org/user/Awo
1606;203156;Olikos;2;0;0;0;0;0;0;1;0;0;1;0;2022-07-20T20:52:34+00:00;2025-01-09T21:01:45+00:00;https://www.openstreetmap.org/user/Olikos
1607;223140;Var;2;0;0;0;0;2;0;0;0;0;0;0;2020-07-30T13:13:59+00:00;2020-08-05T11:16:58+00:00;https://www.openstreetmap.org/user/Var
1608;224440;Syl;2;0;0;0;0;0;2;0;0;0;0;0;2021-01-31T11:02:26+00:00;2021-02-07T15:58:13+00:00;https://www.openstreetmap.org/user/Syl
1609;236059;mikykorovamilkbar;2;2;0;0;0;0;0;0;0;0;0;0;2016-07-31T21:58:36+00:00;2016-08-01T19:21:04+00:00;https://www.openstreetmap.org/user/mikykorovamilkbar
1610;275872;nomeutente;2;2;0;0;0;0;0;0;0;0;0;0;2016-08-25T19:19:16+00:00;2016-08-28T17:11:52+00:00;https://www.openstreetmap.org/user/nomeutente
1611;281269;alisseo;2;0;0;0;0;0;0;0;1;0;1;0;2023-08-15T16:03:55+00:00;2025-11-13T06:03:05+00:00;https://www.openstreetmap.org/user/alisseo
1612;288818;Zeb McKay;2;0;0;2;0;0;0;0;0;0;0;0;2018-01-30T22:46:53+00:00;2018-01-30T22:47:43+00:00;https://www.openstreetmap.org/user/Zeb%20McKay
1613;316424;thomas2403;2;2;0;0;0;0;0;0;0;0;0;0;2016-07-21T16:18:27+00:00;2016-09-09T08:23:35+00:00;https://www.openstreetmap.org/user/thomas2403
1614;338843;TorCguy;2;0;0;0;2;0;0;0;0;0;0;0;2019-04-15T19:47:34+00:00;2019-04-15T19:48:17+00:00;https://www.openstreetmap.org/user/TorCguy
1615;339581;nyuriks;2;0;2;0;0;0;0;0;0;0;0;0;2017-02-05T04:03:45+00:00;2017-02-25T22:30:43+00:00;https://www.openstreetmap.org/user/nyuriks
1616;348648;flo2154;2;0;0;0;0;0;0;0;0;0;0;2;2026-05-22T14:45:05+00:00;2026-05-22T14:47:17+00:00;https://www.openstreetmap.org/user/flo2154
1617;351940;jcn706;2;0;0;0;0;0;0;0;2;0;0;0;2023-10-11T20:38:00+00:00;2023-10-16T20:30:04+00:00;https://www.openstreetmap.org/user/jcn706
1618;356403;Johnny Sierra;2;0;0;2;0;0;0;0;0;0;0;0;2018-12-31T19:46:52+00:00;2018-12-31T20:05:24+00:00;https://www.openstreetmap.org/user/Johnny%20Sierra
1619;370745;grafter;2;0;0;0;0;0;0;0;2;0;0;0;2023-07-21T07:51:19+00:00;2023-07-30T14:26:02+00:00;https://www.openstreetmap.org/user/grafter
1620;388123;dez;2;0;0;0;0;0;2;0;0;0;0;0;2021-11-11T21:09:30+00:00;2021-11-11T21:10:01+00:00;https://www.openstreetmap.org/user/dez
1621;397827;Francesco Angelo Brisa;2;2;0;0;0;0;0;0;0;0;0;0;2016-06-01T15:38:22+00:00;2016-06-28T17:42:25+00:00;https://www.openstreetmap.org/user/Francesco%20Angelo%20Brisa
1622;402624;bdiscoe;2;2;0;0;0;0;0;0;0;0;0;0;2016-08-27T06:07:51+00:00;2016-08-27T06:54:33+00:00;https://www.openstreetmap.org/user/bdiscoe
1623;416514;sundemon;2;0;0;0;0;0;2;0;0;0;0;0;2021-08-05T16:54:01+00:00;2021-08-06T15:26:03+00:00;https://www.openstreetmap.org/user/sundemon
1624;462088;michael63;2;0;0;2;0;0;0;0;0;0;0;0;2018-04-07T08:54:30+00:00;2018-05-25T16:17:40+00:00;https://www.openstreetmap.org/user/michael63
1625;472558;elgon;2;2;0;0;0;0;0;0;0;0;0;0;2016-04-24T19:07:44+00:00;2016-05-30T14:58:55+00:00;https://www.openstreetmap.org/user/elgon
1626;485699;kias;2;2;0;0;0;0;0;0;0;0;0;0;2016-05-16T20:10:14+00:00;2016-05-16T20:12:43+00:00;https://www.openstreetmap.org/user/kias
1627;497537;tuxfuzz;2;0;0;2;0;0;0;0;0;0;0;0;2018-09-04T22:47:31+00:00;2018-09-05T11:12:59+00:00;https://www.openstreetmap.org/user/tuxfuzz
1628;529650;saeba;2;2;0;0;0;0;0;0;0;0;0;0;2016-06-20T09:33:29+00:00;2016-06-23T07:45:42+00:00;https://www.openstreetmap.org/user/saeba
1629;540554;Massimo Trozzo;2;0;0;0;0;1;0;1;0;0;0;0;2020-06-02T20:54:56+00:00;2022-01-30T01:12:57+00:00;https://www.openstreetmap.org/user/Massimo%20Trozzo
1630;565887;pacaldi;2;0;0;1;0;0;0;0;0;1;0;0;2018-05-27T13:47:19+00:00;2024-08-17T16:33:52+00:00;https://www.openstreetmap.org/user/pacaldi
1631;589904;Miroslav Suchý;2;0;0;0;0;0;0;0;2;0;0;0;2023-05-31T18:09:56+00:00;2023-11-22T08:01:52+00:00;https://www.openstreetmap.org/user/Miroslav%20Such%C3%BD
1632;604999;White_Rabbit;2;0;0;0;0;2;0;0;0;0;0;0;2020-11-23T15:47:16+00:00;2020-11-23T15:49:46+00:00;https://www.openstreetmap.org/user/White_Rabbit
1633;623198;hemme;2;0;0;0;0;0;0;0;2;0;0;0;2023-10-22T17:50:26+00:00;2023-10-22T18:40:27+00:00;https://www.openstreetmap.org/user/hemme
1634;626489;Cruccone;2;2;0;0;0;0;0;0;0;0;0;0;2016-09-06T10:31:26+00:00;2016-09-14T09:31:24+00:00;https://www.openstreetmap.org/user/Cruccone
1635;626817;paiano71;2;0;2;0;0;0;0;0;0;0;0;0;2017-04-06T09:04:12+00:00;2017-04-06T09:20:03+00:00;https://www.openstreetmap.org/user/paiano71
1636;641998;Stefano Falappa;2;0;0;0;0;0;0;0;0;2;0;0;2024-05-16T20:34:50+00:00;2024-06-11T20:42:28+00:00;https://www.openstreetmap.org/user/Stefano%20Falappa
1637;644995;Germano Massullo;2;2;0;0;0;0;0;0;0;0;0;0;2016-08-04T15:48:16+00:00;2016-08-04T16:13:10+00:00;https://www.openstreetmap.org/user/Germano%20Massullo
1638;682610;partyfan;2;0;0;0;2;0;0;0;0;0;0;0;2019-06-10T20:26:50+00:00;2019-06-10T20:45:47+00:00;https://www.openstreetmap.org/user/partyfan
1639;703517;Iowa Kid;2;0;0;0;0;0;0;0;2;0;0;0;2023-05-25T15:58:48+00:00;2023-05-26T03:13:12+00:00;https://www.openstreetmap.org/user/Iowa%20Kid
1640;743479;fayor;2;0;1;0;0;1;0;0;0;0;0;0;2017-01-02T15:07:14+00:00;2020-07-01T13:45:32+00:00;https://www.openstreetmap.org/user/fayor
1641;771862;mattecat;2;2;0;0;0;0;0;0;0;0;0;0;2016-09-15T12:37:31+00:00;2016-09-15T12:52:25+00:00;https://www.openstreetmap.org/user/mattecat
1642;801916;ANKONBIKE TOUR ANCONA;2;0;0;0;0;0;1;0;1;0;0;0;2021-05-19T11:41:53+00:00;2023-04-11T19:35:49+00:00;https://www.openstreetmap.org/user/ANKONBIKE%20TOUR%20ANCONA
1643;817066;Denisov21;2;0;0;2;0;0;0;0;0;0;0;0;2018-09-03T11:37:07+00:00;2018-09-06T17:59:47+00:00;https://www.openstreetmap.org/user/Denisov21
1644;844436;ciropom;2;0;0;0;0;2;0;0;0;0;0;0;2020-09-08T21:13:23+00:00;2020-09-09T12:22:20+00:00;https://www.openstreetmap.org/user/ciropom
1645;1060438;ffierm;2;0;0;0;0;0;0;2;0;0;0;0;2022-09-20T08:41:31+00:00;2022-09-20T08:46:57+00:00;https://www.openstreetmap.org/user/ffierm
1646;1186340;Paschberg;2;2;0;0;0;0;0;0;0;0;0;0;2016-09-30T17:28:26+00:00;2016-09-30T17:35:31+00:00;https://www.openstreetmap.org/user/Paschberg
1647;1204984;north79;2;0;0;0;0;0;0;0;0;0;2;0;2025-02-08T06:53:12+00:00;2025-02-08T06:58:02+00:00;https://www.openstreetmap.org/user/north79
1648;1228342;CDaniela;2;2;0;0;0;0;0;0;0;0;0;0;2016-08-25T22:24:53+00:00;2016-08-25T22:53:19+00:00;https://www.openstreetmap.org/user/CDaniela
1649;1443767;Olyon;2;0;1;0;0;0;1;0;0;0;0;0;2017-07-17T03:40:38+00:00;2021-03-03T01:13:24+00:00;https://www.openstreetmap.org/user/Olyon
1650;1467637;SimonTheGolds;2;0;0;0;0;0;0;0;0;0;0;2;2026-08-28T15:50:37+00:00;2026-09-03T17:10:17+00:00;https://www.openstreetmap.org/user/SimonTheGolds
1651;1732100;Road–Runner;2;0;0;0;2;0;0;0;0;0;0;0;2019-05-02T18:42:07+00:00;2019-05-02T18:42:13+00:00;https://www.openstreetmap.org/user/Road%E2%80%93Runner
1652;1781586;fick89;2;0;0;0;0;0;2;0;0;0;0;0;2021-08-18T18:58:14+00:00;2021-08-18T19:07:01+00:00;https://www.openstreetmap.org/user/fick89
1653;1817130;GeoSebbo;2;2;0;0;0;0;0;0;0;0;0;0;2016-08-25T09:55:45+00:00;2016-08-26T08:19:04+00:00;https://www.openstreetmap.org/user/GeoSebbo
1654;1824494;EdSS;2;0;2;0;0;0;0;0;0;0;0;0;2017-06-20T20:02:45+00:00;2017-07-02T17:10:55+00:00;https://www.openstreetmap.org/user/EdSS
1655;1870749;gebux;2;0;0;0;1;1;0;0;0;0;0;0;2019-03-12T12:38:50+00:00;2020-09-01T11:37:55+00:00;https://www.openstreetmap.org/user/gebux
1656;1932792;Davide_sd;2;0;0;2;0;0;0;0;0;0;0;0;2018-12-17T16:46:28+00:00;2018-12-17T16:53:24+00:00;https://www.openstreetmap.org/user/Davide_sd
1657;1976047;cartomatto;2;0;0;1;0;0;1;0;0;0;0;0;2018-07-24T14:14:40+00:00;2021-08-27T07:37:07+00:00;https://www.openstreetmap.org/user/cartomatto
1658;2009312;Privits;2;0;0;0;0;0;2;0;0;0;0;0;2021-08-08T16:25:02+00:00;2021-08-08T16:27:48+00:00;https://www.openstreetmap.org/user/Privits
1659;2025491;pt_map;2;0;0;0;0;0;2;0;0;0;0;0;2021-09-21T18:24:22+00:00;2021-09-21T18:31:08+00:00;https://www.openstreetmap.org/user/pt_map
1660;2029680;enricamp;2;0;0;0;0;0;0;0;0;0;2;0;2025-03-20T09:29:57+00:00;2025-03-20T13:22:43+00:00;https://www.openstreetmap.org/user/enricamp
1661;2045767;kujaz2;2;0;0;0;0;2;0;0;0;0;0;0;2020-10-21T13:17:42+00:00;2020-10-21T14:06:44+00:00;https://www.openstreetmap.org/user/kujaz2
1662;2092310;pippoapg;2;0;0;2;0;0;0;0;0;0;0;0;2018-07-21T19:14:31+00:00;2018-07-21T19:22:15+00:00;https://www.openstreetmap.org/user/pippoapg
1663;2106165;sirmmo;2;2;0;0;0;0;0;0;0;0;0;0;2016-03-30T17:04:38+00:00;2016-03-30T17:13:57+00:00;https://www.openstreetmap.org/user/sirmmo
1664;2109841;Macumba Macaca;2;0;0;0;0;0;0;2;0;0;0;0;2022-07-15T16:54:02+00:00;2022-08-17T19:29:55+00:00;https://www.openstreetmap.org/user/Macumba%20Macaca
1665;2161129;Martino1982nov;2;0;0;0;2;0;0;0;0;0;0;0;2019-09-09T11:52:30+00:00;2019-09-09T11:59:59+00:00;https://www.openstreetmap.org/user/Martino1982nov
1666;2261380;rgpnfvg;2;0;0;0;0;0;2;0;0;0;0;0;2021-01-08T16:38:09+00:00;2021-01-09T15:46:41+00:00;https://www.openstreetmap.org/user/rgpnfvg
1667;2275481;folco;2;2;0;0;0;0;0;0;0;0;0;0;2016-01-06T10:49:43+00:00;2016-01-08T19:08:27+00:00;https://www.openstreetmap.org/user/folco
1668;2336003;Fillipil;2;0;0;1;0;0;0;1;0;0;0;0;2018-09-04T09:00:39+00:00;2022-12-22T17:26:08+00:00;https://www.openstreetmap.org/user/Fillipil
1669;2473351;Artlander77;2;0;0;1;0;0;0;0;0;0;1;0;2018-02-01T10:47:58+00:00;2025-11-01T10:13:54+00:00;https://www.openstreetmap.org/user/Artlander77
1670;2681220;FolRegv;2;1;0;0;0;0;0;0;0;1;0;0;2016-09-11T16:57:21+00:00;2024-12-30T13:03:51+00:00;https://www.openstreetmap.org/user/FolRegv
1671;2684847;doc2rep;2;0;0;0;0;0;0;0;0;0;0;2;2026-07-23T13:00:32+00:00;2026-07-23T13:10:03+00:00;https://www.openstreetmap.org/user/doc2rep
1672;2770400;Luca Bartoloni;2;2;0;0;0;0;0;0;0;0;0;0;2016-02-05T15:04:53+00:00;2016-03-22T08:04:47+00:00;https://www.openstreetmap.org/user/Luca%20Bartoloni
1673;2801665;Luca Cicconi;2;0;0;0;0;0;0;0;0;0;0;2;2026-07-15T15:29:53+00:00;2026-07-15T15:43:07+00:00;https://www.openstreetmap.org/user/Luca%20Cicconi
1674;2833588;TeoG;2;2;0;0;0;0;0;0;0;0;0;0;2016-08-05T23:40:33+00:00;2016-08-27T08:13:48+00:00;https://www.openstreetmap.org/user/TeoG
1675;2842498;Igorzo;2;0;0;0;0;0;0;0;0;0;2;0;2025-01-12T12:33:23+00:00;2025-01-12T12:35:12+00:00;https://www.openstreetmap.org/user/Igorzo
1676;2915331;Lupo1983;2;0;2;0;0;0;0;0;0;0;0;0;2017-05-17T14:45:13+00:00;2017-05-17T14:46:40+00:00;https://www.openstreetmap.org/user/Lupo1983
1677;2916541;NazzaF;2;0;0;1;0;0;0;0;0;0;1;0;2018-10-04T10:39:53+00:00;2025-10-29T10:51:44+00:00;https://www.openstreetmap.org/user/NazzaF
1678;3102978;esterichia;2;1;1;0;0;0;0;0;0;0;0;0;2016-10-26T05:52:25+00:00;2017-02-03T10:41:33+00:00;https://www.openstreetmap.org/user/esterichia
1679;3260722;costacox;2;0;0;0;0;0;2;0;0;0;0;0;2021-05-25T15:37:28+00:00;2021-05-26T08:57:33+00:00;https://www.openstreetmap.org/user/costacox
1680;3301825;Grauer Elefant;2;0;0;0;0;0;0;2;0;0;0;0;2022-12-22T11:08:49+00:00;2022-12-25T10:49:35+00:00;https://www.openstreetmap.org/user/Grauer%20Elefant
1681;3362389;samguer;2;0;0;2;0;0;0;0;0;0;0;0;2018-12-25T00:18:22+00:00;2018-12-25T00:24:20+00:00;https://www.openstreetmap.org/user/samguer
1682;3399161;Francesco Rotondi;2;2;0;0;0;0;0;0;0;0;0;0;2016-08-24T16:33:12+00:00;2016-08-25T12:00:31+00:00;https://www.openstreetmap.org/user/Francesco%20Rotondi
1683;3430332;minamo;2;0;0;0;0;0;0;0;0;0;0;2;2026-05-05T17:15:25+00:00;2026-05-06T04:06:21+00:00;https://www.openstreetmap.org/user/minamo
1684;3444962;Igor Tornati;2;2;0;0;0;0;0;0;0;0;0;0;2016-07-20T13:09:05+00:00;2016-07-20T13:24:08+00:00;https://www.openstreetmap.org/user/Igor%20Tornati
1685;3501297;Lacicala;2;2;0;0;0;0;0;0;0;0;0;0;2016-05-25T11:36:39+00:00;2016-05-25T11:43:44+00:00;https://www.openstreetmap.org/user/Lacicala
1686;3638930;Margherita Bruscolini;2;2;0;0;0;0;0;0;0;0;0;0;2016-02-18T16:37:46+00:00;2016-04-28T09:55:09+00:00;https://www.openstreetmap.org/user/Margherita%20Bruscolini
1687;3653077;Carlettoo;2;0;0;0;0;0;2;0;0;0;0;0;2021-08-23T11:49:41+00:00;2021-08-23T11:51:49+00:00;https://www.openstreetmap.org/user/Carlettoo
1688;3805755;beatbaechli;2;0;0;2;0;0;0;0;0;0;0;0;2018-07-27T16:05:14+00:00;2018-07-31T13:19:17+00:00;https://www.openstreetmap.org/user/beatbaechli
1689;3844164;gdv1972;2;0;1;0;1;0;0;0;0;0;0;0;2017-08-19T12:14:23+00:00;2019-01-05T20:33:09+00:00;https://www.openstreetmap.org/user/gdv1972
1690;3914050;Fedor Filimonov;2;0;0;0;0;0;0;0;0;2;0;0;2024-06-05T18:00:47+00:00;2024-06-05T18:01:14+00:00;https://www.openstreetmap.org/user/Fedor%20Filimonov
1691;3960801;Rinaldo Petracca;2;0;0;0;0;0;0;0;2;0;0;0;2023-03-26T16:57:21+00:00;2023-03-26T17:33:48+00:00;https://www.openstreetmap.org/user/Rinaldo%20Petracca
1692;3970216;Railwayfan2005;2;0;0;0;0;2;0;0;0;0;0;0;2020-04-24T16:43:07+00:00;2020-04-29T16:29:27+00:00;https://www.openstreetmap.org/user/Railwayfan2005
1693;4012933;Speleo Dori;2;0;2;0;0;0;0;0;0;0;0;0;2017-06-03T20:17:09+00:00;2017-10-29T11:42:04+00:00;https://www.openstreetmap.org/user/Speleo%20Dori
1694;4067009;KaiPankrath;2;0;0;0;0;0;0;1;1;0;0;0;2022-03-10T16:59:47+00:00;2023-02-18T13:19:14+00:00;https://www.openstreetmap.org/user/KaiPankrath
1695;4118325;hz60;2;0;2;0;0;0;0;0;0;0;0;0;2017-05-07T18:30:23+00:00;2017-05-08T09:17:56+00:00;https://www.openstreetmap.org/user/hz60
1696;4145077;Chiaravalle;2;2;0;0;0;0;0;0;0;0;0;0;2016-06-20T09:22:55+00:00;2016-06-20T09:56:51+00:00;https://www.openstreetmap.org/user/Chiaravalle
1697;4148813;Fa7C0N;2;2;0;0;0;0;0;0;0;0;0;0;2016-12-28T05:36:34+00:00;2016-12-28T05:51:40+00:00;https://www.openstreetmap.org/user/Fa7C0N
1698;4192908;Lord Yoruno;2;0;0;0;0;0;0;0;0;0;0;2;2026-07-07T08:53:02+00:00;2026-07-07T08:57:55+00:00;https://www.openstreetmap.org/user/Lord%20Yoruno
1699;4212549;Biondini-Lucarini;2;2;0;0;0;0;0;0;0;0;0;0;2016-07-05T05:39:24+00:00;2016-07-05T05:44:15+00:00;https://www.openstreetmap.org/user/Biondini-Lucarini
1700;4350810;Marco Colaneri;2;0;0;0;0;0;0;0;2;0;0;0;2023-07-22T21:24:40+00:00;2023-07-22T21:46:51+00:00;https://www.openstreetmap.org/user/Marco%20Colaneri
1701;4376137;magilla;2;2;0;0;0;0;0;0;0;0;0;0;2016-08-07T17:36:04+00:00;2016-08-07T18:06:38+00:00;https://www.openstreetmap.org/user/magilla
1702;4391639;Rubens Hushi;2;2;0;0;0;0;0;0;0;0;0;0;2016-08-09T09:01:20+00:00;2016-08-09T09:04:12+00:00;https://www.openstreetmap.org/user/Rubens%20Hushi
1703;4415337;Clara Bassetti;2;0;0;0;2;0;0;0;0;0;0;0;2019-06-16T17:06:50+00:00;2019-06-16T18:20:29+00:00;https://www.openstreetmap.org/user/Clara%20Bassetti
1704;4419528;Francesca Preti;2;2;0;0;0;0;0;0;0;0;0;0;2016-08-14T12:50:22+00:00;2016-08-14T14:38:13+00:00;https://www.openstreetmap.org/user/Francesca%20Preti
1705;4475384;Matteo Scamporrino;2;2;0;0;0;0;0;0;0;0;0;0;2016-08-25T17:24:46+00:00;2016-08-25T17:46:12+00:00;https://www.openstreetmap.org/user/Matteo%20Scamporrino
1706;4479746;Daniele Guidi;2;2;0;0;0;0;0;0;0;0;0;0;2016-08-26T13:05:36+00:00;2016-08-26T14:03:49+00:00;https://www.openstreetmap.org/user/Daniele%20Guidi
1707;4506821;Federico Vittori;2;2;0;0;0;0;0;0;0;0;0;0;2016-08-31T10:40:37+00:00;2016-08-31T10:51:51+00:00;https://www.openstreetmap.org/user/Federico%20Vittori
1708;4557956;Franco Cappelletti;2;2;0;0;0;0;0;0;0;0;0;0;2016-09-10T20:25:52+00:00;2016-09-11T13:14:59+00:00;https://www.openstreetmap.org/user/Franco%20Cappelletti
1709;4560364;dschilt;2;2;0;0;0;0;0;0;0;0;0;0;2016-09-17T08:56:51+00:00;2016-09-17T09:25:19+00:00;https://www.openstreetmap.org/user/dschilt
1710;4737060;Tiziano Bartolucci;2;2;0;0;0;0;0;0;0;0;0;0;2016-10-17T11:47:37+00:00;2016-10-19T19:12:09+00:00;https://www.openstreetmap.org/user/Tiziano%20Bartolucci
1711;4752482;Cesco91;2;0;0;0;0;2;0;0;0;0;0;0;2020-12-03T07:22:33+00:00;2020-12-03T07:28:51+00:00;https://www.openstreetmap.org/user/Cesco91
1712;4802719;vrnzr;2;2;0;0;0;0;0;0;0;0;0;0;2016-11-01T17:57:43+00:00;2016-11-01T18:25:38+00:00;https://www.openstreetmap.org/user/vrnzr
1713;4804397;SteBernd;2;0;0;0;0;0;0;0;1;1;0;0;2023-06-17T23:59:02+00:00;2024-06-22T23:53:21+00:00;https://www.openstreetmap.org/user/SteBernd
1714;4834617;Carlo Vetri Buratti;2;2;0;0;0;0;0;0;0;0;0;0;2016-11-10T20:46:13+00:00;2016-11-10T21:02:50+00:00;https://www.openstreetmap.org/user/Carlo%20Vetri%20Buratti
1715;4847896;KR-KRKR-KR;2;0;2;0;0;0;0;0;0;0;0;0;2017-05-12T04:04:17+00:00;2017-06-17T05:57:50+00:00;https://www.openstreetmap.org/user/KR-KRKR-KR
1716;4877908;fagugli1994;2;2;0;0;0;0;0;0;0;0;0;0;2016-11-24T15:32:29+00:00;2016-11-24T15:34:05+00:00;https://www.openstreetmap.org/user/fagugli1994
1717;4978830;Alessandro Michetti;2;2;0;0;0;0;0;0;0;0;0;0;2016-12-16T17:03:52+00:00;2016-12-16T17:05:57+00:00;https://www.openstreetmap.org/user/Alessandro%20Michetti
1718;4986108;Enr-;2;0;2;0;0;0;0;0;0;0;0;0;2017-02-25T12:10:32+00:00;2017-02-27T14:51:51+00:00;https://www.openstreetmap.org/user/Enr-
1719;5102769;Артём Че;2;0;0;2;0;0;0;0;0;0;0;0;2018-06-15T07:09:20+00:00;2018-06-18T10:56:20+00:00;https://www.openstreetmap.org/user/%D0%90%D1%80%D1%82%D1%91%D0%BC%20%D0%A7%D0%B5
1720;5418030;labattblueboy;2;0;0;0;2;0;0;0;0;0;0;0;2019-09-29T16:20:01+00:00;2019-09-29T22:29:53+00:00;https://www.openstreetmap.org/user/labattblueboy
1721;5563252;GioSar;2;0;0;0;0;0;0;0;2;0;0;0;2023-02-12T02:52:08+00:00;2023-02-12T02:54:08+00:00;https://www.openstreetmap.org/user/GioSar
1722;5601387;Blitter;2;0;2;0;0;0;0;0;0;0;0;0;2017-04-06T19:47:02+00:00;2017-04-06T19:47:11+00:00;https://www.openstreetmap.org/user/Blitter
1723;5643333;anzelmo;2;0;0;0;0;0;0;0;0;2;0;0;2024-05-13T20:07:00+00:00;2024-05-18T07:17:01+00:00;https://www.openstreetmap.org/user/anzelmo
1724;5733156;Alberto Omiccioli;2;0;0;0;2;0;0;0;0;0;0;0;2019-10-13T07:39:11+00:00;2019-10-13T07:42:47+00:00;https://www.openstreetmap.org/user/Alberto%20Omiccioli
1725;5800005;b-jazz;2;0;0;0;0;0;0;0;0;2;0;0;2024-11-15T00:58:51+00:00;2024-11-15T00:59:14+00:00;https://www.openstreetmap.org/user/b-jazz
1726;5950852;sintierra2;2;0;2;0;0;0;0;0;0;0;0;0;2017-05-16T19:13:22+00:00;2017-05-16T19:24:37+00:00;https://www.openstreetmap.org/user/sintierra2
1727;6176231;tacra98;2;0;0;0;0;0;2;0;0;0;0;0;2021-09-04T11:01:16+00:00;2021-09-04T11:04:31+00:00;https://www.openstreetmap.org/user/tacra98
1728;6250078;touristas;2;0;2;0;0;0;0;0;0;0;0;0;2017-07-01T20:33:59+00:00;2017-07-01T20:34:57+00:00;https://www.openstreetmap.org/user/touristas
1729;6360120;мужик;2;0;2;0;0;0;0;0;0;0;0;0;2017-07-22T20:18:38+00:00;2017-07-23T17:13:38+00:00;https://www.openstreetmap.org/user/%D0%BC%D1%83%D0%B6%D0%B8%D0%BA
1730;6372497;Juri Corradi;2;0;0;2;0;0;0;0;0;0;0;0;2018-02-19T16:28:20+00:00;2018-07-31T10:40:57+00:00;https://www.openstreetmap.org/user/Juri%20Corradi
1731;6494147;Dnaiel;2;0;0;2;0;0;0;0;0;0;0;0;2018-09-03T09:27:06+00:00;2018-09-03T09:28:40+00:00;https://www.openstreetmap.org/user/Dnaiel
1732;6515399;niba123;2;0;2;0;0;0;0;0;0;0;0;0;2017-08-20T21:01:48+00:00;2017-08-20T21:03:00+00:00;https://www.openstreetmap.org/user/niba123
1733;6645382;canfe;2;0;0;0;0;0;0;0;0;0;0;2;2026-06-17T11:49:30+00:00;2026-06-17T11:50:16+00:00;https://www.openstreetmap.org/user/canfe
1734;6654756;simon_geovelo;2;0;0;0;0;0;0;0;0;0;0;2;2026-05-22T14:08:59+00:00;2026-05-22T14:09:59+00:00;https://www.openstreetmap.org/user/simon_geovelo
1735;6740877;MatteoCircella;2;0;0;2;0;0;0;0;0;0;0;0;2018-07-06T10:35:09+00:00;2018-07-20T09:09:13+00:00;https://www.openstreetmap.org/user/MatteoCircella
1736;6816132;CjMalone;2;0;0;0;0;0;0;0;0;2;0;0;2024-01-23T14:58:18+00:00;2024-05-01T11:21:00+00:00;https://www.openstreetmap.org/user/CjMalone
1737;6984060;Giggio73;2;0;0;0;1;1;0;0;0;0;0;0;2019-12-01T22:12:15+00:00;2020-01-13T21:26:36+00:00;https://www.openstreetmap.org/user/Giggio73
1738;7146703;Deca94;2;0;2;0;0;0;0;0;0;0;0;0;2017-12-04T12:05:51+00:00;2017-12-18T13:24:02+00:00;https://www.openstreetmap.org/user/Deca94
1739;7291618;Michael Casoli;2;0;2;0;0;0;0;0;0;0;0;0;2017-12-19T18:06:48+00:00;2017-12-19T18:20:02+00:00;https://www.openstreetmap.org/user/Michael%20Casoli
1740;7350610;Dartfagnans;2;0;2;0;0;0;0;0;0;0;0;0;2017-12-28T09:01:29+00:00;2017-12-28T09:02:59+00:00;https://www.openstreetmap.org/user/Dartfagnans
1741;7449927;Pupo69;2;0;0;2;0;0;0;0;0;0;0;0;2018-02-05T19:15:05+00:00;2018-02-05T19:18:14+00:00;https://www.openstreetmap.org/user/Pupo69
1742;7495444;gismountains;2;0;0;0;0;0;0;0;1;1;0;0;2023-01-21T15:53:35+00:00;2024-10-18T21:11:55+00:00;https://www.openstreetmap.org/user/gismountains
1743;7698805;Lorenzo Mugellini;2;0;0;2;0;0;0;0;0;0;0;0;2018-03-03T18:38:17+00:00;2018-03-29T11:37:26+00:00;https://www.openstreetmap.org/user/Lorenzo%20Mugellini
1744;7720578;heidiandme;2;0;0;2;0;0;0;0;0;0;0;0;2018-03-07T09:38:26+00:00;2018-03-07T09:45:42+00:00;https://www.openstreetmap.org/user/heidiandme
1745;7837403;pmarini;2;0;0;0;0;0;0;2;0;0;0;0;2022-08-06T14:16:13+00:00;2022-08-13T19:25:36+00:00;https://www.openstreetmap.org/user/pmarini
1746;8178087;paoletto8;2;0;0;0;1;0;1;0;0;0;0;0;2019-12-19T17:54:37+00:00;2021-02-24T18:43:47+00:00;https://www.openstreetmap.org/user/paoletto8
1747;8221397;fvagnoni;2;0;0;0;0;0;0;0;0;2;0;0;2024-02-29T15:52:25+00:00;2024-02-29T15:57:19+00:00;https://www.openstreetmap.org/user/fvagnoni
1748;8244744;Mapper69151;2;0;0;2;0;0;0;0;0;0;0;0;2018-07-19T15:24:43+00:00;2018-07-20T07:40:13+00:00;https://www.openstreetmap.org/user/Mapper69151
1749;8257857;Boza22;2;0;0;0;0;0;0;0;0;0;2;0;2025-04-16T10:26:55+00:00;2025-04-23T16:01:43+00:00;https://www.openstreetmap.org/user/Boza22
1750;8293141;Polverigi;2;0;0;2;0;0;0;0;0;0;0;0;2018-05-18T13:10:29+00:00;2018-05-18T16:07:28+00:00;https://www.openstreetmap.org/user/Polverigi
1751;8460768;kl15;2;0;0;0;0;0;0;0;0;0;0;2;2026-07-09T14:28:59+00:00;2026-07-09T14:34:52+00:00;https://www.openstreetmap.org/user/kl15
1752;8502366;Principal Jim Dale;2;0;0;0;1;1;0;0;0;0;0;0;2019-07-10T11:48:12+00:00;2020-12-28T17:04:46+00:00;https://www.openstreetmap.org/user/Principal%20Jim%20Dale
1753;8536374;Cesare Maragnano;2;0;0;0;0;0;0;0;0;0;1;1;2025-12-19T10:36:32+00:00;2026-02-26T21:48:28+00:00;https://www.openstreetmap.org/user/Cesare%20Maragnano
1754;8650733;korolenok;2;0;0;0;2;0;0;0;0;0;0;0;2019-03-05T12:06:24+00:00;2019-03-22T07:20:49+00:00;https://www.openstreetmap.org/user/korolenok
1755;8683376;soumybha;2;0;0;0;0;0;2;0;0;0;0;0;2021-04-20T10:30:38+00:00;2021-04-21T06:27:55+00:00;https://www.openstreetmap.org/user/soumybha
1756;8705131;Filippo Giantomassi;2;0;0;1;0;1;0;0;0;0;0;0;2018-08-18T14:56:47+00:00;2020-03-14T12:12:50+00:00;https://www.openstreetmap.org/user/Filippo%20Giantomassi
1757;8758904;Spaghetti Monster🍝;2;0;0;0;0;0;0;0;0;0;2;0;2025-06-04T22:43:39+00:00;2025-06-04T22:44:06+00:00;https://www.openstreetmap.org/user/Spaghetti%20Monster%F0%9F%8D%9D
1758;8776043;Giacomo Sanchietti;2;0;0;2;0;0;0;0;0;0;0;0;2018-09-04T08:56:02+00:00;2018-09-04T08:57:09+00:00;https://www.openstreetmap.org/user/Giacomo%20Sanchietti
1759;8826093;asiasandronii;2;0;0;2;0;0;0;0;0;0;0;0;2018-10-06T10:46:21+00:00;2018-10-13T11:14:17+00:00;https://www.openstreetmap.org/user/asiasandronii
1760;8855180;AndréasT;2;0;0;1;1;0;0;0;0;0;0;0;2018-09-21T23:06:53+00:00;2019-05-29T21:57:34+00:00;https://www.openstreetmap.org/user/Andr%C3%A9asT
1761;8857144;Lugho;2;0;0;2;0;0;0;0;0;0;0;0;2018-10-13T11:14:59+00:00;2018-11-17T11:43:42+00:00;https://www.openstreetmap.org/user/Lugho
1762;8884283;rittoch;2;0;0;0;1;0;1;0;0;0;0;0;2019-03-19T10:17:08+00:00;2021-12-09T13:38:53+00:00;https://www.openstreetmap.org/user/rittoch
1763;8887424;LucioMenini;2;0;0;2;0;0;0;0;0;0;0;0;2018-10-13T11:14:18+00:00;2018-12-01T12:01:09+00:00;https://www.openstreetmap.org/user/LucioMenini
1764;8887463;giuls05;2;0;0;2;0;0;0;0;0;0;0;0;2018-10-13T11:14:56+00:00;2018-11-17T11:53:49+00:00;https://www.openstreetmap.org/user/giuls05
1765;8929104;Pulejo;2;0;0;2;0;0;0;0;0;0;0;0;2018-10-10T17:26:06+00:00;2018-10-10T17:26:46+00:00;https://www.openstreetmap.org/user/Pulejo
1766;8967083;Lexxz;2;0;0;0;0;0;2;0;0;0;0;0;2021-10-16T16:49:59+00:00;2021-10-17T14:19:17+00:00;https://www.openstreetmap.org/user/Lexxz
1767;9019904;lallo1995;2;0;0;0;0;0;0;0;2;0;0;0;2023-06-21T16:23:48+00:00;2023-06-23T13:01:01+00:00;https://www.openstreetmap.org/user/lallo1995
1768;9045419;Alberto-V;2;0;0;0;0;0;0;0;0;0;2;0;2025-09-05T19:22:49+00:00;2025-09-06T09:08:20+00:00;https://www.openstreetmap.org/user/Alberto-V
1769;9099792;AlfredoRossi;2;0;0;2;0;0;0;0;0;0;0;0;2018-11-20T16:07:27+00:00;2018-11-26T16:36:57+00:00;https://www.openstreetmap.org/user/AlfredoRossi
1770;9103777;Andrea2005;2;0;0;0;2;0;0;0;0;0;0;0;2019-01-15T23:25:15+00:00;2019-01-15T23:30:41+00:00;https://www.openstreetmap.org/user/Andrea2005
1771;9333234;Vasil Truja;2;0;0;0;2;0;0;0;0;0;0;0;2019-01-06T12:08:24+00:00;2019-01-06T12:17:18+00:00;https://www.openstreetmap.org/user/Vasil%20Truja
1772;9436824;rumbrummer;2;0;0;0;0;0;0;0;0;0;2;0;2025-04-23T05:38:24+00:00;2025-04-23T07:21:37+00:00;https://www.openstreetmap.org/user/rumbrummer
1773;9605640;nopra;2;0;0;0;0;0;0;0;0;0;0;2;2026-07-13T06:34:00+00:00;2026-07-16T10:34:17+00:00;https://www.openstreetmap.org/user/nopra
1774;9632668;InnaSumskaya;2;0;0;0;0;0;1;0;0;0;0;1;2021-04-07T07:55:36+00:00;2026-03-27T11:23:54+00:00;https://www.openstreetmap.org/user/InnaSumskaya
1775;9917273;Meteoro_66;2;0;0;0;2;0;0;0;0;0;0;0;2019-05-09T16:49:20+00:00;2019-05-09T16:56:24+00:00;https://www.openstreetmap.org/user/Meteoro_66
1776;9965499;Benthompson1985;2;0;0;0;2;0;0;0;0;0;0;0;2019-05-16T10:28:20+00:00;2019-05-16T10:29:41+00:00;https://www.openstreetmap.org/user/Benthompson1985
1777;10049611;Il_foglia;2;0;0;0;0;2;0;0;0;0;0;0;2020-04-28T08:31:02+00:00;2020-04-28T08:42:03+00:00;https://www.openstreetmap.org/user/Il_foglia
1778;10068954;Skariko;2;0;0;0;2;0;0;0;0;0;0;0;2019-08-12T11:32:43+00:00;2019-08-12T11:35:51+00:00;https://www.openstreetmap.org/user/Skariko
1779;10074887;gippiesse;2;0;0;0;0;0;0;0;0;2;0;0;2024-03-01T09:57:09+00:00;2024-03-11T23:19:52+00:00;https://www.openstreetmap.org/user/gippiesse
1780;10112965;Jeremy Riva;2;0;0;0;1;0;0;1;0;0;0;0;2019-07-09T09:43:53+00:00;2022-12-30T14:44:32+00:00;https://www.openstreetmap.org/user/Jeremy%20Riva
1781;10158257;ShinesBraco;2;0;0;0;2;0;0;0;0;0;0;0;2019-07-23T10:41:17+00:00;2019-07-23T10:44:29+00:00;https://www.openstreetmap.org/user/ShinesBraco
1782;10186492;KvB Cycles;2;0;0;0;2;0;0;0;0;0;0;0;2019-10-03T06:36:05+00:00;2019-10-03T06:36:10+00:00;https://www.openstreetmap.org/user/KvB%20Cycles
1783;10202321;Blinde74;2;0;0;0;2;0;0;0;0;0;0;0;2019-08-14T09:06:39+00:00;2019-08-14T09:24:56+00:00;https://www.openstreetmap.org/user/Blinde74
1784;10215947;Hil88;2;0;0;0;2;0;0;0;0;0;0;0;2019-08-10T12:24:47+00:00;2019-08-10T12:27:42+00:00;https://www.openstreetmap.org/user/Hil88
1785;10237635;cpit27;2;0;0;0;2;0;0;0;0;0;0;0;2019-08-20T08:59:11+00:00;2019-08-20T09:09:56+00:00;https://www.openstreetmap.org/user/cpit27
1786;10252547;goltapan;2;0;0;0;2;0;0;0;0;0;0;0;2019-12-11T11:02:47+00:00;2019-12-11T11:03:10+00:00;https://www.openstreetmap.org/user/goltapan
1787;10252559;swaverma;2;0;0;0;0;0;2;0;0;0;0;0;2021-06-22T18:50:43+00:00;2021-06-24T07:00:05+00:00;https://www.openstreetmap.org/user/swaverma
1788;10260526;jmty8;2;0;0;0;0;0;2;0;0;0;0;0;2021-06-10T08:34:28+00:00;2021-09-13T15:36:40+00:00;https://www.openstreetmap.org/user/jmty8
1789;10281880;snowdriver88;2;0;0;0;0;0;0;2;0;0;0;0;2022-06-29T14:32:59+00:00;2022-06-29T19:16:39+00:00;https://www.openstreetmap.org/user/snowdriver88
1790;10300852;Giulia Pesaresi;2;0;0;0;2;0;0;0;0;0;0;0;2019-09-15T06:14:52+00:00;2019-09-16T06:45:50+00:00;https://www.openstreetmap.org/user/Giulia%20Pesaresi
1791;10317643;Davide 32;2;0;0;0;2;0;0;0;0;0;0;0;2019-09-21T14:59:25+00:00;2019-09-21T15:24:12+00:00;https://www.openstreetmap.org/user/Davide%2032
1792;10318941;Alanantos;2;0;0;0;0;0;0;0;0;0;2;0;2025-02-24T23:20:35+00:00;2025-02-24T23:35:51+00:00;https://www.openstreetmap.org/user/Alanantos
1793;10320810;Michele Alessandrini;2;0;0;0;2;0;0;0;0;0;0;0;2019-09-23T07:54:14+00:00;2019-09-23T11:45:31+00:00;https://www.openstreetmap.org/user/Michele%20Alessandrini
1794;10480293;mzamam;2;0;0;0;0;0;2;0;0;0;0;0;2021-04-26T08:29:44+00:00;2021-04-26T08:34:11+00:00;https://www.openstreetmap.org/user/mzamam
1795;10529314;EditConscript;2;0;0;0;2;0;0;0;0;0;0;0;2019-12-13T09:52:54+00:00;2019-12-13T09:53:22+00:00;https://www.openstreetmap.org/user/EditConscript
1796;10627331;ChillyDL;2;0;0;0;0;0;0;0;2;0;0;0;2023-07-17T20:53:30+00:00;2023-07-18T20:22:26+00:00;https://www.openstreetmap.org/user/ChillyDL
1797;10648763;Luca Lakers;2;0;0;0;0;2;0;0;0;0;0;0;2020-01-12T19:17:52+00:00;2020-01-12T19:50:37+00:00;https://www.openstreetmap.org/user/Luca%20Lakers
1798;10680867;SerJoe;2;0;0;0;0;2;0;0;0;0;0;0;2020-01-29T14:24:53+00:00;2020-01-29T14:25:30+00:00;https://www.openstreetmap.org/user/SerJoe
1799;10732704;joseph83;2;0;0;0;0;0;0;0;0;0;2;0;2025-10-22T13:03:47+00:00;2025-10-22T15:33:44+00:00;https://www.openstreetmap.org/user/joseph83
1800;10882734;mrfindcamp;2;0;0;0;0;2;0;0;0;0;0;0;2020-03-10T22:45:32+00:00;2020-06-22T17:14:13+00:00;https://www.openstreetmap.org/user/mrfindcamp
1801;10981991;Tiago De Donatis;2;0;0;0;0;2;0;0;0;0;0;0;2020-04-04T16:37:19+00:00;2020-04-04T16:40:21+00:00;https://www.openstreetmap.org/user/Tiago%20De%20Donatis
1802;11019071;pizzeria_latorredisimone;2;0;0;0;0;2;0;0;0;0;0;0;2020-04-12T15:27:52+00:00;2020-04-12T20:45:52+00:00;https://www.openstreetmap.org/user/pizzeria_latorredisimone
1803;11066413;mimi_fr;2;0;0;0;0;0;0;0;2;0;0;0;2023-08-04T09:45:33+00:00;2023-08-04T11:00:15+00:00;https://www.openstreetmap.org/user/mimi_fr
1804;11236721;bsvka;2;0;0;0;0;0;0;0;0;0;2;0;2025-09-12T20:07:41+00:00;2025-09-15T13:07:09+00:00;https://www.openstreetmap.org/user/bsvka
1805;11267474;Davidescatt;2;0;0;0;0;2;0;0;0;0;0;0;2020-05-30T09:56:49+00:00;2020-06-06T09:27:20+00:00;https://www.openstreetmap.org/user/Davidescatt
1806;11282982;AndreaDp271;2;0;0;0;0;0;0;0;0;0;0;2;2026-02-03T09:48:29+00:00;2026-02-03T09:48:52+00:00;https://www.openstreetmap.org/user/AndreaDp271
1807;11392051;RelaxNatur;2;0;0;0;0;2;0;0;0;0;0;0;2020-06-24T15:09:13+00:00;2020-06-24T15:19:42+00:00;https://www.openstreetmap.org/user/RelaxNatur
1808;11433856;Meike Ophelia;2;0;0;0;0;0;0;0;2;0;0;0;2023-11-23T20:28:19+00:00;2023-11-23T20:44:35+00:00;https://www.openstreetmap.org/user/Meike%20Ophelia
1809;11481018;TommasoMauro;2;0;0;0;0;2;0;0;0;0;0;0;2020-07-12T11:55:13+00:00;2020-07-12T11:58:24+00:00;https://www.openstreetmap.org/user/TommasoMauro
1810;11492617;Matteo Pinna;2;0;0;0;0;2;0;0;0;0;0;0;2020-07-14T17:30:29+00:00;2020-07-14T17:37:51+00:00;https://www.openstreetmap.org/user/Matteo%20Pinna
1811;11522644;elQuero;2;0;0;0;0;0;0;1;0;1;0;0;2022-08-05T17:04:59+00:00;2024-07-06T11:27:59+00:00;https://www.openstreetmap.org/user/elQuero
1812;11571754;JriSv250;2;0;0;0;0;0;0;0;0;1;0;1;2024-02-09T23:36:37+00:00;2026-02-08T23:31:46+00:00;https://www.openstreetmap.org/user/JriSv250
1813;11617344;Emanuele Bertolero;2;0;0;0;0;0;0;0;0;2;0;0;2024-02-25T16:53:11+00:00;2024-02-25T16:54:29+00:00;https://www.openstreetmap.org/user/Emanuele%20Bertolero
1814;11688067;Willi_Gross;2;0;0;0;0;0;0;0;0;0;2;0;2025-08-12T08:16:19+00:00;2025-08-12T08:46:38+00:00;https://www.openstreetmap.org/user/Willi_Gross
1815;11762158;Francesco Guglietta;2;0;0;0;0;2;0;0;0;0;0;0;2020-12-01T07:56:56+00:00;2020-12-01T08:00:21+00:00;https://www.openstreetmap.org/user/Francesco%20Guglietta
1816;11808064;krjayakr;2;0;0;0;0;0;2;0;0;0;0;0;2021-04-14T06:34:46+00:00;2021-04-14T06:39:33+00:00;https://www.openstreetmap.org/user/krjayakr
1817;11849084;taurodomina;2;0;0;0;0;0;2;0;0;0;0;0;2021-08-12T10:45:41+00:00;2021-08-13T14:33:52+00:00;https://www.openstreetmap.org/user/taurodomina
1818;12050286;skizzoweb;2;0;0;0;0;2;0;0;0;0;0;0;2020-10-24T16:07:01+00:00;2020-11-12T17:11:29+00:00;https://www.openstreetmap.org/user/skizzoweb
1819;12136940;verkre;2;0;0;0;0;2;0;0;0;0;0;0;2020-11-08T08:34:09+00:00;2020-11-08T08:48:09+00:00;https://www.openstreetmap.org/user/verkre
1820;12157476;sirvoe;2;0;0;0;0;0;0;2;0;0;0;0;2022-09-20T15:10:04+00:00;2022-09-20T15:41:27+00:00;https://www.openstreetmap.org/user/sirvoe
1821;12214248;nomenondisponibile;2;0;0;0;0;1;1;0;0;0;0;0;2020-11-21T13:51:12+00:00;2021-02-18T10:39:17+00:00;https://www.openstreetmap.org/user/nomenondisponibile
1822;12247879;StefaniaRinghini;2;0;0;0;0;2;0;0;0;0;0;0;2020-11-27T10:54:59+00:00;2020-11-27T11:14:48+00:00;https://www.openstreetmap.org/user/StefaniaRinghini
1823;12258792;pepperin;2;0;0;0;0;2;0;0;0;0;0;0;2020-11-29T21:14:55+00:00;2020-12-05T19:25:56+00:00;https://www.openstreetmap.org/user/pepperin
1824;12480825;Natasha_Zhovner;2;0;0;0;0;0;0;0;0;2;0;0;2024-01-09T13:28:47+00:00;2024-01-09T13:34:19+00:00;https://www.openstreetmap.org/user/Natasha_Zhovner
1825;12517014;Andrea McFly;2;0;0;0;0;0;0;2;0;0;0;0;2022-06-24T10:24:23+00:00;2022-06-27T14:26:28+00:00;https://www.openstreetmap.org/user/Andrea%20McFly
1826;12651964;Dracaron;2;0;0;0;0;0;2;0;0;0;0;0;2021-07-26T19:09:04+00:00;2021-07-31T15:10:10+00:00;https://www.openstreetmap.org/user/Dracaron
1827;12748381;matmercy;2;0;0;0;0;0;2;0;0;0;0;0;2021-02-26T14:42:18+00:00;2021-02-26T14:44:05+00:00;https://www.openstreetmap.org/user/matmercy
1828;12941331;SmartSystem;2;0;0;0;0;0;1;1;0;0;0;0;2021-03-28T16:28:35+00:00;2022-01-29T21:34:56+00:00;https://www.openstreetmap.org/user/SmartSystem
1829;13061683;Federico Pinotti;2;0;0;0;0;0;1;1;0;0;0;0;2021-04-23T17:32:14+00:00;2022-02-03T07:08:14+00:00;https://www.openstreetmap.org/user/Federico%20Pinotti
1830;13195444;Tanaka_00;2;0;0;0;0;0;2;0;0;0;0;0;2021-12-10T13:04:52+00:00;2021-12-10T13:10:24+00:00;https://www.openstreetmap.org/user/Tanaka_00
1831;13401283;PaoloFromFar;2;0;0;0;0;0;2;0;0;0;0;0;2021-05-24T08:34:18+00:00;2021-05-24T08:35:07+00:00;https://www.openstreetmap.org/user/PaoloFromFar
1832;13409046;Green_Panther;2;0;0;0;0;0;0;2;0;0;0;0;2022-06-14T06:55:26+00:00;2022-06-20T12:05:39+00:00;https://www.openstreetmap.org/user/Green_Panther
1833;13431517;LucaT72;2;0;0;0;0;0;2;0;0;0;0;0;2021-05-28T14:56:09+00:00;2021-05-28T15:24:45+00:00;https://www.openstreetmap.org/user/LucaT72
1834;13631002;TaddeoR;2;0;0;0;0;0;2;0;0;0;0;0;2021-06-24T10:53:13+00:00;2021-06-24T10:53:46+00:00;https://www.openstreetmap.org/user/TaddeoR
1835;13637600;Tajtrdlik;2;0;0;0;0;0;0;0;1;1;0;0;2023-08-31T06:41:43+00:00;2024-02-13T11:21:01+00:00;https://www.openstreetmap.org/user/Tajtrdlik
1836;13646717;Rindinadya;2;0;0;0;0;0;0;2;0;0;0;0;2022-02-02T09:29:07+00:00;2022-05-10T10:19:20+00:00;https://www.openstreetmap.org/user/Rindinadya
1837;13714914;Daniele Liciotti;2;0;0;0;0;0;2;0;0;0;0;0;2021-07-07T10:20:34+00:00;2021-07-07T10:22:44+00:00;https://www.openstreetmap.org/user/Daniele%20Liciotti
1838;13770993;puffete;2;0;0;0;0;0;2;0;0;0;0;0;2021-07-16T16:57:02+00:00;2021-07-16T17:18:08+00:00;https://www.openstreetmap.org/user/puffete
1839;13841151;Tangy_Joy;2;0;0;0;0;0;0;1;1;0;0;0;2022-06-09T05:01:53+00:00;2023-09-20T09:18:34+00:00;https://www.openstreetmap.org/user/Tangy_Joy
1840;13871314;DGI3112;2;0;0;0;0;0;2;0;0;0;0;0;2021-08-04T07:05:01+00:00;2021-08-04T07:06:03+00:00;https://www.openstreetmap.org/user/DGI3112
1841;13875228;giovannimartini;2;0;0;0;0;0;2;0;0;0;0;0;2021-08-04T20:42:53+00:00;2021-08-04T20:45:30+00:00;https://www.openstreetmap.org/user/giovannimartini
1842;13883599;FalconAce;2;0;0;0;0;0;2;0;0;0;0;0;2021-08-06T06:54:24+00:00;2021-08-06T06:55:55+00:00;https://www.openstreetmap.org/user/FalconAce
1843;14123119;xmr00;2;0;0;0;0;0;2;0;0;0;0;0;2021-09-16T21:32:28+00:00;2021-09-16T21:36:09+00:00;https://www.openstreetmap.org/user/xmr00
1844;14232454;pau-map;2;0;0;0;0;0;2;0;0;0;0;0;2021-10-05T10:12:27+00:00;2021-10-05T10:18:33+00:00;https://www.openstreetmap.org/user/pau-map
1845;14234497;Maghe80;2;0;0;0;0;0;2;0;0;0;0;0;2021-11-20T19:14:06+00:00;2021-11-21T09:21:16+00:00;https://www.openstreetmap.org/user/Maghe80
1846;14271621;prasadtx;2;0;0;0;0;0;0;0;0;2;0;0;2024-08-07T06:53:40+00:00;2024-08-27T06:49:17+00:00;https://www.openstreetmap.org/user/prasadtx
1847;14271633;shivaopa;2;0;0;0;0;0;0;0;0;1;1;0;2024-11-29T12:47:12+00:00;2025-01-22T07:54:44+00:00;https://www.openstreetmap.org/user/shivaopa
1848;14271637;jamiavin;2;0;0;0;0;0;0;0;0;0;2;0;2025-01-22T07:57:10+00:00;2025-02-20T10:59:37+00:00;https://www.openstreetmap.org/user/jamiavin
1849;14285206;Zoe DePa;2;0;0;0;0;0;2;0;0;0;0;0;2021-10-13T17:41:49+00:00;2021-10-18T09:12:23+00:00;https://www.openstreetmap.org/user/Zoe%20DePa
1850;14331364;DEE_KEI_1;2;0;0;0;0;0;2;0;0;0;0;0;2021-10-22T02:26:22+00:00;2021-10-22T02:28:15+00:00;https://www.openstreetmap.org/user/DEE_KEI_1
1851;14397191;beatrice ranalli;2;0;0;0;0;0;2;0;0;0;0;0;2021-11-03T09:56:29+00:00;2021-11-03T10:10:25+00:00;https://www.openstreetmap.org/user/beatrice%20ranalli
1852;14444010;"Country House ""La Grancia""";2;0;0;0;0;0;2;0;0;0;0;0;2021-11-11T13:51:29+00:00;2021-12-22T09:55:17+00:00;https://www.openstreetmap.org/user/Country%20House%20%22La%20Grancia%22
1853;14450050;PietroM95;2;0;0;0;0;0;2;0;0;0;0;0;2021-11-13T20:14:42+00:00;2021-11-15T08:47:41+00:00;https://www.openstreetmap.org/user/PietroM95
1854;14451222;gmaps-pg;2;0;0;0;0;0;2;0;0;0;0;0;2021-11-12T19:19:56+00:00;2021-11-12T20:55:45+00:00;https://www.openstreetmap.org/user/gmaps-pg
1855;14477954;Alessandro Muscatello;2;0;0;0;0;0;2;0;0;0;0;0;2021-11-17T18:49:16+00:00;2021-11-17T19:20:42+00:00;https://www.openstreetmap.org/user/Alessandro%20Muscatello
1856;14550710;Fil_Vim;2;0;0;0;0;0;0;0;0;0;1;1;2025-07-02T12:46:13+00:00;2026-09-11T12:17:46+00:00;https://www.openstreetmap.org/user/Fil_Vim
1857;14606342;-_-_-;2;0;0;0;0;0;1;0;0;1;0;0;2021-12-10T10:24:30+00:00;2024-02-13T08:27:35+00:00;https://www.openstreetmap.org/user/-_-_-
1858;14638802;Aleksey Gorelikov;2;0;0;0;0;0;0;0;1;1;0;0;2023-04-04T16:58:33+00:00;2024-07-11T08:11:36+00:00;https://www.openstreetmap.org/user/Aleksey%20Gorelikov
1859;14657303;OSMUser05;2;0;0;0;0;0;1;1;0;0;0;0;2021-12-18T09:48:53+00:00;2022-03-22T14:48:53+00:00;https://www.openstreetmap.org/user/OSMUser05
1860;14728702;Tinetto;2;0;0;0;0;0;0;0;0;0;0;2;2026-03-26T09:32:55+00:00;2026-05-12T12:27:38+00:00;https://www.openstreetmap.org/user/Tinetto
1861;14728730;House_island;2;0;0;0;0;0;0;2;0;0;0;0;2022-06-08T10:03:27+00:00;2022-06-08T11:30:39+00:00;https://www.openstreetmap.org/user/House_island
1862;14747621;Besikovitch;2;0;0;0;0;0;0;0;0;2;0;0;2024-08-11T17:41:17+00:00;2024-08-15T17:45:42+00:00;https://www.openstreetmap.org/user/Besikovitch
1863;15204646;Chap_oga;2;0;0;0;0;0;0;2;0;0;0;0;2022-11-29T04:39:35+00:00;2022-11-29T09:58:29+00:00;https://www.openstreetmap.org/user/Chap_oga
1864;15241511;Illumish;2;0;0;0;0;0;0;0;2;0;0;0;2023-02-20T18:17:53+00:00;2023-02-20T18:20:47+00:00;https://www.openstreetmap.org/user/Illumish
1865;15373989;nerdinand;2;0;0;0;0;0;0;0;0;0;0;2;2026-09-15T14:13:58+00:00;2026-09-15T14:21:29+00:00;https://www.openstreetmap.org/user/nerdinand
1866;15458794;Photo_MC;2;0;0;0;0;0;0;2;0;0;0;0;2022-06-11T08:05:44+00:00;2022-06-13T10:09:26+00:00;https://www.openstreetmap.org/user/Photo_MC
1867;15504687;Federico Aretini;2;0;0;0;0;0;0;2;0;0;0;0;2022-04-06T15:01:55+00:00;2022-04-06T15:03:25+00:00;https://www.openstreetmap.org/user/Federico%20Aretini
1868;15609524;Tommaso Lucarelli;2;0;0;0;0;0;0;0;0;0;0;2;2026-01-18T14:11:20+00:00;2026-01-18T14:14:26+00:00;https://www.openstreetmap.org/user/Tommaso%20Lucarelli
1869;15890851;sandman23;2;0;0;0;0;0;0;0;2;0;0;0;2023-08-20T09:52:12+00:00;2023-08-20T09:58:49+00:00;https://www.openstreetmap.org/user/sandman23
1870;15922878;Gianvi67;2;0;0;0;0;0;0;2;0;0;0;0;2022-05-11T13:45:46+00:00;2022-05-11T13:49:28+00:00;https://www.openstreetmap.org/user/Gianvi67
1871;15947354;VLD526;2;0;0;0;0;0;0;0;1;0;1;0;2023-06-21T21:29:52+00:00;2025-02-03T11:41:11+00:00;https://www.openstreetmap.org/user/VLD526
1872;15983616;VLD527;2;0;0;0;0;0;0;0;1;0;1;0;2023-11-24T11:27:58+00:00;2025-01-21T08:15:48+00:00;https://www.openstreetmap.org/user/VLD527
1873;16001948;karaga;2;0;0;0;0;0;0;0;2;0;0;0;2023-04-01T12:41:37+00:00;2023-09-13T12:08:54+00:00;https://www.openstreetmap.org/user/karaga
1874;16065396;stasiu512;2;0;0;0;0;0;0;0;0;0;2;0;2025-08-20T18:14:39+00:00;2025-09-04T07:09:06+00:00;https://www.openstreetmap.org/user/stasiu512
1875;16078862;smalldeenee;2;0;0;0;0;0;0;2;0;0;0;0;2022-05-24T22:17:12+00:00;2022-05-24T22:38:40+00:00;https://www.openstreetmap.org/user/smalldeenee
1876;16083471;dab64;2;0;0;0;0;0;0;0;0;0;0;2;2026-08-02T05:01:13+00:00;2026-08-02T14:03:32+00:00;https://www.openstreetmap.org/user/dab64
1877;16145169;McGregor78;2;0;0;0;0;0;0;2;0;0;0;0;2022-05-30T15:28:16+00:00;2022-05-30T15:53:51+00:00;https://www.openstreetmap.org/user/McGregor78
1878;16155068;spughetti;2;0;0;0;0;0;0;0;0;2;0;0;2024-12-26T18:07:07+00:00;2024-12-26T18:07:17+00:00;https://www.openstreetmap.org/user/spughetti
1879;16383802;Dhanapot;2;0;0;0;0;0;0;2;0;0;0;0;2022-08-03T11:06:01+00:00;2022-08-05T13:03:23+00:00;https://www.openstreetmap.org/user/Dhanapot
1880;16383807;Mini_music;2;0;0;0;0;0;0;2;0;0;0;0;2022-09-24T05:43:35+00:00;2022-09-24T05:54:52+00:00;https://www.openstreetmap.org/user/Mini_music
1881;16408483;melody_Tej;2;0;0;0;0;0;0;0;0;0;0;2;2026-01-02T05:50:53+00:00;2026-07-28T09:38:54+00:00;https://www.openstreetmap.org/user/melody_Tej
1882;16577323;007Transformer;2;0;0;0;0;0;0;0;0;0;2;0;2025-07-24T06:57:43+00:00;2025-08-07T10:55:12+00:00;https://www.openstreetmap.org/user/007Transformer
1883;16577436;Wildsharky;2;0;0;0;0;0;0;0;0;0;0;2;2026-01-30T10:53:34+00:00;2026-02-17T09:08:26+00:00;https://www.openstreetmap.org/user/Wildsharky
1884;16588177;tsuiga;2;0;0;0;0;0;0;0;2;0;0;0;2023-07-09T18:06:39+00:00;2023-07-09T19:07:33+00:00;https://www.openstreetmap.org/user/tsuiga
1885;16658114;dupappal;2;0;0;0;0;0;0;0;0;1;1;0;2024-11-19T06:52:19+00:00;2025-01-22T06:44:10+00:00;https://www.openstreetmap.org/user/dupappal
1886;16768152;lkoole;2;0;0;0;0;0;0;2;0;0;0;0;2022-08-07T10:14:29+00:00;2022-08-10T12:13:24+00:00;https://www.openstreetmap.org/user/lkoole
1887;16800209;itzshoummo;2;0;0;0;0;0;0;0;0;2;0;0;2024-12-13T19:55:45+00:00;2024-12-13T20:35:43+00:00;https://www.openstreetmap.org/user/itzshoummo
1888;16846689;Rik797;2;0;0;0;0;0;0;2;0;0;0;0;2022-09-08T12:41:43+00:00;2022-09-08T12:50:35+00:00;https://www.openstreetmap.org/user/Rik797
1889;16881411;Diego Bellagamba;2;0;0;0;0;0;0;2;0;0;0;0;2022-08-23T14:54:37+00:00;2022-09-24T13:23:12+00:00;https://www.openstreetmap.org/user/Diego%20Bellagamba
1890;16917669;CasaCiarpella;2;0;0;0;0;0;0;2;0;0;0;0;2022-08-23T20:50:40+00:00;2022-08-23T20:51:07+00:00;https://www.openstreetmap.org/user/CasaCiarpella
1891;16951803;Vas111;2;0;0;0;0;0;0;0;2;0;0;0;2023-07-22T08:56:46+00:00;2023-07-22T09:29:35+00:00;https://www.openstreetmap.org/user/Vas111
1892;16953919;rl71;2;0;0;0;0;0;0;0;2;0;0;0;2023-08-16T14:50:53+00:00;2023-08-16T14:56:39+00:00;https://www.openstreetmap.org/user/rl71
1893;16954345;ARNPIA;2;0;0;0;0;0;0;0;0;2;0;0;2024-12-06T08:00:31+00:00;2024-12-06T08:03:56+00:00;https://www.openstreetmap.org/user/ARNPIA
1894;17319146;GDCmap;2;0;0;0;0;0;0;2;0;0;0;0;2022-10-04T12:51:58+00:00;2022-10-05T06:29:13+00:00;https://www.openstreetmap.org/user/GDCmap
1895;17371415;wolf180190;2;0;0;0;0;0;0;1;1;0;0;0;2022-10-10T11:02:56+00:00;2023-06-29T10:39:32+00:00;https://www.openstreetmap.org/user/wolf180190
1896;17435194;Renoxsrl1994;2;0;0;0;0;0;0;2;0;0;0;0;2022-10-24T12:31:54+00:00;2022-10-24T13:09:13+00:00;https://www.openstreetmap.org/user/Renoxsrl1994
1897;17441326;BSN21M;2;0;0;0;0;0;0;0;2;0;0;0;2023-01-14T15:24:39+00:00;2023-01-19T06:35:47+00:00;https://www.openstreetmap.org/user/BSN21M
1898;17530372;Irenicus;2;0;0;0;0;0;0;0;2;0;0;0;2023-01-19T08:49:27+00:00;2023-01-19T08:52:41+00:00;https://www.openstreetmap.org/user/Irenicus
1899;17865950;alessio giuliano93;2;0;0;0;0;0;0;2;0;0;0;0;2022-12-02T15:41:54+00:00;2022-12-02T15:55:00+00:00;https://www.openstreetmap.org/user/alessio%20giuliano93
1900;18052108;GianluKa17;2;0;0;0;0;0;0;2;0;0;0;0;2022-12-21T14:40:40+00:00;2022-12-21T14:48:16+00:00;https://www.openstreetmap.org/user/GianluKa17
1901;18052114;Cristy23;2;0;0;0;0;0;0;2;0;0;0;0;2022-12-21T14:41:28+00:00;2022-12-21T14:50:05+00:00;https://www.openstreetmap.org/user/Cristy23
1902;18052116;Gius3F;2;0;0;0;0;0;0;2;0;0;0;0;2022-12-21T14:40:12+00:00;2022-12-21T14:49:55+00:00;https://www.openstreetmap.org/user/Gius3F
1903;18052117;vidikingo;2;0;0;0;0;0;0;2;0;0;0;0;2022-12-21T14:42:14+00:00;2022-12-21T14:50:09+00:00;https://www.openstreetmap.org/user/vidikingo
1904;18052120;Giovanni150501;2;0;0;0;0;0;0;2;0;0;0;0;2022-12-21T14:41:04+00:00;2022-12-21T14:45:49+00:00;https://www.openstreetmap.org/user/Giovanni150501
1905;18266291;nicola_alle;2;0;0;0;0;0;0;0;0;0;0;2;2026-08-30T16:26:31+00:00;2026-08-30T16:30:49+00:00;https://www.openstreetmap.org/user/nicola_alle
1906;18511019;Senihtu;2;0;0;0;0;0;0;0;0;0;0;2;2026-09-17T16:03:45+00:00;2026-09-25T16:18:09+00:00;https://www.openstreetmap.org/user/Senihtu
1907;18557753;marco19871804;2;0;0;0;0;0;0;0;2;0;0;0;2023-02-27T15:26:35+00:00;2023-02-28T11:50:56+00:00;https://www.openstreetmap.org/user/marco19871804
1908;18706708;leuno;2;0;0;0;0;0;0;0;0;2;0;0;2024-10-15T10:15:24+00:00;2024-10-15T10:18:42+00:00;https://www.openstreetmap.org/user/leuno
1909;18751865;F@b69;2;0;0;0;0;0;0;0;2;0;0;0;2023-03-17T16:55:54+00:00;2023-03-17T17:01:39+00:00;https://www.openstreetmap.org/user/F%40b69
1910;18790240;sdfsffs;2;0;0;0;0;0;0;0;2;0;0;0;2023-03-29T12:38:01+00:00;2023-04-18T20:37:20+00:00;https://www.openstreetmap.org/user/sdfsffs
1911;19072460;yulia_gorodetskaya;2;0;0;0;0;0;0;0;2;0;0;0;2023-06-14T12:35:25+00:00;2023-08-28T08:44:54+00:00;https://www.openstreetmap.org/user/yulia_gorodetskaya
1912;19100619;ioioopenstreetmap;2;0;0;0;0;0;0;0;2;0;0;0;2023-04-28T16:34:29+00:00;2023-04-28T16:57:32+00:00;https://www.openstreetmap.org/user/ioioopenstreetmap
1913;19210335;shifattest;2;0;0;0;0;0;0;0;0;0;0;2;2026-05-15T21:14:11+00:00;2026-05-19T18:25:00+00:00;https://www.openstreetmap.org/user/shifattest
1914;19240037;Simona Pergola;2;0;0;0;0;0;0;0;2;0;0;0;2023-08-18T13:57:19+00:00;2023-08-18T14:17:54+00:00;https://www.openstreetmap.org/user/Simona%20Pergola
1915;19404424;Sape Mullender;2;0;0;0;0;0;0;0;2;0;0;0;2023-05-27T16:45:08+00:00;2023-05-28T16:57:15+00:00;https://www.openstreetmap.org/user/Sape%20Mullender
1916;19531867;openpwn;2;0;0;0;0;0;0;0;2;0;0;0;2023-06-10T12:48:55+00:00;2023-06-13T07:25:56+00:00;https://www.openstreetmap.org/user/openpwn
1917;19548357;jummes;2;0;0;0;0;0;0;0;0;0;0;2;2026-07-08T19:07:18+00:00;2026-07-12T23:26:16+00:00;https://www.openstreetmap.org/user/jummes
1918;19620297;Fabrizioldv;2;0;0;0;0;0;0;0;2;0;0;0;2023-06-19T13:10:40+00:00;2023-06-19T18:05:17+00:00;https://www.openstreetmap.org/user/Fabrizioldv
1919;19645378;VitoD97;2;0;0;0;0;0;0;0;2;0;0;0;2023-06-21T17:32:54+00:00;2023-06-21T17:36:16+00:00;https://www.openstreetmap.org/user/VitoD97
1920;19652861;Patrick72@;2;0;0;0;0;0;0;0;2;0;0;0;2023-06-23T09:57:05+00:00;2023-06-23T10:20:30+00:00;https://www.openstreetmap.org/user/Patrick72%40
1921;19808937;xonya;2;0;0;0;0;0;0;0;2;0;0;0;2023-07-08T22:54:01+00:00;2023-07-08T23:08:53+00:00;https://www.openstreetmap.org/user/xonya
1922;19844270;Arvari;2;0;0;0;0;0;0;0;2;0;0;0;2023-08-31T08:07:23+00:00;2023-09-19T04:13:55+00:00;https://www.openstreetmap.org/user/Arvari
1923;19969905;Maksim Sazanovich;2;0;0;0;0;0;0;0;0;1;0;1;2024-09-02T12:08:25+00:00;2026-05-12T11:39:37+00:00;https://www.openstreetmap.org/user/Maksim%20Sazanovich
1924;20020849;Michele Guaitini;2;0;0;0;0;0;0;0;2;0;0;0;2023-07-30T07:13:25+00:00;2023-07-30T07:14:35+00:00;https://www.openstreetmap.org/user/Michele%20Guaitini
1925;20024719;Knippkügelchen;2;0;0;0;0;0;0;0;2;0;0;0;2023-09-28T12:01:05+00:00;2023-09-28T12:09:00+00:00;https://www.openstreetmap.org/user/Knippk%C3%BCgelchen
1926;20035432;Roberto@B;2;0;0;0;0;0;0;0;2;0;0;0;2023-08-02T16:18:16+00:00;2023-08-02T16:21:41+00:00;https://www.openstreetmap.org/user/Roberto%40B
1927;20115630;simo_8;2;0;0;0;0;0;0;0;2;0;0;0;2023-08-25T16:05:04+00:00;2023-08-28T17:29:34+00:00;https://www.openstreetmap.org/user/simo_8
1928;20161667;htwan;2;0;0;0;0;0;0;0;0;2;0;0;2024-02-20T21:32:45+00:00;2024-02-20T21:42:10+00:00;https://www.openstreetmap.org/user/htwan
1929;20170556;Matei Radu;2;0;0;0;0;0;0;0;2;0;0;0;2023-09-04T11:30:32+00:00;2023-09-04T11:52:00+00:00;https://www.openstreetmap.org/user/Matei%20Radu
1930;20178909;sbera1;2;0;0;0;0;0;0;0;0;0;2;0;2025-07-02T09:33:04+00:00;2025-09-24T13:45:37+00:00;https://www.openstreetmap.org/user/sbera1
1931;20408980;Marildv;2;0;0;0;0;0;0;0;0;0;1;1;2025-05-30T06:54:06+00:00;2026-01-09T14:56:57+00:00;https://www.openstreetmap.org/user/Marildv
1932;20414961;Brentar;2;0;0;0;0;0;0;0;0;2;0;0;2024-10-18T11:14:24+00:00;2024-10-18T12:25:30+00:00;https://www.openstreetmap.org/user/Brentar
1933;20415443;Palary;2;0;0;0;0;0;0;0;0;1;0;1;2024-05-22T10:46:03+00:00;2026-08-03T11:11:38+00:00;https://www.openstreetmap.org/user/Palary
1934;20432726;Byenin;2;0;0;0;0;0;0;0;0;1;0;1;2024-10-18T09:23:07+00:00;2026-02-16T09:55:59+00:00;https://www.openstreetmap.org/user/Byenin
1935;20466107;mikimapbuilder;2;0;0;0;0;0;0;0;0;2;0;0;2024-02-12T14:19:36+00:00;2024-02-14T07:51:51+00:00;https://www.openstreetmap.org/user/mikimapbuilder
1936;20554835;Giu34567890;2;0;0;0;0;0;0;0;2;0;0;0;2023-11-05T17:51:35+00:00;2023-11-05T17:55:15+00:00;https://www.openstreetmap.org/user/Giu34567890
1937;20571714;Dorothea Geiss;2;0;0;0;0;0;0;0;2;0;0;0;2023-11-08T14:49:04+00:00;2023-11-08T14:54:44+00:00;https://www.openstreetmap.org/user/Dorothea%20Geiss
1938;20606484;Luca Facchini;2;0;0;0;0;0;0;0;0;0;2;0;2025-12-23T11:51:07+00:00;2025-12-23T11:53:32+00:00;https://www.openstreetmap.org/user/Luca%20Facchini
1939;20685736;Studio Civico 111;2;0;0;0;0;0;0;0;2;0;0;0;2023-12-14T12:10:39+00:00;2023-12-14T12:33:40+00:00;https://www.openstreetmap.org/user/Studio%20Civico%20111
1940;20795476;WWMapper101;2;0;0;0;0;0;0;0;0;0;2;0;2025-01-24T18:11:36+00:00;2025-01-24T18:12:11+00:00;https://www.openstreetmap.org/user/WWMapper101
1941;20813010;pabloz84;2;0;0;0;0;0;0;0;0;2;0;0;2024-09-26T08:34:02+00:00;2024-09-27T09:43:04+00:00;https://www.openstreetmap.org/user/pabloz84
1942;20939175;mggjcgprenfixer;2;0;0;0;0;0;0;0;0;2;0;0;2024-01-26T16:17:45+00:00;2024-01-26T16:40:09+00:00;https://www.openstreetmap.org/user/mggjcgprenfixer
1943;20947061;fedeolivieri;2;0;0;0;0;0;0;0;0;2;0;0;2024-01-29T14:03:46+00:00;2024-01-30T15:21:27+00:00;https://www.openstreetmap.org/user/fedeolivieri
1944;20977587;pietrell;2;0;0;0;0;0;0;0;0;2;0;0;2024-02-08T10:35:26+00:00;2024-02-08T10:45:31+00:00;https://www.openstreetmap.org/user/pietrell
1945;21047111;Gabrybarry003;2;0;0;0;0;0;0;0;0;2;0;0;2024-02-19T18:15:56+00:00;2024-02-19T18:27:07+00:00;https://www.openstreetmap.org/user/Gabrybarry003
1946;21170101;Fausto Marcantoni;2;0;0;0;0;0;0;0;0;2;0;0;2024-03-06T17:18:54+00:00;2024-03-07T10:45:00+00:00;https://www.openstreetmap.org/user/Fausto%20Marcantoni
1947;21263430;Hackjaku;2;0;0;0;0;0;0;0;0;2;0;0;2024-07-08T14:10:45+00:00;2024-07-08T14:13:16+00:00;https://www.openstreetmap.org/user/Hackjaku
1948;21277013;StefanoErmini;2;0;0;0;0;0;0;0;0;2;0;0;2024-04-05T09:39:05+00:00;2024-04-07T08:05:31+00:00;https://www.openstreetmap.org/user/StefanoErmini
1949;21312170;115104117;2;0;0;0;0;0;0;0;0;2;0;0;2024-04-16T09:11:20+00:00;2024-04-16T09:14:34+00:00;https://www.openstreetmap.org/user/115104117
1950;21381606;Zeno Astolfi;2;0;0;0;0;0;0;0;0;1;1;0;2024-09-07T13:04:43+00:00;2025-08-17T14:22:06+00:00;https://www.openstreetmap.org/user/Zeno%20Astolfi
1951;21382237;Diocesi Macerata;2;0;0;0;0;0;0;0;0;2;0;0;2024-04-29T16:49:35+00:00;2024-04-29T16:53:09+00:00;https://www.openstreetmap.org/user/Diocesi%20Macerata
1952;21403103;LaserOtter;2;0;0;0;0;0;0;0;0;2;0;0;2024-05-02T15:52:35+00:00;2024-05-02T15:57:02+00:00;https://www.openstreetmap.org/user/LaserOtter
1953;21644454;Mictre;2;0;0;0;0;0;0;0;0;2;0;0;2024-06-10T20:41:32+00:00;2024-06-11T09:02:32+00:00;https://www.openstreetmap.org/user/Mictre
1954;21713906;Kacsamaki;2;0;0;0;0;0;0;0;0;0;2;0;2025-04-25T22:19:32+00:00;2025-04-26T11:19:11+00:00;https://www.openstreetmap.org/user/Kacsamaki
1955;21831969;masscola;2;0;0;0;0;0;0;0;0;2;0;0;2024-08-30T13:46:26+00:00;2024-08-30T13:48:03+00:00;https://www.openstreetmap.org/user/masscola
1956;21845166;matteorossinifano;2;0;0;0;0;0;0;0;0;2;0;0;2024-08-13T11:00:29+00:00;2024-08-16T10:05:02+00:00;https://www.openstreetmap.org/user/matteorossinifano
1957;21859044;Data 7;2;0;0;0;0;0;0;0;0;2;0;0;2024-12-20T20:23:42+00:00;2024-12-20T20:31:39+00:00;https://www.openstreetmap.org/user/Data%207
1958;21868868;Jacopo Fattorini;2;0;0;0;0;0;0;0;0;2;0;0;2024-08-20T15:54:10+00:00;2024-08-20T15:56:47+00:00;https://www.openstreetmap.org/user/Jacopo%20Fattorini
1959;21885135;JP2GMD2137;2;0;0;0;0;0;0;0;0;2;0;0;2024-08-29T00:15:51+00:00;2024-08-29T00:16:14+00:00;https://www.openstreetmap.org/user/JP2GMD2137
1960;22017204;Sic7;2;0;0;0;0;0;0;0;0;2;0;0;2024-10-01T09:47:12+00:00;2024-10-01T09:57:10+00:00;https://www.openstreetmap.org/user/Sic7
1961;22020823;Comune di Jesi;2;0;0;0;0;0;0;0;0;2;0;0;2024-10-02T08:14:42+00:00;2024-10-03T11:25:45+00:00;https://www.openstreetmap.org/user/Comune%20di%20Jesi
1962;22121546;Tiziano Smeraldo;2;0;0;0;0;0;0;0;0;0;2;0;2025-05-31T10:36:51+00:00;2025-06-05T15:52:40+00:00;https://www.openstreetmap.org/user/Tiziano%20Smeraldo
1963;22127238;Noiris;2;0;0;0;0;0;0;0;0;2;0;0;2024-11-11T13:02:48+00:00;2024-11-11T13:18:45+00:00;https://www.openstreetmap.org/user/Noiris
1964;22196962;lucamozzz;2;0;0;0;0;0;0;0;0;2;0;0;2024-11-19T16:01:11+00:00;2024-11-19T16:38:38+00:00;https://www.openstreetmap.org/user/lucamozzz
1965;22244042;ELEONORA PROJECT;2;0;0;0;0;0;0;0;0;2;0;0;2024-12-02T08:24:49+00:00;2024-12-02T08:51:11+00:00;https://www.openstreetmap.org/user/ELEONORA%20PROJECT
1966;22336433;LorenzoGentili126052;2;0;0;0;0;0;0;0;0;1;1;0;2024-12-31T11:26:34+00:00;2025-01-24T11:18:03+00:00;https://www.openstreetmap.org/user/LorenzoGentili126052
1967;22341982;Max861;2;0;0;0;0;0;0;0;0;0;2;0;2025-01-02T16:13:55+00:00;2025-01-02T16:18:21+00:00;https://www.openstreetmap.org/user/Max861
1968;22427748;alambiccoancona;2;0;0;0;0;0;0;0;0;0;2;0;2025-01-26T22:17:17+00:00;2025-04-21T07:56:27+00:00;https://www.openstreetmap.org/user/alambiccoancona
1969;22434897;Emma Js;2;0;0;0;0;0;0;0;0;0;0;2;2026-05-13T06:55:22+00:00;2026-06-08T09:57:03+00:00;https://www.openstreetmap.org/user/Emma%20Js
1970;22581631;mrs_wibkas;2;0;0;0;0;0;0;0;0;0;2;0;2025-06-14T11:16:50+00:00;2025-06-14T11:17:18+00:00;https://www.openstreetmap.org/user/mrs_wibkas
1971;22612849;HelenPataneika;2;0;0;0;0;0;0;0;0;0;2;0;2025-05-05T15:11:53+00:00;2025-05-05T15:20:59+00:00;https://www.openstreetmap.org/user/HelenPataneika
1972;22630381;Danilo Burattini;2;0;0;0;0;0;0;0;0;0;2;0;2025-03-22T10:33:47+00:00;2025-03-22T12:00:18+00:00;https://www.openstreetmap.org/user/Danilo%20Burattini
1973;22732307;Yeginbay Aldiyar;2;0;0;0;0;0;0;0;0;0;2;0;2025-04-10T13:54:48+00:00;2025-04-10T14:03:36+00:00;https://www.openstreetmap.org/user/Yeginbay%20Aldiyar
1974;22823289;Valery Visciglia Aleinik 244854;2;0;0;0;0;0;0;0;0;0;2;0;2025-06-26T09:21:52+00:00;2025-06-26T09:45:02+00:00;https://www.openstreetmap.org/user/Valery%20Visciglia%20Aleinik%20244854
1975;22851409;daggoo;2;0;0;0;0;0;0;0;0;0;2;0;2025-05-01T06:20:19+00:00;2025-05-01T06:22:16+00:00;https://www.openstreetmap.org/user/daggoo
1976;22861657;RVR!;2;0;0;0;0;0;0;0;0;0;2;0;2025-05-04T12:43:46+00:00;2025-05-04T17:44:58+00:00;https://www.openstreetmap.org/user/RVR%21
1977;22984868;Geocrest;2;0;0;0;0;0;0;0;0;0;0;2;2026-04-17T16:47:51+00:00;2026-05-11T09:35:18+00:00;https://www.openstreetmap.org/user/Geocrest
1978;23014783;Rowan Tommins;2;0;0;0;0;0;0;0;0;0;2;0;2025-06-18T14:03:38+00:00;2025-06-18T16:51:18+00:00;https://www.openstreetmap.org/user/Rowan%20Tommins
1979;23054499;flovd;2;0;0;0;0;0;0;0;0;0;2;0;2025-06-30T20:36:33+00:00;2025-06-30T20:39:12+00:00;https://www.openstreetmap.org/user/flovd
1980;23066531;DavideP01;2;0;0;0;0;0;0;0;0;0;0;2;2026-02-11T09:40:48+00:00;2026-02-11T09:46:38+00:00;https://www.openstreetmap.org/user/DavideP01
1981;23068658;sh22r;2;0;0;0;0;0;0;0;0;0;0;2;2026-04-15T17:24:03+00:00;2026-05-03T08:51:51+00:00;https://www.openstreetmap.org/user/sh22r
1982;23097958;frè;2;0;0;0;0;0;0;0;0;0;2;0;2025-07-15T12:39:34+00:00;2025-07-16T09:18:32+00:00;https://www.openstreetmap.org/user/fr%C3%A8
1983;23129114;Sargio_57;2;0;0;0;0;0;0;0;0;0;2;0;2025-08-04T17:45:51+00:00;2025-08-04T17:46:42+00:00;https://www.openstreetmap.org/user/Sargio_57
1984;23208011;Raul_A;2;0;0;0;0;0;0;0;0;0;1;1;2025-08-20T10:05:42+00:00;2026-05-06T20:16:02+00:00;https://www.openstreetmap.org/user/Raul_A
1985;23211197;simone bellardinelli;2;0;0;0;0;0;0;0;0;0;2;0;2025-08-21T08:34:21+00:00;2025-08-21T08:37:42+00:00;https://www.openstreetmap.org/user/simone%20bellardinelli
1986;23228531;Salvatore La Vecchia;2;0;0;0;0;0;0;0;0;0;2;0;2025-09-03T08:56:41+00:00;2025-09-06T11:22:45+00:00;https://www.openstreetmap.org/user/Salvatore%20La%20Vecchia
1987;23253144;Danielejj94;2;0;0;0;0;0;0;0;0;0;2;0;2025-09-04T20:35:48+00:00;2025-09-04T20:58:59+00:00;https://www.openstreetmap.org/user/Danielejj94
1988;23305731;Daniele Miccini;2;0;0;0;0;0;0;0;0;0;2;0;2025-09-18T11:44:37+00:00;2025-09-18T11:49:49+00:00;https://www.openstreetmap.org/user/Daniele%20Miccini
1989;23406307;MP1973;2;0;0;0;0;0;0;0;0;0;2;0;2025-10-17T07:09:54+00:00;2025-10-17T07:25:46+00:00;https://www.openstreetmap.org/user/MP1973
1990;23456492;Claudius-Caesar;2;0;0;0;0;0;0;0;0;0;2;0;2025-12-21T17:39:38+00:00;2025-12-21T17:39:43+00:00;https://www.openstreetmap.org/user/Claudius-Caesar
1991;23482740;baditaflorinbot;2;0;0;0;0;0;0;0;0;0;2;0;2025-11-08T12:35:59+00:00;2025-11-08T12:38:07+00:00;https://www.openstreetmap.org/user/baditaflorinbot
1992;23585634;germiricky67;2;0;0;0;0;0;0;0;0;0;2;0;2025-12-06T16:42:57+00:00;2025-12-06T20:22:40+00:00;https://www.openstreetmap.org/user/germiricky67
1993;23610262;HachiChan;2;0;0;0;0;0;0;0;0;0;2;0;2025-12-13T21:59:15+00:00;2025-12-13T22:19:27+00:00;https://www.openstreetmap.org/user/HachiChan
1994;23761219;Comunicazione Medica Marche;2;0;0;0;0;0;0;0;0;0;0;2;2026-01-28T09:11:28+00:00;2026-01-28T09:19:53+00:00;https://www.openstreetmap.org/user/Comunicazione%20Medica%20Marche
1995;23770971;Gioelem93;2;0;0;0;0;0;0;0;0;0;0;2;2026-01-30T18:29:55+00:00;2026-03-07T11:04:42+00:00;https://www.openstreetmap.org/user/Gioelem93
1996;23783530;Anon-n69420;2;0;0;0;0;0;0;0;0;0;0;2;2026-02-03T11:22:51+00:00;2026-02-03T11:43:15+00:00;https://www.openstreetmap.org/user/Anon-n69420
1997;23952086;Skatepassion - Pattinaggio;2;0;0;0;0;0;0;0;0;0;0;2;2026-03-18T09:16:25+00:00;2026-03-18T09:18:15+00:00;https://www.openstreetmap.org/user/Skatepassion%20-%20Pattinaggio
1998;23956011;Rita Pi;2;0;0;0;0;0;0;0;0;0;0;2;2026-03-26T10:44:02+00:00;2026-03-26T11:00:38+00:00;https://www.openstreetmap.org/user/Rita%20Pi
1999;24008813;Elisa Montesi;2;0;0;0;0;0;0;0;0;0;0;2;2026-04-03T09:47:56+00:00;2026-04-03T10:04:15+00:00;https://www.openstreetmap.org/user/Elisa%20Montesi
2000;24044653;Giulia2627;2;0;0;0;0;0;0;0;0;0;0;2;2026-04-15T10:04:01+00:00;2026-04-28T15:11:41+00:00;https://www.openstreetmap.org/user/Giulia2627
2001;24064267;Fabri061;2;0;0;0;0;0;0;0;0;0;0;2;2026-09-05T16:50:48+00:00;2026-09-06T11:38:28+00:00;https://www.openstreetmap.org/user/Fabri061
2002;24069443;Braian Dradi;2;0;0;0;0;0;0;0;0;0;0;2;2026-07-23T09:49:43+00:00;2026-07-23T09:51:08+00:00;https://www.openstreetmap.org/user/Braian%20Dradi
2003;24079349;Piticave;2;0;0;0;0;0;0;0;0;0;0;2;2026-05-23T10:41:48+00:00;2026-05-30T17:18:03+00:00;https://www.openstreetmap.org/user/Piticave
2004;24117795;Alessandro Numana;2;0;0;0;0;0;0;0;0;0;0;2;2026-05-11T09:39:50+00:00;2026-05-11T09:59:04+00:00;https://www.openstreetmap.org/user/Alessandro%20Numana
2005;24162803;Irapoli;2;0;0;0;0;0;0;0;0;0;0;2;2026-05-27T16:35:13+00:00;2026-05-27T16:37:12+00:00;https://www.openstreetmap.org/user/Irapoli
2006;24208424;Woffylu;2;0;0;0;0;0;0;0;0;0;0;2;2026-06-11T15:25:41+00:00;2026-06-11T15:32:09+00:00;https://www.openstreetmap.org/user/Woffylu
2007;24228370;strudlik;2;0;0;0;0;0;0;0;0;0;0;2;2026-07-27T12:58:31+00:00;2026-07-27T12:58:58+00:00;https://www.openstreetmap.org/user/strudlik
2008;24289167;Guterfluss;2;0;0;0;0;0;0;0;0;0;0;2;2026-07-24T21:58:59+00:00;2026-07-24T21:59:07+00:00;https://www.openstreetmap.org/user/Guterfluss
2009;24590899;Raffaele Galanti;2;0;0;0;0;0;0;0;0;0;0;2;2026-09-24T23:29:53+00:00;2026-09-25T14:02:05+00:00;https://www.openstreetmap.org/user/Raffaele%20Galanti
2010;2904;Emilio Gomez;1;0;0;1;0;0;0;0;0;0;0;0;2018-08-09T18:49:51+00:00;2018-08-09T18:49:51+00:00;https://www.openstreetmap.org/user/Emilio%20Gomez
2011;5211;emvee;1;0;0;0;0;0;0;0;1;0;0;0;2023-08-27T11:55:45+00:00;2023-08-27T11:55:45+00:00;https://www.openstreetmap.org/user/emvee
2012;6460;Patrik Eschle;1;0;0;0;0;0;1;0;0;0;0;0;2021-09-01T05:24:37+00:00;2021-09-01T05:24:37+00:00;https://www.openstreetmap.org/user/Patrik%20Eschle
2013;8082;Pim Moerenhout;1;0;0;0;0;0;0;0;0;0;1;0;2025-08-18T12:05:31+00:00;2025-08-18T12:05:31+00:00;https://www.openstreetmap.org/user/Pim%20Moerenhout
2014;10519;alga;1;0;0;0;1;0;0;0;0;0;0;0;2019-10-24T21:54:02+00:00;2019-10-24T21:54:02+00:00;https://www.openstreetmap.org/user/alga
2015;12837;flschm;1;0;0;0;0;0;0;0;0;1;0;0;2024-03-31T11:16:45+00:00;2024-03-31T11:16:45+00:00;https://www.openstreetmap.org/user/flschm
2016;13957;Grillo;1;0;1;0;0;0;0;0;0;0;0;0;2017-02-16T09:09:38+00:00;2017-02-16T09:09:38+00:00;https://www.openstreetmap.org/user/Grillo
2017;14424;Steelgreyhound;1;0;0;0;0;0;0;0;0;1;0;0;2024-09-27T19:32:16+00:00;2024-09-27T19:32:16+00:00;https://www.openstreetmap.org/user/Steelgreyhound
2018;15837;matte;1;1;0;0;0;0;0;0;0;0;0;0;2016-08-24T09:59:54+00:00;2016-08-24T09:59:54+00:00;https://www.openstreetmap.org/user/matte
2019;18440;itom;1;1;0;0;0;0;0;0;0;0;0;0;2016-08-29T08:05:19+00:00;2016-08-29T08:05:19+00:00;https://www.openstreetmap.org/user/itom
2020;22060;chrischan;1;0;0;0;0;0;0;0;1;0;0;0;2023-07-03T20:48:05+00:00;2023-07-03T20:48:05+00:00;https://www.openstreetmap.org/user/chrischan
2021;22369;aylex;1;0;0;0;0;1;0;0;0;0;0;0;2020-11-06T19:48:28+00:00;2020-11-06T19:48:28+00:00;https://www.openstreetmap.org/user/aylex
2022;26299;uboot;1;0;0;0;0;0;0;0;0;1;0;0;2024-12-29T21:05:48+00:00;2024-12-29T21:05:48+00:00;https://www.openstreetmap.org/user/uboot
2023;26734;yetzt;1;0;0;0;0;0;0;0;0;0;0;1;2026-08-08T17:59:47+00:00;2026-08-08T17:59:47+00:00;https://www.openstreetmap.org/user/yetzt
2024;27099;MAPconcierge;1;0;0;0;0;0;0;0;0;0;1;0;2025-04-19T16:24:05+00:00;2025-04-19T16:24:05+00:00;https://www.openstreetmap.org/user/MAPconcierge
2025;28559;Stemby;1;1;0;0;0;0;0;0;0;0;0;0;2016-10-27T18:18:36+00:00;2016-10-27T18:18:36+00:00;https://www.openstreetmap.org/user/Stemby
2026;29755;Enrico Zini;1;0;0;0;0;0;0;0;1;0;0;0;2023-09-28T20:20:14+00:00;2023-09-28T20:20:14+00:00;https://www.openstreetmap.org/user/Enrico%20Zini
2027;29874;Godot;1;0;0;0;0;0;0;0;0;0;1;0;2025-11-10T06:54:07+00:00;2025-11-10T06:54:07+00:00;https://www.openstreetmap.org/user/Godot
2028;30566;Pascal Mages;1;0;0;0;0;0;0;0;0;1;0;0;2024-04-28T07:35:50+00:00;2024-04-28T07:35:50+00:00;https://www.openstreetmap.org/user/Pascal%20Mages
2029;32788;alloalli;1;0;0;0;0;0;0;0;0;0;1;0;2025-04-04T08:35:38+00:00;2025-04-04T08:35:38+00:00;https://www.openstreetmap.org/user/alloalli
2030;33223;k127;1;0;0;0;0;0;0;0;1;0;0;0;2023-11-30T02:09:42+00:00;2023-11-30T02:09:42+00:00;https://www.openstreetmap.org/user/k127
2031;35560;Peilscheibe;1;0;0;0;0;1;0;0;0;0;0;0;2020-01-23T18:07:16+00:00;2020-01-23T18:07:16+00:00;https://www.openstreetmap.org/user/Peilscheibe
2032;36065;Team Saturo;1;0;0;0;0;0;0;1;0;0;0;0;2022-10-31T07:21:36+00:00;2022-10-31T07:21:36+00:00;https://www.openstreetmap.org/user/Team%20Saturo
2033;40001;Diec;1;0;1;0;0;0;0;0;0;0;0;0;2017-04-02T09:14:28+00:00;2017-04-02T09:14:28+00:00;https://www.openstreetmap.org/user/Diec
2034;41435;Rasch;1;0;0;0;0;0;0;0;0;1;0;0;2024-04-02T21:43:43+00:00;2024-04-02T21:43:43+00:00;https://www.openstreetmap.org/user/Rasch
2035;52552;Matija Nalis;1;0;0;0;0;0;0;0;1;0;0;0;2023-07-09T02:18:51+00:00;2023-07-09T02:18:51+00:00;https://www.openstreetmap.org/user/Matija%20Nalis
2036;59221;vezzo;1;1;0;0;0;0;0;0;0;0;0;0;2016-10-26T21:53:31+00:00;2016-10-26T21:53:31+00:00;https://www.openstreetmap.org/user/vezzo
2037;60456;algefaen;1;0;0;0;1;0;0;0;0;0;0;0;2019-04-19T21:16:15+00:00;2019-04-19T21:16:15+00:00;https://www.openstreetmap.org/user/algefaen
2038;61042;Agh;1;0;0;0;0;0;0;0;1;0;0;0;2023-11-21T11:47:16+00:00;2023-11-21T11:47:16+00:00;https://www.openstreetmap.org/user/Agh
2039;61201;gDAniele;1;0;0;0;0;0;1;0;0;0;0;0;2021-07-23T12:56:39+00:00;2021-07-23T12:56:39+00:00;https://www.openstreetmap.org/user/gDAniele
2040;62882;friedl;1;0;1;0;0;0;0;0;0;0;0;0;2017-04-04T15:47:04+00:00;2017-04-04T15:47:04+00:00;https://www.openstreetmap.org/user/friedl
2041;66421;jackthebest;1;0;1;0;0;0;0;0;0;0;0;0;2017-07-03T08:19:25+00:00;2017-07-03T08:19:25+00:00;https://www.openstreetmap.org/user/jackthebest
2042;67013;Fra_geo;1;0;1;0;0;0;0;0;0;0;0;0;2017-08-18T23:02:53+00:00;2017-08-18T23:02:53+00:00;https://www.openstreetmap.org/user/Fra_geo
2043;69102;Mathbau;1;0;0;0;0;0;0;0;0;0;1;0;2025-12-01T19:46:22+00:00;2025-12-01T19:46:22+00:00;https://www.openstreetmap.org/user/Mathbau
2044;69607;rmikke;1;0;1;0;0;0;0;0;0;0;0;0;2017-03-22T12:59:30+00:00;2017-03-22T12:59:30+00:00;https://www.openstreetmap.org/user/rmikke
2045;70280;Dong Huan;1;0;0;0;0;0;0;1;0;0;0;0;2022-09-24T09:39:47+00:00;2022-09-24T09:39:47+00:00;https://www.openstreetmap.org/user/Dong%20Huan
2046;75681;MiXeR;1;1;0;0;0;0;0;0;0;0;0;0;2016-06-02T16:06:20+00:00;2016-06-02T16:06:20+00:00;https://www.openstreetmap.org/user/MiXeR
2047;77114;LLAQWA;1;0;1;0;0;0;0;0;0;0;0;0;2017-11-20T22:00:27+00:00;2017-11-20T22:00:27+00:00;https://www.openstreetmap.org/user/LLAQWA
2048;78918;j03lar50n;1;1;0;0;0;0;0;0;0;0;0;0;2016-08-24T15:08:32+00:00;2016-08-24T15:08:32+00:00;https://www.openstreetmap.org/user/j03lar50n
2049;79348;HaStMe;1;0;0;0;1;0;0;0;0;0;0;0;2019-12-14T18:59:10+00:00;2019-12-14T18:59:10+00:00;https://www.openstreetmap.org/user/HaStMe
2050;79559;Zando;1;0;0;0;0;0;0;0;1;0;0;0;2023-07-05T07:51:09+00:00;2023-07-05T07:51:09+00:00;https://www.openstreetmap.org/user/Zando
2051;83501;riiga;1;0;1;0;0;0;0;0;0;0;0;0;2017-03-12T10:40:35+00:00;2017-03-12T10:40:35+00:00;https://www.openstreetmap.org/user/riiga
2052;83649;elperu;1;0;0;0;1;0;0;0;0;0;0;0;2019-08-15T12:40:11+00:00;2019-08-15T12:40:11+00:00;https://www.openstreetmap.org/user/elperu
2053;84637;V-Li;1;0;0;0;1;0;0;0;0;0;0;0;2019-04-27T10:22:11+00:00;2019-04-27T10:22:11+00:00;https://www.openstreetmap.org/user/V-Li
2054;85116;JIDB;1;0;0;0;0;0;0;0;0;1;0;0;2024-06-03T21:11:35+00:00;2024-06-03T21:11:35+00:00;https://www.openstreetmap.org/user/JIDB
2055;87723;Shiega;1;0;0;0;1;0;0;0;0;0;0;0;2019-01-05T13:56:32+00:00;2019-01-05T13:56:32+00:00;https://www.openstreetmap.org/user/Shiega
2056;90188;hypersciocco;1;0;0;0;0;0;0;1;0;0;0;0;2022-09-16T08:10:57+00:00;2022-09-16T08:10:57+00:00;https://www.openstreetmap.org/user/hypersciocco
2057;93451;grozsa11;1;0;0;0;0;0;0;0;1;0;0;0;2023-03-06T13:12:14+00:00;2023-03-06T13:12:14+00:00;https://www.openstreetmap.org/user/grozsa11
2058;96685;bellazambo;1;1;0;0;0;0;0;0;0;0;0;0;2016-08-24T19:09:19+00:00;2016-08-24T19:09:19+00:00;https://www.openstreetmap.org/user/bellazambo
2059;99800;wolfbert;1;0;1;0;0;0;0;0;0;0;0;0;2017-03-13T11:59:33+00:00;2017-03-13T11:59:33+00:00;https://www.openstreetmap.org/user/wolfbert
2060;116911;vueltero;1;0;0;0;0;0;1;0;0;0;0;0;2021-06-25T07:54:52+00:00;2021-06-25T07:54:52+00:00;https://www.openstreetmap.org/user/vueltero
2061;118927;DSem;1;0;0;1;0;0;0;0;0;0;0;0;2018-07-05T14:02:07+00:00;2018-07-05T14:02:07+00:00;https://www.openstreetmap.org/user/DSem
2062;120595;bio;1;0;0;0;0;0;0;1;0;0;0;0;2022-06-26T18:42:54+00:00;2022-06-26T18:42:54+00:00;https://www.openstreetmap.org/user/bio
2063;126598;Matteo Quatrida;1;0;0;0;0;0;1;0;0;0;0;0;2021-08-28T07:26:37+00:00;2021-08-28T07:26:37+00:00;https://www.openstreetmap.org/user/Matteo%20Quatrida
2064;137823;Huldega;1;0;0;0;1;0;0;0;0;0;0;0;2019-03-22T16:03:23+00:00;2019-03-22T16:03:23+00:00;https://www.openstreetmap.org/user/Huldega
2065;142769;asdakloek;1;0;0;0;0;0;0;0;0;0;1;0;2025-05-03T12:26:47+00:00;2025-05-03T12:26:47+00:00;https://www.openstreetmap.org/user/asdakloek
2066;149445;742;1;0;1;0;0;0;0;0;0;0;0;0;2017-01-03T10:36:23+00:00;2017-01-03T10:36:23+00:00;https://www.openstreetmap.org/user/742
2067;159039;mutnig;1;0;0;0;0;0;0;0;0;0;1;0;2025-06-14T07:53:27+00:00;2025-06-14T07:53:27+00:00;https://www.openstreetmap.org/user/mutnig
2068;169252;capataz;1;0;0;0;0;0;0;0;0;1;0;0;2024-11-09T15:43:46+00:00;2024-11-09T15:43:46+00:00;https://www.openstreetmap.org/user/capataz
2069;172061;CloCkWeRX;1;1;0;0;0;0;0;0;0;0;0;0;2016-08-06T13:38:20+00:00;2016-08-06T13:38:20+00:00;https://www.openstreetmap.org/user/CloCkWeRX
2070;175702;AxelBoldt;1;0;0;0;0;0;1;0;0;0;0;0;2021-07-29T19:35:21+00:00;2021-07-29T19:35:21+00:00;https://www.openstreetmap.org/user/AxelBoldt
2071;179540;sushi_klaus;1;0;1;0;0;0;0;0;0;0;0;0;2017-08-09T10:07:05+00:00;2017-08-09T10:07:05+00:00;https://www.openstreetmap.org/user/sushi_klaus
2072;191112;tekim;1;0;0;0;0;0;0;0;0;1;0;0;2024-03-23T16:12:17+00:00;2024-03-23T16:12:17+00:00;https://www.openstreetmap.org/user/tekim
2073;192467;goedegazelle;1;0;0;1;0;0;0;0;0;0;0;0;2018-05-09T19:19:11+00:00;2018-05-09T19:19:11+00:00;https://www.openstreetmap.org/user/goedegazelle
2074;193512;Pyknite;1;0;0;0;0;0;0;0;0;0;1;0;2025-08-05T06:06:43+00:00;2025-08-05T06:06:43+00:00;https://www.openstreetmap.org/user/Pyknite
2075;195017;Julien39;1;0;0;0;0;0;0;1;0;0;0;0;2022-07-07T14:05:52+00:00;2022-07-07T14:05:52+00:00;https://www.openstreetmap.org/user/Julien39
2076;195989;gi4mmyz;1;0;0;0;0;0;0;0;0;0;0;1;2026-08-28T18:40:35+00:00;2026-08-28T18:40:35+00:00;https://www.openstreetmap.org/user/gi4mmyz
2077;203874;dedo;1;0;0;0;1;0;0;0;0;0;0;0;2019-03-26T12:00:36+00:00;2019-03-26T12:00:36+00:00;https://www.openstreetmap.org/user/dedo
2078;208399;D_Guidi;1;1;0;0;0;0;0;0;0;0;0;0;2016-06-24T15:39:55+00:00;2016-06-24T15:39:55+00:00;https://www.openstreetmap.org/user/D_Guidi
2079;209796;LudovicG;1;0;0;0;0;0;0;0;1;0;0;0;2023-04-30T17:59:25+00:00;2023-04-30T17:59:25+00:00;https://www.openstreetmap.org/user/LudovicG
2080;210173;osmmaker;1;1;0;0;0;0;0;0;0;0;0;0;2016-08-31T00:51:14+00:00;2016-08-31T00:51:14+00:00;https://www.openstreetmap.org/user/osmmaker
2081;213901;geppo65;1;0;0;0;1;0;0;0;0;0;0;0;2019-09-17T20:59:26+00:00;2019-09-17T20:59:26+00:00;https://www.openstreetmap.org/user/geppo65
2082;218114;ArizonaMapper;1;0;0;0;0;0;0;0;0;1;0;0;2024-02-09T14:28:29+00:00;2024-02-09T14:28:29+00:00;https://www.openstreetmap.org/user/ArizonaMapper
2083;221961;gvb;1;0;0;0;0;0;0;0;0;0;1;0;2025-06-29T19:31:27+00:00;2025-06-29T19:31:27+00:00;https://www.openstreetmap.org/user/gvb
2084;222997;PerfiduS;1;0;0;0;1;0;0;0;0;0;0;0;2019-08-29T20:33:41+00:00;2019-08-29T20:33:41+00:00;https://www.openstreetmap.org/user/PerfiduS
2085;224610;stangoodman;1;0;1;0;0;0;0;0;0;0;0;0;2017-05-08T19:28:16+00:00;2017-05-08T19:28:16+00:00;https://www.openstreetmap.org/user/stangoodman
2086;226516;PierZen;1;1;0;0;0;0;0;0;0;0;0;0;2016-08-25T03:15:19+00:00;2016-08-25T03:15:19+00:00;https://www.openstreetmap.org/user/PierZen
2087;238419;HubMiner;1;0;0;0;1;0;0;0;0;0;0;0;2019-10-16T04:19:14+00:00;2019-10-16T04:19:14+00:00;https://www.openstreetmap.org/user/HubMiner
2088;244754;Janjko;1;0;0;1;0;0;0;0;0;0;0;0;2018-09-07T10:29:52+00:00;2018-09-07T10:29:52+00:00;https://www.openstreetmap.org/user/Janjko
2089;255999;teramirez;1;1;0;0;0;0;0;0;0;0;0;0;2016-07-20T04:54:54+00:00;2016-07-20T04:54:54+00:00;https://www.openstreetmap.org/user/teramirez
2090;257972;Peakfinder;1;0;0;0;0;1;0;0;0;0;0;0;2020-08-09T14:06:04+00:00;2020-08-09T14:06:04+00:00;https://www.openstreetmap.org/user/Peakfinder
2091;282711;linu650;1;0;0;0;0;0;0;0;0;0;0;1;2026-03-07T17:05:21+00:00;2026-03-07T17:05:21+00:00;https://www.openstreetmap.org/user/linu650
2092;293914;carlogek;1;0;0;1;0;0;0;0;0;0;0;0;2018-08-31T16:21:00+00:00;2018-08-31T16:21:00+00:00;https://www.openstreetmap.org/user/carlogek
2093;295439;mikki65;1;0;0;1;0;0;0;0;0;0;0;0;2018-11-24T22:46:30+00:00;2018-11-24T22:46:30+00:00;https://www.openstreetmap.org/user/mikki65
2094;300459;didier2020;1;0;0;0;0;0;0;0;0;0;0;1;2026-05-31T17:42:01+00:00;2026-05-31T17:42:01+00:00;https://www.openstreetmap.org/user/didier2020
2095;302127;hans02;1;0;0;1;0;0;0;0;0;0;0;0;2018-09-10T18:43:56+00:00;2018-09-10T18:43:56+00:00;https://www.openstreetmap.org/user/hans02
2096;313693;bigstones;1;1;0;0;0;0;0;0;0;0;0;0;2016-05-15T14:54:43+00:00;2016-05-15T14:54:43+00:00;https://www.openstreetmap.org/user/bigstones
2097;319488;Beta16;1;0;0;0;0;0;0;0;0;1;0;0;2024-06-23T22:39:12+00:00;2024-06-23T22:39:12+00:00;https://www.openstreetmap.org/user/Beta16
2098;335143;Bogomil Shopov - Бого;1;0;0;0;0;0;0;0;0;0;1;0;2025-10-26T09:24:00+00:00;2025-10-26T09:24:00+00:00;https://www.openstreetmap.org/user/Bogomil%20Shopov%20-%20%D0%91%D0%BE%D0%B3%D0%BE
2099;335871;zenonp;1;0;0;1;0;0;0;0;0;0;0;0;2018-07-31T11:49:36+00:00;2018-07-31T11:49:36+00:00;https://www.openstreetmap.org/user/zenonp
2100;348712;lukasbrunner;1;0;0;0;1;0;0;0;0;0;0;0;2019-07-30T06:54:17+00:00;2019-07-30T06:54:17+00:00;https://www.openstreetmap.org/user/lukasbrunner
2101;362126;Зелёный Кошак;1;1;0;0;0;0;0;0;0;0;0;0;2016-10-28T01:45:14+00:00;2016-10-28T01:45:14+00:00;https://www.openstreetmap.org/user/%D0%97%D0%B5%D0%BB%D1%91%D0%BD%D1%8B%D0%B9%20%D0%9A%D0%BE%D1%88%D0%B0%D0%BA
2102;362463;EuleKC;1;0;0;0;0;0;1;0;0;0;0;0;2021-03-16T01:31:37+00:00;2021-03-16T01:31:37+00:00;https://www.openstreetmap.org/user/EuleKC
2103;374342;hocu;1;0;0;0;0;0;0;0;0;1;0;0;2024-08-20T20:24:25+00:00;2024-08-20T20:24:25+00:00;https://www.openstreetmap.org/user/hocu
2104;378808;msturari;1;0;0;0;0;0;1;0;0;0;0;0;2021-10-15T08:42:41+00:00;2021-10-15T08:42:41+00:00;https://www.openstreetmap.org/user/msturari
2105;379039;pitec;1;0;0;0;0;0;0;0;0;0;0;1;2026-09-26T16:34:35+00:00;2026-09-26T16:34:35+00:00;https://www.openstreetmap.org/user/pitec
2106;383247;Enri;1;0;0;0;0;1;0;0;0;0;0;0;2020-05-19T15:23:39+00:00;2020-05-19T15:23:39+00:00;https://www.openstreetmap.org/user/Enri
2107;386132;gueggeli;1;0;0;0;0;0;0;0;1;0;0;0;2023-03-07T12:52:51+00:00;2023-03-07T12:52:51+00:00;https://www.openstreetmap.org/user/gueggeli
2108;392817;alessiopiccioli;1;0;0;0;0;0;1;0;0;0;0;0;2021-04-18T14:12:20+00:00;2021-04-18T14:12:20+00:00;https://www.openstreetmap.org/user/alessiopiccioli
2109;393516;Henrik R;1;0;0;0;1;0;0;0;0;0;0;0;2019-05-05T10:08:41+00:00;2019-05-05T10:08:41+00:00;https://www.openstreetmap.org/user/Henrik%20R
2110;412390;MrWebber;1;0;1;0;0;0;0;0;0;0;0;0;2017-05-05T14:04:38+00:00;2017-05-05T14:04:38+00:00;https://www.openstreetmap.org/user/MrWebber
2111;424656;fratondo;1;0;0;0;0;1;0;0;0;0;0;0;2020-10-29T18:18:59+00:00;2020-10-29T18:18:59+00:00;https://www.openstreetmap.org/user/fratondo
2112;427315;alexamici;1;0;0;0;0;1;0;0;0;0;0;0;2020-07-27T06:31:02+00:00;2020-07-27T06:31:02+00:00;https://www.openstreetmap.org/user/alexamici
2113;430497;dotangel;1;0;0;0;0;0;0;0;1;0;0;0;2023-02-19T14:08:41+00:00;2023-02-19T14:08:41+00:00;https://www.openstreetmap.org/user/dotangel
2114;436132;kaxtillo;1;1;0;0;0;0;0;0;0;0;0;0;2016-08-25T14:29:37+00:00;2016-08-25T14:29:37+00:00;https://www.openstreetmap.org/user/kaxtillo
2115;436419;wvdp;1;0;0;0;1;0;0;0;0;0;0;0;2019-04-14T09:41:12+00:00;2019-04-14T09:41:12+00:00;https://www.openstreetmap.org/user/wvdp
2116;437598;dmgroom_ct;1;0;0;0;0;0;0;0;0;1;0;0;2024-11-24T11:08:55+00:00;2024-11-24T11:08:55+00:00;https://www.openstreetmap.org/user/dmgroom_ct
2117;445743;ac201;1;0;0;0;0;0;1;0;0;0;0;0;2021-09-21T19:34:28+00:00;2021-09-21T19:34:28+00:00;https://www.openstreetmap.org/user/ac201
2118;447052;Andrea Spurio;1;0;1;0;0;0;0;0;0;0;0;0;2017-02-24T19:03:50+00:00;2017-02-24T19:03:50+00:00;https://www.openstreetmap.org/user/Andrea%20Spurio
2119;447639;kunyasobe;1;0;0;0;0;0;0;1;0;0;0;0;2022-02-09T18:01:11+00:00;2022-02-09T18:01:11+00:00;https://www.openstreetmap.org/user/kunyasobe
2120;454325;Fnaq;1;0;0;0;0;0;0;1;0;0;0;0;2022-03-03T07:32:52+00:00;2022-03-03T07:32:52+00:00;https://www.openstreetmap.org/user/Fnaq
2121;461130;Fizzie-DWG;1;0;0;0;0;0;0;0;1;0;0;0;2023-10-25T05:23:56+00:00;2023-10-25T05:23:56+00:00;https://www.openstreetmap.org/user/Fizzie-DWG
2122;464700;albertolemiliano;1;0;1;0;0;0;0;0;0;0;0;0;2017-01-04T13:56:41+00:00;2017-01-04T13:56:41+00:00;https://www.openstreetmap.org/user/albertolemiliano
2123;485074;Chrysopras;1;0;1;0;0;0;0;0;0;0;0;0;2017-04-08T10:14:11+00:00;2017-04-08T10:14:11+00:00;https://www.openstreetmap.org/user/Chrysopras
2124;510836;Rub21;1;1;0;0;0;0;0;0;0;0;0;0;2016-06-15T21:23:58+00:00;2016-06-15T21:23:58+00:00;https://www.openstreetmap.org/user/Rub21
2125;512457;elb000;1;0;0;0;0;0;0;0;1;0;0;0;2023-12-23T09:52:02+00:00;2023-12-23T09:52:02+00:00;https://www.openstreetmap.org/user/elb000
2126;537042;gigigalantini;1;0;1;0;0;0;0;0;0;0;0;0;2017-05-15T15:22:38+00:00;2017-05-15T15:22:38+00:00;https://www.openstreetmap.org/user/gigigalantini
2127;549825;frasty;1;0;1;0;0;0;0;0;0;0;0;0;2017-07-10T18:13:59+00:00;2017-07-10T18:13:59+00:00;https://www.openstreetmap.org/user/frasty
2128;553443;tulips;1;0;1;0;0;0;0;0;0;0;0;0;2017-09-20T11:22:15+00:00;2017-09-20T11:22:15+00:00;https://www.openstreetmap.org/user/tulips
2129;554235;Malhado;1;0;0;0;0;0;0;0;0;0;0;1;2026-03-15T11:54:27+00:00;2026-03-15T11:54:27+00:00;https://www.openstreetmap.org/user/Malhado
2130;563155;Lucast85;1;1;0;0;0;0;0;0;0;0;0;0;2016-06-01T08:02:11+00:00;2016-06-01T08:02:11+00:00;https://www.openstreetmap.org/user/Lucast85
2131;567792;Natfoot;1;0;0;0;0;0;0;0;0;0;0;1;2026-03-02T02:59:26+00:00;2026-03-02T02:59:26+00:00;https://www.openstreetmap.org/user/Natfoot
2132;568136;mibtrenta;1;0;0;1;0;0;0;0;0;0;0;0;2018-08-06T17:13:39+00:00;2018-08-06T17:13:39+00:00;https://www.openstreetmap.org/user/mibtrenta
2133;574654;Tom_Holland;1;0;1;0;0;0;0;0;0;0;0;0;2017-02-19T18:01:27+00:00;2017-02-19T18:01:27+00:00;https://www.openstreetmap.org/user/Tom_Holland
2134;590907;cbdavis;1;1;0;0;0;0;0;0;0;0;0;0;2016-12-06T12:08:06+00:00;2016-12-06T12:08:06+00:00;https://www.openstreetmap.org/user/cbdavis
2135;591667;edferoci;1;1;0;0;0;0;0;0;0;0;0;0;2016-08-26T19:35:39+00:00;2016-08-26T19:35:39+00:00;https://www.openstreetmap.org/user/edferoci
2136;597467;Rimba;1;0;0;0;0;0;0;0;0;1;0;0;2024-01-07T16:14:47+00:00;2024-01-07T16:14:47+00:00;https://www.openstreetmap.org/user/Rimba
2137;607947;seba85;1;0;1;0;0;0;0;0;0;0;0;0;2017-11-23T11:56:58+00:00;2017-11-23T11:56:58+00:00;https://www.openstreetmap.org/user/seba85
2138;621202;dpaschich;1;0;0;0;0;0;0;0;1;0;0;0;2023-11-29T03:46:28+00:00;2023-11-29T03:46:28+00:00;https://www.openstreetmap.org/user/dpaschich
2139;625524;marcodena;1;0;0;0;0;0;0;1;0;0;0;0;2022-08-28T15:25:49+00:00;2022-08-28T15:25:49+00:00;https://www.openstreetmap.org/user/marcodena
2140;627593;Diego Duvia;1;0;1;0;0;0;0;0;0;0;0;0;2017-06-26T08:50:26+00:00;2017-06-26T08:50:26+00:00;https://www.openstreetmap.org/user/Diego%20Duvia
2141;630576;gwddue;1;0;1;0;0;0;0;0;0;0;0;0;2017-08-19T08:59:01+00:00;2017-08-19T08:59:01+00:00;https://www.openstreetmap.org/user/gwddue
2142;637961;Afnecors;1;0;1;0;0;0;0;0;0;0;0;0;2017-11-21T22:43:05+00:00;2017-11-21T22:43:05+00:00;https://www.openstreetmap.org/user/Afnecors
2143;638183;RicoZ;1;1;0;0;0;0;0;0;0;0;0;0;2016-06-14T15:54:14+00:00;2016-06-14T15:54:14+00:00;https://www.openstreetmap.org/user/RicoZ
2144;644747;valerio_de_luca;1;0;0;0;0;0;0;1;0;0;0;0;2022-09-18T15:55:24+00:00;2022-09-18T15:55:24+00:00;https://www.openstreetmap.org/user/valerio_de_luca
2145;645206;Colm O'Neill;1;0;0;0;0;0;0;1;0;0;0;0;2022-01-13T15:17:49+00:00;2022-01-13T15:17:49+00:00;https://www.openstreetmap.org/user/Colm%20O%27Neill
2146;645538;vademecum;1;0;1;0;0;0;0;0;0;0;0;0;2017-06-12T19:33:33+00:00;2017-06-12T19:33:33+00:00;https://www.openstreetmap.org/user/vademecum
2147;669433;nazzareno straccia;1;0;0;0;0;1;0;0;0;0;0;0;2020-04-04T08:23:23+00:00;2020-04-04T08:23:23+00:00;https://www.openstreetmap.org/user/nazzareno%20straccia
2148;672706;Mike Tamanti;1;0;0;0;0;0;0;0;0;0;1;0;2025-10-30T00:05:03+00:00;2025-10-30T00:05:03+00:00;https://www.openstreetmap.org/user/Mike%20Tamanti
2149;676286;johahn;1;1;0;0;0;0;0;0;0;0;0;0;2016-05-27T10:19:07+00:00;2016-05-27T10:19:07+00:00;https://www.openstreetmap.org/user/johahn
2150;691314;H@mlet;1;0;1;0;0;0;0;0;0;0;0;0;2017-03-04T18:22:19+00:00;2017-03-04T18:22:19+00:00;https://www.openstreetmap.org/user/H%40mlet
2151;696723;Fabienamnet;1;0;0;0;0;0;0;0;0;0;1;0;2025-12-08T17:08:40+00:00;2025-12-08T17:08:40+00:00;https://www.openstreetmap.org/user/Fabienamnet
2152;698395;hotpoint;1;0;0;0;1;0;0;0;0;0;0;0;2019-08-09T14:06:43+00:00;2019-08-09T14:06:43+00:00;https://www.openstreetmap.org/user/hotpoint
2153;709289;Super-Map;1;0;1;0;0;0;0;0;0;0;0;0;2017-02-27T12:26:23+00:00;2017-02-27T12:26:23+00:00;https://www.openstreetmap.org/user/Super-Map
2154;716570;Francesco V;1;0;0;0;0;0;0;0;0;1;0;0;2024-05-01T18:45:15+00:00;2024-05-01T18:45:15+00:00;https://www.openstreetmap.org/user/Francesco%20V
2155;731498;Agno-phi;1;0;1;0;0;0;0;0;0;0;0;0;2017-08-18T15:47:43+00:00;2017-08-18T15:47:43+00:00;https://www.openstreetmap.org/user/Agno-phi
2156;734100;madbob;1;0;0;1;0;0;0;0;0;0;0;0;2018-09-02T21:34:01+00:00;2018-09-02T21:34:01+00:00;https://www.openstreetmap.org/user/madbob
2157;753014;KIngaJOnes;1;1;0;0;0;0;0;0;0;0;0;0;2016-12-26T12:31:31+00:00;2016-12-26T12:31:31+00:00;https://www.openstreetmap.org/user/KIngaJOnes
2158;768145;Jotam;1;0;1;0;0;0;0;0;0;0;0;0;2017-05-03T09:33:33+00:00;2017-05-03T09:33:33+00:00;https://www.openstreetmap.org/user/Jotam
2159;792910;BojanKras;1;0;0;0;0;0;0;0;0;1;0;0;2024-08-04T10:41:25+00:00;2024-08-04T10:41:25+00:00;https://www.openstreetmap.org/user/BojanKras
2160;794589;mcceqc;1;0;0;0;0;0;1;0;0;0;0;0;2021-09-09T22:13:38+00:00;2021-09-09T22:13:38+00:00;https://www.openstreetmap.org/user/mcceqc
2161;805590;rabeyroux;1;1;0;0;0;0;0;0;0;0;0;0;2016-08-27T08:33:28+00:00;2016-08-27T08:33:28+00:00;https://www.openstreetmap.org/user/rabeyroux
2162;810403;OsmJo;1;0;0;1;0;0;0;0;0;0;0;0;2018-05-18T19:42:17+00:00;2018-05-18T19:42:17+00:00;https://www.openstreetmap.org/user/OsmJo
2163;827957;ladoga;1;0;0;0;0;0;1;0;0;0;0;0;2021-12-02T12:03:25+00:00;2021-12-02T12:03:25+00:00;https://www.openstreetmap.org/user/ladoga
2164;870861;user_870861;1;1;0;0;0;0;0;0;0;0;0;0;2016-04-04T15:44:27+00:00;2016-04-04T15:44:27+00:00;https://www.openstreetmap.org/user/user_870861
2165;884277;Nelson777;1;0;1;0;0;0;0;0;0;0;0;0;2017-08-23T14:36:08+00:00;2017-08-23T14:36:08+00:00;https://www.openstreetmap.org/user/Nelson777
2166;897063;maorin;1;1;0;0;0;0;0;0;0;0;0;0;2016-07-06T07:42:07+00:00;2016-07-06T07:42:07+00:00;https://www.openstreetmap.org/user/maorin
2167;928855;cmaglie;1;0;0;0;0;0;0;0;0;0;0;1;2026-01-10T15:48:28+00:00;2026-01-10T15:48:28+00:00;https://www.openstreetmap.org/user/cmaglie
2168;958845;Petr Fukátko;1;0;0;0;0;0;0;0;0;0;1;0;2025-09-16T12:29:42+00:00;2025-09-16T12:29:42+00:00;https://www.openstreetmap.org/user/Petr%20Fuk%C3%A1tko
2169;1026014;maxpcc;1;0;0;0;0;1;0;0;0;0;0;0;2020-11-29T14:28:25+00:00;2020-11-29T14:28:25+00:00;https://www.openstreetmap.org/user/maxpcc
2170;1075395;trallallahoi;1;0;0;0;0;0;0;0;0;0;1;0;2025-05-19T12:58:57+00:00;2025-05-19T12:58:57+00:00;https://www.openstreetmap.org/user/trallallahoi
2171;1122708;zaizone;1;0;0;0;1;0;0;0;0;0;0;0;2019-01-15T13:45:49+00:00;2019-01-15T13:45:49+00:00;https://www.openstreetmap.org/user/zaizone
2172;1151225;andnars;1;0;0;0;0;0;0;0;0;1;0;0;2024-10-31T15:17:05+00:00;2024-10-31T15:17:05+00:00;https://www.openstreetmap.org/user/andnars
2173;1189062;csmggl;1;0;1;0;0;0;0;0;0;0;0;0;2017-09-07T14:45:48+00:00;2017-09-07T14:45:48+00:00;https://www.openstreetmap.org/user/csmggl
2174;1198074;DoubleA;1;0;0;0;0;0;0;0;1;0;0;0;2023-03-15T17:18:17+00:00;2023-03-15T17:18:17+00:00;https://www.openstreetmap.org/user/DoubleA
2175;1220473;gepgep;1;0;0;0;0;0;0;0;0;0;1;0;2025-12-19T09:49:22+00:00;2025-12-19T09:49:22+00:00;https://www.openstreetmap.org/user/gepgep
2176;1230818;Ygramul;1;0;0;0;0;0;0;0;0;0;1;0;2025-01-12T20:08:35+00:00;2025-01-12T20:08:35+00:00;https://www.openstreetmap.org/user/Ygramul
2177;1248925;Prt_An;1;0;0;0;0;0;0;1;0;0;0;0;2022-01-26T13:29:15+00:00;2022-01-26T13:29:15+00:00;https://www.openstreetmap.org/user/Prt_An
2178;1281932;marcoSt;1;0;0;0;0;1;0;0;0;0;0;0;2020-01-29T21:43:52+00:00;2020-01-29T21:43:52+00:00;https://www.openstreetmap.org/user/marcoSt
2179;1306319;spidernik84;1;0;0;0;0;0;0;0;0;0;0;1;2026-07-13T10:58:57+00:00;2026-07-13T10:58:57+00:00;https://www.openstreetmap.org/user/spidernik84
2180;1414919;charlieloyd;1;0;0;0;0;0;1;0;0;0;0;0;2021-11-16T04:04:01+00:00;2021-11-16T04:04:01+00:00;https://www.openstreetmap.org/user/charlieloyd
2181;1419697;kanji14134;1;1;0;0;0;0;0;0;0;0;0;0;2016-08-25T03:21:02+00:00;2016-08-25T03:21:02+00:00;https://www.openstreetmap.org/user/kanji14134
2182;1420318;4b696d;1;1;0;0;0;0;0;0;0;0;0;0;2016-07-04T21:39:34+00:00;2016-07-04T21:39:34+00:00;https://www.openstreetmap.org/user/4b696d
2183;1468248;PantherStrix;1;0;0;0;0;1;0;0;0;0;0;0;2020-06-18T07:03:27+00:00;2020-06-18T07:03:27+00:00;https://www.openstreetmap.org/user/PantherStrix
2184;1538111;avinet_ua;1;0;0;0;0;0;0;0;1;0;0;0;2023-05-25T20:54:28+00:00;2023-05-25T20:54:28+00:00;https://www.openstreetmap.org/user/avinet_ua
2185;1565883;Leedrag;1;0;0;0;0;0;0;0;0;0;0;1;2026-09-13T10:24:19+00:00;2026-09-13T10:24:19+00:00;https://www.openstreetmap.org/user/Leedrag
2186;1615223;Dradi Mak;1;0;0;1;0;0;0;0;0;0;0;0;2018-05-04T09:40:22+00:00;2018-05-04T09:40:22+00:00;https://www.openstreetmap.org/user/Dradi%20Mak
2187;1665549;w115114;1;0;0;0;0;1;0;0;0;0;0;0;2020-11-04T10:27:47+00:00;2020-11-04T10:27:47+00:00;https://www.openstreetmap.org/user/w115114
2188;1683540;vindert;1;0;0;0;0;0;0;0;0;0;1;0;2025-06-22T17:04:04+00:00;2025-06-22T17:04:04+00:00;https://www.openstreetmap.org/user/vindert
2189;1695771;CptSteve;1;0;0;0;0;0;1;0;0;0;0;0;2021-09-01T06:43:16+00:00;2021-09-01T06:43:16+00:00;https://www.openstreetmap.org/user/CptSteve
2190;1710483;trmsy;1;0;0;0;0;1;0;0;0;0;0;0;2020-10-21T08:46:11+00:00;2020-10-21T08:46:11+00:00;https://www.openstreetmap.org/user/trmsy
2191;1716999;CriGuss;1;0;0;0;0;0;0;0;0;0;1;0;2025-09-09T08:55:54+00:00;2025-09-09T08:55:54+00:00;https://www.openstreetmap.org/user/CriGuss
2192;1723338;Robert Walter;1;0;1;0;0;0;0;0;0;0;0;0;2017-03-09T21:55:43+00:00;2017-03-09T21:55:43+00:00;https://www.openstreetmap.org/user/Robert%20Walter
2193;1724601;bigpaolo;1;0;0;0;1;0;0;0;0;0;0;0;2019-09-13T08:47:05+00:00;2019-09-13T08:47:05+00:00;https://www.openstreetmap.org/user/bigpaolo
2194;1726068;edgar_bcn;1;0;1;0;0;0;0;0;0;0;0;0;2017-08-24T20:57:43+00:00;2017-08-24T20:57:43+00:00;https://www.openstreetmap.org/user/edgar_bcn
2195;1730966;mkabes;1;0;0;0;0;0;0;0;0;1;0;0;2024-04-02T12:19:26+00:00;2024-04-02T12:19:26+00:00;https://www.openstreetmap.org/user/mkabes
2196;1737217;gilbertotcc;1;0;0;0;0;0;0;0;0;1;0;0;2024-03-10T19:43:51+00:00;2024-03-10T19:43:51+00:00;https://www.openstreetmap.org/user/gilbertotcc
2197;1764715;irateh;1;1;0;0;0;0;0;0;0;0;0;0;2016-11-03T12:58:14+00:00;2016-11-03T12:58:14+00:00;https://www.openstreetmap.org/user/irateh
2198;1768757;MAF-TTS;1;0;0;0;1;0;0;0;0;0;0;0;2019-04-04T11:36:20+00:00;2019-04-04T11:36:20+00:00;https://www.openstreetmap.org/user/MAF-TTS
2199;1785346;Sylvain258;1;0;0;0;0;0;0;0;0;1;0;0;2024-02-29T22:03:33+00:00;2024-02-29T22:03:33+00:00;https://www.openstreetmap.org/user/Sylvain258
2200;1797153;fabionte;1;0;0;0;0;0;1;0;0;0;0;0;2021-03-14T17:13:49+00:00;2021-03-14T17:13:49+00:00;https://www.openstreetmap.org/user/fabionte
2201;1802585;mecurzi;1;1;0;0;0;0;0;0;0;0;0;0;2016-03-13T13:16:52+00:00;2016-03-13T13:16:52+00:00;https://www.openstreetmap.org/user/mecurzi
2202;1836811;Roberto Capancioni;1;1;0;0;0;0;0;0;0;0;0;0;2016-05-16T15:42:36+00:00;2016-05-16T15:42:36+00:00;https://www.openstreetmap.org/user/Roberto%20Capancioni
2203;1853016;gerpas;1;0;0;0;0;0;0;1;0;0;0;0;2022-07-12T10:45:42+00:00;2022-07-12T10:45:42+00:00;https://www.openstreetmap.org/user/gerpas
2204;1858192;glix;1;0;0;0;0;1;0;0;0;0;0;0;2020-11-26T11:05:44+00:00;2020-11-26T11:05:44+00:00;https://www.openstreetmap.org/user/glix
2205;1870885;pacomuz;1;0;0;0;1;0;0;0;0;0;0;0;2019-06-17T10:08:30+00:00;2019-06-17T10:08:30+00:00;https://www.openstreetmap.org/user/pacomuz
2206;1884038;gnacca;1;0;0;0;0;0;0;0;0;0;1;0;2025-07-22T08:48:24+00:00;2025-07-22T08:48:24+00:00;https://www.openstreetmap.org/user/gnacca
2207;1894634;Wikilux;1;0;0;1;0;0;0;0;0;0;0;0;2018-12-08T09:51:39+00:00;2018-12-08T09:51:39+00:00;https://www.openstreetmap.org/user/Wikilux
2208;1906004;Kai Johnson;1;0;0;0;0;0;0;0;1;0;0;0;2023-07-26T15:13:34+00:00;2023-07-26T15:13:34+00:00;https://www.openstreetmap.org/user/Kai%20Johnson
2209;1914695;Gerardus Mercator;1;0;0;0;0;1;0;0;0;0;0;0;2020-06-01T18:13:11+00:00;2020-06-01T18:13:11+00:00;https://www.openstreetmap.org/user/Gerardus%20Mercator
2210;1960718;apm-wa;1;0;0;0;0;1;0;0;0;0;0;0;2020-03-28T04:03:11+00:00;2020-03-28T04:03:11+00:00;https://www.openstreetmap.org/user/apm-wa
2211;1969883;Alessandro Musetta;1;0;0;0;1;0;0;0;0;0;0;0;2019-06-28T20:17:53+00:00;2019-06-28T20:17:53+00:00;https://www.openstreetmap.org/user/Alessandro%20Musetta
2212;1977249;piergiovanna;1;0;0;0;0;0;0;0;1;0;0;0;2023-05-14T10:50:45+00:00;2023-05-14T10:50:45+00:00;https://www.openstreetmap.org/user/piergiovanna
2213;1994883;franzo15;1;0;0;0;0;0;0;0;0;0;0;1;2026-05-23T12:09:49+00:00;2026-05-23T12:09:49+00:00;https://www.openstreetmap.org/user/franzo15
2214;2002702;ellebubi;1;0;1;0;0;0;0;0;0;0;0;0;2017-07-18T12:59:57+00:00;2017-07-18T12:59:57+00:00;https://www.openstreetmap.org/user/ellebubi
2215;2040341;teasu;1;0;0;0;0;1;0;0;0;0;0;0;2020-10-16T13:44:41+00:00;2020-10-16T13:44:41+00:00;https://www.openstreetmap.org/user/teasu
2216;2070701;OpenBeerMapContributor;1;0;0;0;0;0;0;1;0;0;0;0;2022-07-10T23:38:41+00:00;2022-07-10T23:38:41+00:00;https://www.openstreetmap.org/user/OpenBeerMapContributor
2217;2079783;ZA-Camp;1;0;0;1;0;0;0;0;0;0;0;0;2018-05-28T08:31:42+00:00;2018-05-28T08:31:42+00:00;https://www.openstreetmap.org/user/ZA-Camp
2218;2083820;Mike Fender;1;0;0;0;1;0;0;0;0;0;0;0;2019-12-25T16:22:24+00:00;2019-12-25T16:22:24+00:00;https://www.openstreetmap.org/user/Mike%20Fender
2219;2108156;robertotempo;1;0;0;0;0;0;0;0;0;1;0;0;2024-07-07T11:13:02+00:00;2024-07-07T11:13:02+00:00;https://www.openstreetmap.org/user/robertotempo
2220;2125853;Andrea Ubaldi;1;0;0;0;1;0;0;0;0;0;0;0;2019-03-19T09:06:58+00:00;2019-03-19T09:06:58+00:00;https://www.openstreetmap.org/user/Andrea%20Ubaldi
2221;2128073;ananonymousmapper;1;0;0;0;0;0;1;0;0;0;0;0;2021-06-22T14:26:21+00:00;2021-06-22T14:26:21+00:00;https://www.openstreetmap.org/user/ananonymousmapper
2222;2268702;Imp_GL;1;0;1;0;0;0;0;0;0;0;0;0;2017-01-04T17:36:56+00:00;2017-01-04T17:36:56+00:00;https://www.openstreetmap.org/user/Imp_GL
2223;2274752;SalvaggioUrbanist;1;1;0;0;0;0;0;0;0;0;0;0;2016-08-29T10:11:02+00:00;2016-08-29T10:11:02+00:00;https://www.openstreetmap.org/user/SalvaggioUrbanist
2224;2337065;ekido;1;0;0;0;0;1;0;0;0;0;0;0;2020-02-13T10:58:31+00:00;2020-02-13T10:58:31+00:00;https://www.openstreetmap.org/user/ekido
2225;2347669;antlampas;1;0;1;0;0;0;0;0;0;0;0;0;2017-12-10T09:08:29+00:00;2017-12-10T09:08:29+00:00;https://www.openstreetmap.org/user/antlampas
2226;2373418;mbranco2;1;0;0;0;0;0;1;0;0;0;0;0;2021-05-07T15:49:41+00:00;2021-05-07T15:49:41+00:00;https://www.openstreetmap.org/user/mbranco2
2227;2383950;stefano zonga;1;0;0;0;1;0;0;0;0;0;0;0;2019-05-04T19:17:45+00:00;2019-05-04T19:17:45+00:00;https://www.openstreetmap.org/user/stefano%20zonga
2228;2388813;Juga;1;0;0;0;0;0;0;1;0;0;0;0;2022-06-07T07:33:17+00:00;2022-06-07T07:33:17+00:00;https://www.openstreetmap.org/user/Juga
2229;2413424;mauro_guglielmi;1;0;0;0;0;0;0;0;1;0;0;0;2023-10-19T07:11:50+00:00;2023-10-19T07:11:50+00:00;https://www.openstreetmap.org/user/mauro_guglielmi
2230;2432197;tomhu;1;0;0;0;0;0;0;0;0;1;0;0;2024-10-08T17:34:42+00:00;2024-10-08T17:34:42+00:00;https://www.openstreetmap.org/user/tomhu
2231;2432745;Giorgio Marescia;1;0;1;0;0;0;0;0;0;0;0;0;2017-07-22T09:53:23+00:00;2017-07-22T09:53:23+00:00;https://www.openstreetmap.org/user/Giorgio%20Marescia
2232;2439362;pierito79;1;1;0;0;0;0;0;0;0;0;0;0;2016-07-27T09:51:38+00:00;2016-07-27T09:51:38+00:00;https://www.openstreetmap.org/user/pierito79
2233;2496484;FERINA365;1;0;0;0;0;0;0;0;1;0;0;0;2023-04-25T14:34:25+00:00;2023-04-25T14:34:25+00:00;https://www.openstreetmap.org/user/FERINA365
2234;2498239;maurizioa;1;0;0;0;0;0;0;1;0;0;0;0;2022-09-20T19:58:26+00:00;2022-09-20T19:58:26+00:00;https://www.openstreetmap.org/user/maurizioa
2235;2540342;paulakreuzer;1;0;1;0;0;0;0;0;0;0;0;0;2017-07-23T17:57:28+00:00;2017-07-23T17:57:28+00:00;https://www.openstreetmap.org/user/paulakreuzer
2236;2562906;Luchinobr;1;1;0;0;0;0;0;0;0;0;0;0;2016-03-04T17:43:16+00:00;2016-03-04T17:43:16+00:00;https://www.openstreetmap.org/user/Luchinobr
2237;2592959;pintmil;1;0;0;1;0;0;0;0;0;0;0;0;2018-08-30T11:52:24+00:00;2018-08-30T11:52:24+00:00;https://www.openstreetmap.org/user/pintmil
2238;2670456;Mattia Pironi;1;0;1;0;0;0;0;0;0;0;0;0;2017-01-27T13:07:00+00:00;2017-01-27T13:07:00+00:00;https://www.openstreetmap.org/user/Mattia%20Pironi
2239;2698880;macabe5387;1;0;0;0;0;0;1;0;0;0;0;0;2021-08-04T13:48:27+00:00;2021-08-04T13:48:27+00:00;https://www.openstreetmap.org/user/macabe5387
2240;2747512;flag55;1;0;0;1;0;0;0;0;0;0;0;0;2018-08-17T13:24:05+00:00;2018-08-17T13:24:05+00:00;https://www.openstreetmap.org/user/flag55
2241;2755043;geomconv;1;0;0;0;1;0;0;0;0;0;0;0;2019-11-12T11:20:16+00:00;2019-11-12T11:20:16+00:00;https://www.openstreetmap.org/user/geomconv
2242;2755682;anca_mihaela;1;0;1;0;0;0;0;0;0;0;0;0;2017-02-06T09:56:03+00:00;2017-02-06T09:56:03+00:00;https://www.openstreetmap.org/user/anca_mihaela
2243;2773866;kreuzschnabel;1;1;0;0;0;0;0;0;0;0;0;0;2016-12-06T19:10:03+00:00;2016-12-06T19:10:03+00:00;https://www.openstreetmap.org/user/kreuzschnabel
2244;2781023;funk_soul_brother;1;0;1;0;0;0;0;0;0;0;0;0;2017-09-14T14:52:09+00:00;2017-09-14T14:52:09+00:00;https://www.openstreetmap.org/user/funk_soul_brother
2245;2788579;Gabri1953;1;0;1;0;0;0;0;0;0;0;0;0;2017-06-06T22:20:14+00:00;2017-06-06T22:20:14+00:00;https://www.openstreetmap.org/user/Gabri1953
2246;2799447;Wilhelm Scavo;1;0;0;0;0;0;1;0;0;0;0;0;2021-03-30T09:19:32+00:00;2021-03-30T09:19:32+00:00;https://www.openstreetmap.org/user/Wilhelm%20Scavo
2247;2804594;Jamiro75;1;1;0;0;0;0;0;0;0;0;0;0;2016-08-05T08:14:58+00:00;2016-08-05T08:14:58+00:00;https://www.openstreetmap.org/user/Jamiro75
2248;2815762;AndyJeffrey;1;1;0;0;0;0;0;0;0;0;0;0;2016-08-24T16:37:10+00:00;2016-08-24T16:37:10+00:00;https://www.openstreetmap.org/user/AndyJeffrey
2249;2820801;Reino Baptista;1;0;0;0;0;0;1;0;0;0;0;0;2021-06-14T12:03:56+00:00;2021-06-14T12:03:56+00:00;https://www.openstreetmap.org/user/Reino%20Baptista
2250;2855602;redgrafica;1;0;0;0;0;0;0;0;1;0;0;0;2023-08-25T08:35:26+00:00;2023-08-25T08:35:26+00:00;https://www.openstreetmap.org/user/redgrafica
2251;2908411;mattia19;1;1;0;0;0;0;0;0;0;0;0;0;2016-07-07T15:59:13+00:00;2016-07-07T15:59:13+00:00;https://www.openstreetmap.org/user/mattia19
2252;2927775;Mirmic;1;1;0;0;0;0;0;0;0;0;0;0;2016-08-06T20:58:27+00:00;2016-08-06T20:58:27+00:00;https://www.openstreetmap.org/user/Mirmic
2253;2998794;ElectronicSoul;1;1;0;0;0;0;0;0;0;0;0;0;2016-09-02T07:34:09+00:00;2016-09-02T07:34:09+00:00;https://www.openstreetmap.org/user/ElectronicSoul
2254;3003153;nuovoutente;1;0;1;0;0;0;0;0;0;0;0;0;2017-06-25T13:14:43+00:00;2017-06-25T13:14:43+00:00;https://www.openstreetmap.org/user/nuovoutente
2255;3005420;menzo2003;1;1;0;0;0;0;0;0;0;0;0;0;2016-12-16T22:29:16+00:00;2016-12-16T22:29:16+00:00;https://www.openstreetmap.org/user/menzo2003
2256;3008685;Ciribix;1;0;0;0;0;0;0;1;0;0;0;0;2022-04-03T22:01:08+00:00;2022-04-03T22:01:08+00:00;https://www.openstreetmap.org/user/Ciribix
2257;3028180;CoreForce;1;0;0;0;0;0;0;0;0;0;1;0;2025-07-03T19:58:01+00:00;2025-07-03T19:58:01+00:00;https://www.openstreetmap.org/user/CoreForce
2258;3042095;select;1;0;1;0;0;0;0;0;0;0;0;0;2017-01-05T02:05:19+00:00;2017-01-05T02:05:19+00:00;https://www.openstreetmap.org/user/select
2259;3140691;lmancinelli;1;0;1;0;0;0;0;0;0;0;0;0;2017-06-01T10:51:42+00:00;2017-06-01T10:51:42+00:00;https://www.openstreetmap.org/user/lmancinelli
2260;3141745;SiMaz96;1;0;0;0;1;0;0;0;0;0;0;0;2019-10-15T21:31:21+00:00;2019-10-15T21:31:21+00:00;https://www.openstreetmap.org/user/SiMaz96
2261;3168532;ClairM;1;0;0;0;0;0;0;0;0;0;0;1;2026-03-05T16:37:14+00:00;2026-03-05T16:37:14+00:00;https://www.openstreetmap.org/user/ClairM
2262;3191867;anima911;1;0;0;0;1;0;0;0;0;0;0;0;2019-10-30T11:12:48+00:00;2019-10-30T11:12:48+00:00;https://www.openstreetmap.org/user/anima911
2263;3232636;Karthoo;1;0;1;0;0;0;0;0;0;0;0;0;2017-08-18T19:47:39+00:00;2017-08-18T19:47:39+00:00;https://www.openstreetmap.org/user/Karthoo
2264;3247186;Nick Manini;1;0;0;0;0;0;0;0;0;0;1;0;2025-03-26T13:37:07+00:00;2025-03-26T13:37:07+00:00;https://www.openstreetmap.org/user/Nick%20Manini
2265;3272286;manings;1;0;1;0;0;0;0;0;0;0;0;0;2017-02-24T04:07:44+00:00;2017-02-24T04:07:44+00:00;https://www.openstreetmap.org/user/manings
2266;3277230;Polarbear-repair;1;0;1;0;0;0;0;0;0;0;0;0;2017-01-04T19:50:57+00:00;2017-01-04T19:50:57+00:00;https://www.openstreetmap.org/user/Polarbear-repair
2267;3285773;SteweTF;1;0;0;1;0;0;0;0;0;0;0;0;2018-01-26T16:35:54+00:00;2018-01-26T16:35:54+00:00;https://www.openstreetmap.org/user/SteweTF
2268;3301882;urcal;1;0;0;1;0;0;0;0;0;0;0;0;2018-08-30T12:07:55+00:00;2018-08-30T12:07:55+00:00;https://www.openstreetmap.org/user/urcal
2269;3307068;Hypsometric;1;0;0;0;0;0;0;0;0;0;0;1;2026-09-18T11:26:31+00:00;2026-09-18T11:26:31+00:00;https://www.openstreetmap.org/user/Hypsometric
2270;3432400;GinaroZ;1;0;0;0;0;1;0;0;0;0;0;0;2020-08-18T15:21:13+00:00;2020-08-18T15:21:13+00:00;https://www.openstreetmap.org/user/GinaroZ
2271;3437781;ti-lo;1;0;0;0;0;1;0;0;0;0;0;0;2020-06-29T13:34:01+00:00;2020-06-29T13:34:01+00:00;https://www.openstreetmap.org/user/ti-lo
2272;3440145;PeppeNT;1;1;0;0;0;0;0;0;0;0;0;0;2016-10-06T05:33:06+00:00;2016-10-06T05:33:06+00:00;https://www.openstreetmap.org/user/PeppeNT
2273;3449441;simcapp;1;0;0;0;0;0;0;0;1;0;0;0;2023-10-02T12:47:47+00:00;2023-10-02T12:47:47+00:00;https://www.openstreetmap.org/user/simcapp
2274;3449692;raul_lezameta;1;0;0;0;0;0;1;0;0;0;0;0;2021-06-13T10:24:20+00:00;2021-06-13T10:24:20+00:00;https://www.openstreetmap.org/user/raul_lezameta
2275;3453577;Lorenzo Giovannini;1;0;0;0;0;0;0;0;0;0;1;0;2025-12-21T01:28:30+00:00;2025-12-21T01:28:30+00:00;https://www.openstreetmap.org/user/Lorenzo%20Giovannini
2276;3454984;shervin86n;1;0;0;0;0;0;0;0;0;1;0;0;2024-02-23T10:04:04+00:00;2024-02-23T10:04:04+00:00;https://www.openstreetmap.org/user/shervin86n
2277;3469844;Paralipomeni;1;1;0;0;0;0;0;0;0;0;0;0;2016-04-01T09:51:49+00:00;2016-04-01T09:51:49+00:00;https://www.openstreetmap.org/user/Paralipomeni
2278;3479270;nammala;1;1;0;0;0;0;0;0;0;0;0;0;2016-10-28T04:44:04+00:00;2016-10-28T04:44:04+00:00;https://www.openstreetmap.org/user/nammala
2279;3481392;boldtrn;1;0;0;0;0;0;0;0;1;0;0;0;2023-10-03T08:38:05+00:00;2023-10-03T08:38:05+00:00;https://www.openstreetmap.org/user/boldtrn
2280;3493476;danbag;1;0;0;0;0;0;1;0;0;0;0;0;2021-10-23T09:28:09+00:00;2021-10-23T09:28:09+00:00;https://www.openstreetmap.org/user/danbag
2281;3527377;Matteo Alesi;1;1;0;0;0;0;0;0;0;0;0;0;2016-01-15T15:48:33+00:00;2016-01-15T15:48:33+00:00;https://www.openstreetmap.org/user/Matteo%20Alesi
2282;3528573;ulrich_;1;0;0;1;0;0;0;0;0;0;0;0;2018-01-28T22:40:19+00:00;2018-01-28T22:40:19+00:00;https://www.openstreetmap.org/user/ulrich_
2283;3567316;pieroscarano;1;1;0;0;0;0;0;0;0;0;0;0;2016-01-27T07:28:02+00:00;2016-01-27T07:28:02+00:00;https://www.openstreetmap.org/user/pieroscarano
2284;3580412;Alexander-II;1;0;1;0;0;0;0;0;0;0;0;0;2017-07-14T04:44:18+00:00;2017-07-14T04:44:18+00:00;https://www.openstreetmap.org/user/Alexander-II
2285;3592641;Montalbano67;1;0;0;0;0;0;0;0;1;0;0;0;2023-07-02T17:41:08+00:00;2023-07-02T17:41:08+00:00;https://www.openstreetmap.org/user/Montalbano67
2286;3643075;ASD Sabina Trekking;1;0;0;0;0;0;0;0;0;1;0;0;2024-07-29T10:46:53+00:00;2024-07-29T10:46:53+00:00;https://www.openstreetmap.org/user/ASD%20Sabina%20Trekking
2287;3658839;Forger;1;1;0;0;0;0;0;0;0;0;0;0;2016-08-25T21:50:09+00:00;2016-08-25T21:50:09+00:00;https://www.openstreetmap.org/user/Forger
2288;3697762;palycka;1;0;0;1;0;0;0;0;0;0;0;0;2018-03-22T08:13:23+00:00;2018-03-22T08:13:23+00:00;https://www.openstreetmap.org/user/palycka
2289;3704550;Loris Egidi;1;0;0;0;1;0;0;0;0;0;0;0;2019-03-04T19:00:04+00:00;2019-03-04T19:00:04+00:00;https://www.openstreetmap.org/user/Loris%20Egidi
2290;3737163;Claudio_IT;1;1;0;0;0;0;0;0;0;0;0;0;2016-08-02T07:04:18+00:00;2016-08-02T07:04:18+00:00;https://www.openstreetmap.org/user/Claudio_IT
2291;3761160;VLSF;1;1;0;0;0;0;0;0;0;0;0;0;2016-06-29T14:55:51+00:00;2016-06-29T14:55:51+00:00;https://www.openstreetmap.org/user/VLSF
2292;3798707;GiulyR98;1;0;0;0;0;0;0;0;0;0;0;1;2026-01-12T20:32:00+00:00;2026-01-12T20:32:00+00:00;https://www.openstreetmap.org/user/GiulyR98
2293;3803961;philipp91;1;1;0;0;0;0;0;0;0;0;0;0;2016-06-16T13:09:05+00:00;2016-06-16T13:09:05+00:00;https://www.openstreetmap.org/user/philipp91
2294;3806339;Baricordi;1;1;0;0;0;0;0;0;0;0;0;0;2016-05-27T08:22:53+00:00;2016-05-27T08:22:53+00:00;https://www.openstreetmap.org/user/Baricordi
2295;3809404;Giorgio Chionchio;1;1;0;0;0;0;0;0;0;0;0;0;2016-04-11T06:54:21+00:00;2016-04-11T06:54:21+00:00;https://www.openstreetmap.org/user/Giorgio%20Chionchio
2296;3845845;user_3845845;1;1;0;0;0;0;0;0;0;0;0;0;2016-04-19T12:23:29+00:00;2016-04-19T12:23:29+00:00;https://www.openstreetmap.org/user/user_3845845
2297;3846472;tuukkapuranen;1;0;0;0;0;0;0;0;0;0;0;1;2026-03-15T14:43:15+00:00;2026-03-15T14:43:15+00:00;https://www.openstreetmap.org/user/tuukkapuranen
2298;3848565;Maarten Gruijters;1;1;0;0;0;0;0;0;0;0;0;0;2016-07-19T16:17:14+00:00;2016-07-19T16:17:14+00:00;https://www.openstreetmap.org/user/Maarten%20Gruijters
2299;3851545;samely_labuildings;1;1;0;0;0;0;0;0;0;0;0;0;2016-07-04T21:36:38+00:00;2016-07-04T21:36:38+00:00;https://www.openstreetmap.org/user/samely_labuildings
2300;3859834;Malyacko;1;0;0;0;0;0;0;0;0;0;0;1;2026-04-28T21:54:35+00:00;2026-04-28T21:54:35+00:00;https://www.openstreetmap.org/user/Malyacko
2301;3882076;Delta54;1;1;0;0;0;0;0;0;0;0;0;0;2016-04-26T22:57:45+00:00;2016-04-26T22:57:45+00:00;https://www.openstreetmap.org/user/Delta54
2302;3916741;Fabrizio Patrizi;1;1;0;0;0;0;0;0;0;0;0;0;2016-05-04T09:49:20+00:00;2016-05-04T09:49:20+00:00;https://www.openstreetmap.org/user/Fabrizio%20Patrizi
2303;3932734;Bruno Cola;1;1;0;0;0;0;0;0;0;0;0;0;2016-05-07T23:13:07+00:00;2016-05-07T23:13:07+00:00;https://www.openstreetmap.org/user/Bruno%20Cola
2304;4000941;Ermo Bruno Di Battista;1;1;0;0;0;0;0;0;0;0;0;0;2016-05-24T09:36:25+00:00;2016-05-24T09:36:25+00:00;https://www.openstreetmap.org/user/Ermo%20Bruno%20Di%20Battista
2305;4007051;Upendrakarukonda;1;0;1;0;0;0;0;0;0;0;0;0;2017-02-22T13:42:41+00:00;2017-02-22T13:42:41+00:00;https://www.openstreetmap.org/user/Upendrakarukonda
2306;4007486;Simone Morbidoni;1;0;0;0;0;0;0;1;0;0;0;0;2022-06-08T00:17:50+00:00;2022-06-08T00:17:50+00:00;https://www.openstreetmap.org/user/Simone%20Morbidoni
2307;4009473;MainardiSmirra;1;1;0;0;0;0;0;0;0;0;0;0;2016-05-25T06:49:57+00:00;2016-05-25T06:49:57+00:00;https://www.openstreetmap.org/user/MainardiSmirra
2308;4022573;Lola Fox;1;0;0;0;0;0;0;1;0;0;0;0;2022-07-24T07:36:00+00:00;2022-07-24T07:36:00+00:00;https://www.openstreetmap.org/user/Lola%20Fox
2309;4041699;Comune di Chiaravalle;1;1;0;0;0;0;0;0;0;0;0;0;2016-06-03T07:02:15+00:00;2016-06-03T07:02:15+00:00;https://www.openstreetmap.org/user/Comune%20di%20Chiaravalle
2310;4046988;ridixcr_import;1;1;0;0;0;0;0;0;0;0;0;0;2016-09-20T22:48:02+00:00;2016-09-20T22:48:02+00:00;https://www.openstreetmap.org/user/ridixcr_import
2311;4051454;Thomson's Travels;1;0;1;0;0;0;0;0;0;0;0;0;2017-04-29T14:54:42+00:00;2017-04-29T14:54:42+00:00;https://www.openstreetmap.org/user/Thomson%27s%20Travels
2312;4082127;mbeyerle;1;0;0;0;0;1;0;0;0;0;0;0;2020-12-03T21:18:51+00:00;2020-12-03T21:18:51+00:00;https://www.openstreetmap.org/user/mbeyerle
2313;4083030;BSTH;1;0;0;0;0;0;1;0;0;0;0;0;2021-06-21T13:14:54+00:00;2021-06-21T13:14:54+00:00;https://www.openstreetmap.org/user/BSTH
2314;4083962;Leonardo Manoni;1;1;0;0;0;0;0;0;0;0;0;0;2016-06-17T08:48:49+00:00;2016-06-17T08:48:49+00:00;https://www.openstreetmap.org/user/Leonardo%20Manoni
2315;4127043;Davide Santinelli;1;1;0;0;0;0;0;0;0;0;0;0;2016-06-16T07:53:33+00:00;2016-06-16T07:53:33+00:00;https://www.openstreetmap.org/user/Davide%20Santinelli
2316;4138605;MapperGo;1;0;1;0;0;0;0;0;0;0;0;0;2017-11-07T20:17:41+00:00;2017-11-07T20:17:41+00:00;https://www.openstreetmap.org/user/MapperGo
2317;4143121;Andrey Buntov;1;1;0;0;0;0;0;0;0;0;0;0;2016-06-19T21:06:55+00:00;2016-06-19T21:06:55+00:00;https://www.openstreetmap.org/user/Andrey%20Buntov
2318;4145887;Emanuel Muscat;1;1;0;0;0;0;0;0;0;0;0;0;2016-09-17T17:31:24+00:00;2016-09-17T17:31:24+00:00;https://www.openstreetmap.org/user/Emanuel%20Muscat
2319;4172650;Massimo Cellini;1;1;0;0;0;0;0;0;0;0;0;0;2016-06-27T15:37:21+00:00;2016-06-27T15:37:21+00:00;https://www.openstreetmap.org/user/Massimo%20Cellini
2320;4178668;Simone Bufarini;1;1;0;0;0;0;0;0;0;0;0;0;2016-06-27T18:01:23+00:00;2016-06-27T18:01:23+00:00;https://www.openstreetmap.org/user/Simone%20Bufarini
2321;4178881;Michele Altamura;1;1;0;0;0;0;0;0;0;0;0;0;2016-06-27T18:13:35+00:00;2016-06-27T18:13:35+00:00;https://www.openstreetmap.org/user/Michele%20Altamura
2322;4179704;jblager;1;1;0;0;0;0;0;0;0;0;0;0;2016-06-27T22:50:26+00:00;2016-06-27T22:50:26+00:00;https://www.openstreetmap.org/user/jblager
2323;4189406;Manuel Andreoli;1;0;1;0;0;0;0;0;0;0;0;0;2017-08-30T13:56:43+00:00;2017-08-30T13:56:43+00:00;https://www.openstreetmap.org/user/Manuel%20Andreoli
2324;4201900;Antonio Vicarini;1;1;0;0;0;0;0;0;0;0;0;0;2016-07-02T13:46:40+00:00;2016-07-02T13:46:40+00:00;https://www.openstreetmap.org/user/Antonio%20Vicarini
2325;4205649;Giordano Borri;1;1;0;0;0;0;0;0;0;0;0;0;2016-07-03T12:30:13+00:00;2016-07-03T12:30:13+00:00;https://www.openstreetmap.org/user/Giordano%20Borri
2326;4213125;Nazzareno Biancucci;1;1;0;0;0;0;0;0;0;0;0;0;2016-07-05T08:50:34+00:00;2016-07-05T08:50:34+00:00;https://www.openstreetmap.org/user/Nazzareno%20Biancucci
2327;4215236;ბესარიონ ზოიძე;1;0;0;0;1;0;0;0;0;0;0;0;2019-06-29T16:05:46+00:00;2019-06-29T16:05:46+00:00;https://www.openstreetmap.org/user/%E1%83%91%E1%83%94%E1%83%A1%E1%83%90%E1%83%A0%E1%83%98%E1%83%9D%E1%83%9C%20%E1%83%96%E1%83%9D%E1%83%98%E1%83%AB%E1%83%94
2328;4233097;Nicola Rossi;1;1;0;0;0;0;0;0;0;0;0;0;2016-07-09T10:00:47+00:00;2016-07-09T10:00:47+00:00;https://www.openstreetmap.org/user/Nicola%20Rossi
2329;4237624;DanAle;1;1;0;0;0;0;0;0;0;0;0;0;2016-07-10T08:20:16+00:00;2016-07-10T08:20:16+00:00;https://www.openstreetmap.org/user/DanAle
2330;4244429;MLDB;1;0;0;0;0;0;0;0;1;0;0;0;2023-06-02T16:59:56+00:00;2023-06-02T16:59:56+00:00;https://www.openstreetmap.org/user/MLDB
2331;4260390;IbnTēšfīn;1;1;0;0;0;0;0;0;0;0;0;0;2016-10-30T16:02:41+00:00;2016-10-30T16:02:41+00:00;https://www.openstreetmap.org/user/IbnT%C4%93%C5%A1f%C4%ABn
2332;4265669;alexotst;1;1;0;0;0;0;0;0;0;0;0;0;2016-07-15T19:54:07+00:00;2016-07-15T19:54:07+00:00;https://www.openstreetmap.org/user/alexotst
2333;4272436;stefanok2;1;1;0;0;0;0;0;0;0;0;0;0;2016-07-17T07:01:10+00:00;2016-07-17T07:01:10+00:00;https://www.openstreetmap.org/user/stefanok2
2334;4273006;Cavatorta Greta;1;1;0;0;0;0;0;0;0;0;0;0;2016-07-17T09:05:47+00:00;2016-07-17T09:05:47+00:00;https://www.openstreetmap.org/user/Cavatorta%20Greta
2335;4276624;Facundo Del Castillo;1;1;0;0;0;0;0;0;0;0;0;0;2016-07-18T22:31:28+00:00;2016-07-18T22:31:28+00:00;https://www.openstreetmap.org/user/Facundo%20Del%20Castillo
2336;4295642;Diego Vaccarini;1;1;0;0;0;0;0;0;0;0;0;0;2016-07-21T10:09:59+00:00;2016-07-21T10:09:59+00:00;https://www.openstreetmap.org/user/Diego%20Vaccarini
2337;4307456;Floris van Dam;1;1;0;0;0;0;0;0;0;0;0;0;2016-07-23T12:34:53+00:00;2016-07-23T12:34:53+00:00;https://www.openstreetmap.org/user/Floris%20van%20Dam
2338;4308118;Every_one;1;0;1;0;0;0;0;0;0;0;0;0;2017-07-29T13:28:35+00:00;2017-07-29T13:28:35+00:00;https://www.openstreetmap.org/user/Every_one
2339;4314042;Cborsdorf;1;1;0;0;0;0;0;0;0;0;0;0;2016-07-24T19:14:36+00:00;2016-07-24T19:14:36+00:00;https://www.openstreetmap.org/user/Cborsdorf
2340;4317121;Kalle Würzbach;1;0;0;0;0;1;0;0;0;0;0;0;2020-10-18T19:15:52+00:00;2020-10-18T19:15:52+00:00;https://www.openstreetmap.org/user/Kalle%20W%C3%BCrzbach
2341;4321154;vitus81;1;1;0;0;0;0;0;0;0;0;0;0;2016-07-27T21:22:47+00:00;2016-07-27T21:22:47+00:00;https://www.openstreetmap.org/user/vitus81
2342;4346745;Alessandro Duca;1;0;1;0;0;0;0;0;0;0;0;0;2017-04-06T17:14:00+00:00;2017-04-06T17:14:00+00:00;https://www.openstreetmap.org/user/Alessandro%20Duca
2343;4370182;Sebastien Seb;1;1;0;0;0;0;0;0;0;0;0;0;2016-08-10T09:28:37+00:00;2016-08-10T09:28:37+00:00;https://www.openstreetmap.org/user/Sebastien%20Seb
2344;4399305;Andrea Santilli;1;0;0;0;0;0;1;0;0;0;0;0;2021-07-12T12:07:29+00:00;2021-07-12T12:07:29+00:00;https://www.openstreetmap.org/user/Andrea%20Santilli
2345;4402993;valeriostipa;1;1;0;0;0;0;0;0;0;0;0;0;2016-10-26T05:35:03+00:00;2016-10-26T05:35:03+00:00;https://www.openstreetmap.org/user/valeriostipa
2346;4440378;Valerio Borgo;1;0;0;0;0;0;0;1;0;0;0;0;2022-08-10T10:27:17+00:00;2022-08-10T10:27:17+00:00;https://www.openstreetmap.org/user/Valerio%20Borgo
2347;4444076;birdplay;1;0;0;0;0;0;0;0;1;0;0;0;2023-09-17T16:35:22+00:00;2023-09-17T16:35:22+00:00;https://www.openstreetmap.org/user/birdplay
2348;4463361;Yury Shapovalov;1;1;0;0;0;0;0;0;0;0;0;0;2016-08-23T11:02:05+00:00;2016-08-23T11:02:05+00:00;https://www.openstreetmap.org/user/Yury%20Shapovalov
2349;4469685;xlamplighter;1;1;0;0;0;0;0;0;0;0;0;0;2016-08-24T17:46:40+00:00;2016-08-24T17:46:40+00:00;https://www.openstreetmap.org/user/xlamplighter
2350;4469696;rogistreet;1;1;0;0;0;0;0;0;0;0;0;0;2016-08-24T14:40:56+00:00;2016-08-24T14:40:56+00:00;https://www.openstreetmap.org/user/rogistreet
2351;4475081;jnna;1;1;0;0;0;0;0;0;0;0;0;0;2016-08-25T16:43:40+00:00;2016-08-25T16:43:40+00:00;https://www.openstreetmap.org/user/jnna
2352;4478432;Lorenzo Sallustio;1;1;0;0;0;0;0;0;0;0;0;0;2016-08-26T07:55:09+00:00;2016-08-26T07:55:09+00:00;https://www.openstreetmap.org/user/Lorenzo%20Sallustio
2353;4478706;Mark93;1;1;0;0;0;0;0;0;0;0;0;0;2016-08-26T09:16:55+00:00;2016-08-26T09:16:55+00:00;https://www.openstreetmap.org/user/Mark93
2354;4478976;RandBee;1;1;0;0;0;0;0;0;0;0;0;0;2016-08-29T13:27:51+00:00;2016-08-29T13:27:51+00:00;https://www.openstreetmap.org/user/RandBee
2355;4479040;AlAn1977;1;1;0;0;0;0;0;0;0;0;0;0;2016-08-26T10:04:16+00:00;2016-08-26T10:04:16+00:00;https://www.openstreetmap.org/user/AlAn1977
2356;4480778;Rob97;1;1;0;0;0;0;0;0;0;0;0;0;2016-08-26T16:21:53+00:00;2016-08-26T16:21:53+00:00;https://www.openstreetmap.org/user/Rob97
2357;4486982;Marlunatico;1;1;0;0;0;0;0;0;0;0;0;0;2016-09-03T12:48:22+00:00;2016-09-03T12:48:22+00:00;https://www.openstreetmap.org/user/Marlunatico
2358;4492851;Funodav;1;0;0;1;0;0;0;0;0;0;0;0;2018-03-31T23:16:51+00:00;2018-03-31T23:16:51+00:00;https://www.openstreetmap.org/user/Funodav
2359;4500309;tstbg;1;0;0;0;1;0;0;0;0;0;0;0;2019-01-23T17:28:57+00:00;2019-01-23T17:28:57+00:00;https://www.openstreetmap.org/user/tstbg
2360;4512053;Silvano Biancucci;1;1;0;0;0;0;0;0;0;0;0;0;2016-09-01T22:17:31+00:00;2016-09-01T22:17:31+00:00;https://www.openstreetmap.org/user/Silvano%20Biancucci
2361;4515353;quincylvania;1;0;0;0;0;0;0;0;0;0;1;0;2025-03-20T19:15:54+00:00;2025-03-20T19:15:54+00:00;https://www.openstreetmap.org/user/quincylvania
2362;4536754;Snoopy7;1;1;0;0;0;0;0;0;0;0;0;0;2016-09-06T15:32:07+00:00;2016-09-06T15:32:07+00:00;https://www.openstreetmap.org/user/Snoopy7
2363;4558489;Mancio 2710;1;1;0;0;0;0;0;0;0;0;0;0;2016-09-10T23:15:57+00:00;2016-09-10T23:15:57+00:00;https://www.openstreetmap.org/user/Mancio%202710
2364;4612192;Belencarlos;1;1;0;0;0;0;0;0;0;0;0;0;2016-10-06T07:56:57+00:00;2016-10-06T07:56:57+00:00;https://www.openstreetmap.org/user/Belencarlos
2365;4629786;Riccardo Capesciotti;1;1;0;0;0;0;0;0;0;0;0;0;2016-10-01T14:17:27+00:00;2016-10-01T14:17:27+00:00;https://www.openstreetmap.org/user/Riccardo%20Capesciotti
2366;4633196;tobagues;1;0;0;0;1;0;0;0;0;0;0;0;2019-02-22T12:18:26+00:00;2019-02-22T12:18:26+00:00;https://www.openstreetmap.org/user/tobagues
2367;4633898;monena41;1;0;1;0;0;0;0;0;0;0;0;0;2017-12-30T23:59:53+00:00;2017-12-30T23:59:53+00:00;https://www.openstreetmap.org/user/monena41
2368;4653596;Diego Maddalena;1;1;0;0;0;0;0;0;0;0;0;0;2016-09-30T11:34:23+00:00;2016-09-30T11:34:23+00:00;https://www.openstreetmap.org/user/Diego%20Maddalena
2369;4668608;Davide Lucciarini;1;1;0;0;0;0;0;0;0;0;0;0;2016-10-03T13:13:39+00:00;2016-10-03T13:13:39+00:00;https://www.openstreetmap.org/user/Davide%20Lucciarini
2370;4669572;Максим Котырняца;1;1;0;0;0;0;0;0;0;0;0;0;2016-10-05T09:02:26+00:00;2016-10-05T09:02:26+00:00;https://www.openstreetmap.org/user/%D0%9C%D0%B0%D0%BA%D1%81%D0%B8%D0%BC%20%D0%9A%D0%BE%D1%82%D1%8B%D1%80%D0%BD%D1%8F%D1%86%D0%B0
2371;4705730;AnisKoutsi;1;0;0;0;0;0;0;0;0;0;1;0;2025-09-21T14:09:44+00:00;2025-09-21T14:09:44+00:00;https://www.openstreetmap.org/user/AnisKoutsi
2372;4710168;lion85;1;1;0;0;0;0;0;0;0;0;0;0;2016-10-11T21:44:37+00:00;2016-10-11T21:44:37+00:00;https://www.openstreetmap.org/user/lion85
2373;4712099;brozwenc2;1;0;0;0;0;0;0;0;0;0;1;0;2025-10-03T17:18:15+00:00;2025-10-03T17:18:15+00:00;https://www.openstreetmap.org/user/brozwenc2
2374;4714239;Tarco57;1;1;0;0;0;0;0;0;0;0;0;0;2016-10-31T10:46:17+00:00;2016-10-31T10:46:17+00:00;https://www.openstreetmap.org/user/Tarco57
2375;4738148;janek balitski;1;1;0;0;0;0;0;0;0;0;0;0;2016-11-17T06:09:57+00:00;2016-11-17T06:09:57+00:00;https://www.openstreetmap.org/user/janek%20balitski
2376;4752282;Giacomo Cocci;1;0;0;0;1;0;0;0;0;0;0;0;2019-03-02T21:09:49+00:00;2019-03-02T21:09:49+00:00;https://www.openstreetmap.org/user/Giacomo%20Cocci
2377;4763179;ika-chan!;1;0;1;0;0;0;0;0;0;0;0;0;2017-10-12T00:09:22+00:00;2017-10-12T00:09:22+00:00;https://www.openstreetmap.org/user/ika-chan%21
2378;4763621;loviuz;1;0;0;0;0;0;0;0;1;0;0;0;2023-12-08T10:51:45+00:00;2023-12-08T10:51:45+00:00;https://www.openstreetmap.org/user/loviuz
2379;4780819;Cataldo;1;1;0;0;0;0;0;0;0;0;0;0;2016-10-25T16:31:08+00:00;2016-10-25T16:31:08+00:00;https://www.openstreetmap.org/user/Cataldo
2380;4798258;polibio;1;0;0;0;0;0;1;0;0;0;0;0;2021-06-25T18:23:24+00:00;2021-06-25T18:23:24+00:00;https://www.openstreetmap.org/user/polibio
2381;4799590;Aelissa;1;1;0;0;0;0;0;0;0;0;0;0;2016-10-30T11:49:13+00:00;2016-10-30T11:49:13+00:00;https://www.openstreetmap.org/user/Aelissa
2382;4807311;gereums;1;0;0;0;1;0;0;0;0;0;0;0;2019-08-18T13:36:17+00:00;2019-08-18T13:36:17+00:00;https://www.openstreetmap.org/user/gereums
2383;4819740;robylum;1;1;0;0;0;0;0;0;0;0;0;0;2016-11-06T13:41:38+00:00;2016-11-06T13:41:38+00:00;https://www.openstreetmap.org/user/robylum
2384;4838813;LorenzoStucchi;1;0;0;0;1;0;0;0;0;0;0;0;2019-08-02T14:38:35+00:00;2019-08-02T14:38:35+00:00;https://www.openstreetmap.org/user/LorenzoStucchi
2385;4839706;steyregg;1;0;0;0;0;0;0;0;0;1;0;0;2024-08-05T13:25:00+00:00;2024-08-05T13:25:00+00:00;https://www.openstreetmap.org/user/steyregg
2386;4860721;Luigi Tomaiuolo;1;0;1;0;0;0;0;0;0;0;0;0;2017-02-05T21:20:19+00:00;2017-02-05T21:20:19+00:00;https://www.openstreetmap.org/user/Luigi%20Tomaiuolo
2387;4898137;HenryBahus;1;1;0;0;0;0;0;0;0;0;0;0;2016-11-29T11:23:17+00:00;2016-11-29T11:23:17+00:00;https://www.openstreetmap.org/user/HenryBahus
2388;4916390;Andrea Tosques;1;0;0;0;0;1;0;0;0;0;0;0;2020-08-14T17:01:58+00:00;2020-08-14T17:01:58+00:00;https://www.openstreetmap.org/user/Andrea%20Tosques
2389;4934189;TSaldana;1;0;0;0;0;0;1;0;0;0;0;0;2021-09-10T14:37:27+00:00;2021-09-10T14:37:27+00:00;https://www.openstreetmap.org/user/TSaldana
2390;4955339;Stefano Battain;1;1;0;0;0;0;0;0;0;0;0;0;2016-12-13T16:41:58+00:00;2016-12-13T16:41:58+00:00;https://www.openstreetmap.org/user/Stefano%20Battain
2391;4964270;Acanto Comunicazione;1;1;0;0;0;0;0;0;0;0;0;0;2016-12-13T15:35:14+00:00;2016-12-13T15:35:14+00:00;https://www.openstreetmap.org/user/Acanto%20Comunicazione
2392;4981149;Scibotek;1;0;1;0;0;0;0;0;0;0;0;0;2017-02-28T20:54:32+00:00;2017-02-28T20:54:32+00:00;https://www.openstreetmap.org/user/Scibotek
2393;5013585;Michael Arnon;1;1;0;0;0;0;0;0;0;0;0;0;2016-12-24T00:57:21+00:00;2016-12-24T00:57:21+00:00;https://www.openstreetmap.org/user/Michael%20Arnon
2394;5018293;Samuele Toni;1;0;1;0;0;0;0;0;0;0;0;0;2017-01-01T19:44:19+00:00;2017-01-01T19:44:19+00:00;https://www.openstreetmap.org/user/Samuele%20Toni
2395;5053153;Slawomir Rutkowski;1;0;1;0;0;0;0;0;0;0;0;0;2017-05-05T05:41:50+00:00;2017-05-05T05:41:50+00:00;https://www.openstreetmap.org/user/Slawomir%20Rutkowski
2396;5060575;enzo canessa;1;0;1;0;0;0;0;0;0;0;0;0;2017-10-27T21:26:32+00:00;2017-10-27T21:26:32+00:00;https://www.openstreetmap.org/user/enzo%20canessa
2397;5105082;Blastax;1;0;0;0;0;0;0;0;0;0;1;0;2025-08-06T12:00:34+00:00;2025-08-06T12:00:34+00:00;https://www.openstreetmap.org/user/Blastax
2398;5198133;Wulfmorn;1;0;0;1;0;0;0;0;0;0;0;0;2018-10-06T22:53:30+00:00;2018-10-06T22:53:30+00:00;https://www.openstreetmap.org/user/Wulfmorn
2399;5233057;piratenz;1;0;1;0;0;0;0;0;0;0;0;0;2017-06-21T10:51:19+00:00;2017-06-21T10:51:19+00:00;https://www.openstreetmap.org/user/piratenz
2400;5351353;DarioMangoni;1;0;0;0;0;0;0;0;0;0;0;1;2026-04-21T09:20:53+00:00;2026-04-21T09:20:53+00:00;https://www.openstreetmap.org/user/DarioMangoni
2401;5380579;Jakob48;1;0;0;0;0;0;1;0;0;0;0;0;2021-12-19T15:07:28+00:00;2021-12-19T15:07:28+00:00;https://www.openstreetmap.org/user/Jakob48
2402;5392503;steban73;1;0;1;0;0;0;0;0;0;0;0;0;2017-03-10T21:49:09+00:00;2017-03-10T21:49:09+00:00;https://www.openstreetmap.org/user/steban73
2403;5396096;TittiG;1;0;0;0;0;1;0;0;0;0;0;0;2020-06-08T14:17:36+00:00;2020-06-08T14:17:36+00:00;https://www.openstreetmap.org/user/TittiG
2404;5446055;torapa;1;0;1;0;0;0;0;0;0;0;0;0;2017-08-17T07:47:59+00:00;2017-08-17T07:47:59+00:00;https://www.openstreetmap.org/user/torapa
2405;5516468;user_5516468;1;0;1;0;0;0;0;0;0;0;0;0;2017-04-27T08:03:38+00:00;2017-04-27T08:03:38+00:00;https://www.openstreetmap.org/user/user_5516468
2406;5528895;GLS-67;1;0;1;0;0;0;0;0;0;0;0;0;2017-03-25T01:00:39+00:00;2017-03-25T01:00:39+00:00;https://www.openstreetmap.org/user/GLS-67
2407;5556349;Maciej Orzech;1;0;0;0;0;0;0;0;0;0;1;0;2025-09-12T10:40:12+00:00;2025-09-12T10:40:12+00:00;https://www.openstreetmap.org/user/Maciej%20Orzech
2408;5581259;Francescotraini;1;0;1;0;0;0;0;0;0;0;0;0;2017-03-29T21:12:04+00:00;2017-03-29T21:12:04+00:00;https://www.openstreetmap.org/user/Francescotraini
2409;5601228;AlBeM;1;0;0;1;0;0;0;0;0;0;0;0;2018-11-09T06:45:21+00:00;2018-11-09T06:45:21+00:00;https://www.openstreetmap.org/user/AlBeM
2410;5627234;Luca Antinori;1;0;1;0;0;0;0;0;0;0;0;0;2017-04-06T20:30:50+00:00;2017-04-06T20:30:50+00:00;https://www.openstreetmap.org/user/Luca%20Antinori
2411;5688071;Nedfro;1;0;1;0;0;0;0;0;0;0;0;0;2017-05-26T15:03:10+00:00;2017-05-26T15:03:10+00:00;https://www.openstreetmap.org/user/Nedfro
2412;5766362;Davide Pierini;1;0;0;0;0;0;0;0;0;0;1;0;2025-04-07T18:08:39+00:00;2025-04-07T18:08:39+00:00;https://www.openstreetmap.org/user/Davide%20Pierini
2413;5775975;saralx;1;0;1;0;0;0;0;0;0;0;0;0;2017-05-03T16:25:54+00:00;2017-05-03T16:25:54+00:00;https://www.openstreetmap.org/user/saralx
2414;5800824;daniele71bike;1;0;1;0;0;0;0;0;0;0;0;0;2017-05-21T20:36:00+00:00;2017-05-21T20:36:00+00:00;https://www.openstreetmap.org/user/daniele71bike
2415;6009020;Giantoma;1;0;1;0;0;0;0;0;0;0;0;0;2017-05-21T18:27:40+00:00;2017-05-21T18:27:40+00:00;https://www.openstreetmap.org/user/Giantoma
2416;6011161;Pinky68;1;0;1;0;0;0;0;0;0;0;0;0;2017-05-20T14:56:29+00:00;2017-05-20T14:56:29+00:00;https://www.openstreetmap.org/user/Pinky68
2417;6042884;Lup1n;1;0;0;0;1;0;0;0;0;0;0;0;2019-10-12T10:30:06+00:00;2019-10-12T10:30:06+00:00;https://www.openstreetmap.org/user/Lup1n
2418;6044984;finamondi;1;0;0;0;0;1;0;0;0;0;0;0;2020-10-11T16:05:58+00:00;2020-10-11T16:05:58+00:00;https://www.openstreetmap.org/user/finamondi
2419;6080353;iCorr;1;0;1;0;0;0;0;0;0;0;0;0;2017-06-01T14:03:34+00:00;2017-06-01T14:03:34+00:00;https://www.openstreetmap.org/user/iCorr
2420;6100609;tempo servo;1;0;1;0;0;0;0;0;0;0;0;0;2017-05-31T14:27:23+00:00;2017-05-31T14:27:23+00:00;https://www.openstreetmap.org/user/tempo%20servo
2421;6125147;Kookykooky;1;0;0;0;0;0;0;0;0;0;1;0;2025-09-17T09:04:52+00:00;2025-09-17T09:04:52+00:00;https://www.openstreetmap.org/user/Kookykooky
2422;6167624;LLuca;1;0;1;0;0;0;0;0;0;0;0;0;2017-06-14T15:46:54+00:00;2017-06-14T15:46:54+00:00;https://www.openstreetmap.org/user/LLuca
2423;6198809;wolfgangth;1;0;0;0;1;0;0;0;0;0;0;0;2019-03-28T01:44:13+00:00;2019-03-28T01:44:13+00:00;https://www.openstreetmap.org/user/wolfgangth
2424;6203419;AlekseiK555;1;0;1;0;0;0;0;0;0;0;0;0;2017-07-21T22:42:06+00:00;2017-07-21T22:42:06+00:00;https://www.openstreetmap.org/user/AlekseiK555
2425;6258368;Jade Lam;1;0;1;0;0;0;0;0;0;0;0;0;2017-09-23T16:09:23+00:00;2017-09-23T16:09:23+00:00;https://www.openstreetmap.org/user/Jade%20Lam
2426;6312191;Michele Raucci;1;0;1;0;0;0;0;0;0;0;0;0;2017-07-13T12:14:56+00:00;2017-07-13T12:14:56+00:00;https://www.openstreetmap.org/user/Michele%20Raucci
2427;6363267;Giampiero Gagliardini;1;0;1;0;0;0;0;0;0;0;0;0;2017-07-23T14:00:40+00:00;2017-07-23T14:00:40+00:00;https://www.openstreetmap.org/user/Giampiero%20Gagliardini
2428;6373187;user_6373187;1;0;0;1;0;0;0;0;0;0;0;0;2018-08-27T09:25:50+00:00;2018-08-27T09:25:50+00:00;https://www.openstreetmap.org/user/user_6373187
2429;6374252;Maxim Brykov;1;0;1;0;0;0;0;0;0;0;0;0;2017-07-25T18:38:46+00:00;2017-07-25T18:38:46+00:00;https://www.openstreetmap.org/user/Maxim%20Brykov
2430;6421048;Aman Berhane;1;0;1;0;0;0;0;0;0;0;0;0;2017-08-03T01:52:49+00:00;2017-08-03T01:52:49+00:00;https://www.openstreetmap.org/user/Aman%20Berhane
2431;6423756;Lino Bigo;1;0;0;1;0;0;0;0;0;0;0;0;2018-08-29T17:21:11+00:00;2018-08-29T17:21:11+00:00;https://www.openstreetmap.org/user/Lino%20Bigo
2432;6449772;Christopher-0118;1;0;0;0;0;0;0;1;0;0;0;0;2022-09-26T11:03:10+00:00;2022-09-26T11:03:10+00:00;https://www.openstreetmap.org/user/Christopher-0118
2433;6515570;Enrico Ambrosi;1;0;1;0;0;0;0;0;0;0;0;0;2017-08-21T21:02:50+00:00;2017-08-21T21:02:50+00:00;https://www.openstreetmap.org/user/Enrico%20Ambrosi
2434;6515906;Zinoural;1;0;0;0;0;0;1;0;0;0;0;0;2021-07-11T16:54:32+00:00;2021-07-11T16:54:32+00:00;https://www.openstreetmap.org/user/Zinoural
2435;6524900;Farcio;1;0;0;1;0;0;0;0;0;0;0;0;2018-03-30T18:20:30+00:00;2018-03-30T18:20:30+00:00;https://www.openstreetmap.org/user/Farcio
2436;6573540;Enzo Dal Foco;1;0;1;0;0;0;0;0;0;0;0;0;2017-08-30T18:15:33+00:00;2017-08-30T18:15:33+00:00;https://www.openstreetmap.org/user/Enzo%20Dal%20Foco
2437;6600050;Heam;1;0;0;0;0;0;0;0;0;0;0;1;2026-09-23T19:04:26+00:00;2026-09-23T19:04:26+00:00;https://www.openstreetmap.org/user/Heam
2438;6614276;Leonardo Tiberi;1;0;1;0;0;0;0;0;0;0;0;0;2017-09-07T08:48:28+00:00;2017-09-07T08:48:28+00:00;https://www.openstreetmap.org/user/Leonardo%20Tiberi
2439;6636109;Edoardo Rosati;1;0;1;0;0;0;0;0;0;0;0;0;2017-09-11T12:58:08+00:00;2017-09-11T12:58:08+00:00;https://www.openstreetmap.org/user/Edoardo%20Rosati
2440;6636492;Caelum86;1;0;0;1;0;0;0;0;0;0;0;0;2018-09-02T21:14:17+00:00;2018-09-02T21:14:17+00:00;https://www.openstreetmap.org/user/Caelum86
2441;6693292;Tatti Barletta;1;0;1;0;0;0;0;0;0;0;0;0;2017-10-08T07:02:43+00:00;2017-10-08T07:02:43+00:00;https://www.openstreetmap.org/user/Tatti%20Barletta
2442;6693889;paola armandi;1;0;1;0;0;0;0;0;0;0;0;0;2017-09-22T08:34:32+00:00;2017-09-22T08:34:32+00:00;https://www.openstreetmap.org/user/paola%20armandi
2443;6728205;Croce Rossa Italiana - Comitato Pesaro;1;0;1;0;0;0;0;0;0;0;0;0;2017-09-29T07:20:40+00:00;2017-09-29T07:20:40+00:00;https://www.openstreetmap.org/user/Croce%20Rossa%20Italiana%20-%20Comitato%20Pesaro
2444;6746690;Mauro Berti;1;0;1;0;0;0;0;0;0;0;0;0;2017-10-03T10:51:04+00:00;2017-10-03T10:51:04+00:00;https://www.openstreetmap.org/user/Mauro%20Berti
2445;6794544;IMPARGO;1;0;0;1;0;0;0;0;0;0;0;0;2018-06-20T16:58:40+00:00;2018-06-20T16:58:40+00:00;https://www.openstreetmap.org/user/IMPARGO
2446;6817530;Mzzntn;1;0;0;1;0;0;0;0;0;0;0;0;2018-07-10T08:12:30+00:00;2018-07-10T08:12:30+00:00;https://www.openstreetmap.org/user/Mzzntn
2447;6824503;soana;1;0;1;0;0;0;0;0;0;0;0;0;2017-10-20T08:13:51+00:00;2017-10-20T08:13:51+00:00;https://www.openstreetmap.org/user/soana
2448;6826779;Alex Racci;1;0;0;0;1;0;0;0;0;0;0;0;2019-07-09T15:43:00+00:00;2019-07-09T15:43:00+00:00;https://www.openstreetmap.org/user/Alex%20Racci
2449;6835029;Pietro Bucci;1;0;1;0;0;0;0;0;0;0;0;0;2017-10-22T08:59:49+00:00;2017-10-22T08:59:49+00:00;https://www.openstreetmap.org/user/Pietro%20Bucci
2450;6873172;FrancescoRossi;1;0;1;0;0;0;0;0;0;0;0;0;2017-10-28T10:37:16+00:00;2017-10-28T10:37:16+00:00;https://www.openstreetmap.org/user/FrancescoRossi
2451;6897115;renzomalaladra;1;0;0;0;0;1;0;0;0;0;0;0;2020-07-24T10:01:02+00:00;2020-07-24T10:01:02+00:00;https://www.openstreetmap.org/user/renzomalaladra
2452;6943428;AMDBstudio;1;0;1;0;0;0;0;0;0;0;0;0;2017-11-07T13:53:01+00:00;2017-11-07T13:53:01+00:00;https://www.openstreetmap.org/user/AMDBstudio
2453;6943578;Benny Goodman;1;0;0;0;1;0;0;0;0;0;0;0;2019-01-15T13:31:59+00:00;2019-01-15T13:31:59+00:00;https://www.openstreetmap.org/user/Benny%20Goodman
2454;6984187;AlessandroG92;1;0;1;0;0;0;0;0;0;0;0;0;2017-11-15T08:19:07+00:00;2017-11-15T08:19:07+00:00;https://www.openstreetmap.org/user/AlessandroG92
2455;7070267;Sartini Marco;1;0;1;0;0;0;0;0;0;0;0;0;2017-11-26T11:15:38+00:00;2017-11-26T11:15:38+00:00;https://www.openstreetmap.org/user/Sartini%20Marco
2456;7101418;puppppen;1;0;0;1;0;0;0;0;0;0;0;0;2018-01-19T03:31:33+00:00;2018-01-19T03:31:33+00:00;https://www.openstreetmap.org/user/puppppen
2457;7124965;Mystic grilli;1;0;0;1;0;0;0;0;0;0;0;0;2018-05-30T13:43:00+00:00;2018-05-30T13:43:00+00:00;https://www.openstreetmap.org/user/Mystic%20grilli
2458;7187126;Арина Поздняк;1;0;0;0;1;0;0;0;0;0;0;0;2019-06-29T12:11:24+00:00;2019-06-29T12:11:24+00:00;https://www.openstreetmap.org/user/%D0%90%D1%80%D0%B8%D0%BD%D0%B0%20%D0%9F%D0%BE%D0%B7%D0%B4%D0%BD%D1%8F%D0%BA
2459;7198720;Netadmap;1;0;0;0;0;0;1;0;0;0;0;0;2021-08-08T14:04:02+00:00;2021-08-08T14:04:02+00:00;https://www.openstreetmap.org/user/Netadmap
2460;7272314;marc__marc;1;0;0;0;0;0;1;0;0;0;0;0;2021-02-22T01:16:38+00:00;2021-02-22T01:16:38+00:00;https://www.openstreetmap.org/user/marc__marc
2461;7288118;Pietro92;1;0;0;0;0;0;1;0;0;0;0;0;2021-10-06T10:45:35+00:00;2021-10-06T10:45:35+00:00;https://www.openstreetmap.org/user/Pietro92
2462;7290177;TinaKeina;1;0;1;0;0;0;0;0;0;0;0;0;2017-12-19T15:26:32+00:00;2017-12-19T15:26:32+00:00;https://www.openstreetmap.org/user/TinaKeina
2463;7304965;mazzo94;1;0;0;1;0;0;0;0;0;0;0;0;2018-01-12T18:12:20+00:00;2018-01-12T18:12:20+00:00;https://www.openstreetmap.org/user/mazzo94
2464;7384014;Sunrise97gold;1;0;1;0;0;0;0;0;0;0;0;0;2017-12-28T15:09:14+00:00;2017-12-28T15:09:14+00:00;https://www.openstreetmap.org/user/Sunrise97gold
2465;7392967;FredrikEdler;1;0;0;0;0;1;0;0;0;0;0;0;2020-12-29T20:11:39+00:00;2020-12-29T20:11:39+00:00;https://www.openstreetmap.org/user/FredrikEdler
2466;7414943;Ion Secrieru;1;0;0;1;0;0;0;0;0;0;0;0;2018-01-03T09:08:54+00:00;2018-01-03T09:08:54+00:00;https://www.openstreetmap.org/user/Ion%20Secrieru
2467;7435244;Marco Consorti;1;0;0;1;0;0;0;0;0;0;0;0;2018-01-06T18:09:45+00:00;2018-01-06T18:09:45+00:00;https://www.openstreetmap.org/user/Marco%20Consorti
2468;7447150;CVNDMM;1;0;0;0;0;0;1;0;0;0;0;0;2021-07-25T13:36:56+00:00;2021-07-25T13:36:56+00:00;https://www.openstreetmap.org/user/CVNDMM
2469;7535742;Claudio Gentili;1;0;0;1;0;0;0;0;0;0;0;0;2018-01-27T17:57:44+00:00;2018-01-27T17:57:44+00:00;https://www.openstreetmap.org/user/Claudio%20Gentili
2470;7543738;MisterX21;1;0;0;1;0;0;0;0;0;0;0;0;2018-01-29T12:58:42+00:00;2018-01-29T12:58:42+00:00;https://www.openstreetmap.org/user/MisterX21
2471;7548625;siffash;1;0;0;1;0;0;0;0;0;0;0;0;2018-02-20T23:22:08+00:00;2018-02-20T23:22:08+00:00;https://www.openstreetmap.org/user/siffash
2472;7579590;Tecno Impianti;1;0;0;1;0;0;0;0;0;0;0;0;2018-02-06T11:09:06+00:00;2018-02-06T11:09:06+00:00;https://www.openstreetmap.org/user/Tecno%20Impianti
2473;7635252;Gaetano Di Giuseppe;1;0;0;1;0;0;0;0;0;0;0;0;2018-12-25T14:37:08+00:00;2018-12-25T14:37:08+00:00;https://www.openstreetmap.org/user/Gaetano%20Di%20Giuseppe
2474;7688597;stefano tonini;1;0;0;0;0;1;0;0;0;0;0;0;2020-08-12T20:43:46+00:00;2020-08-12T20:43:46+00:00;https://www.openstreetmap.org/user/stefano%20tonini
2475;7694350;Mauro Borsini;1;0;0;1;0;0;0;0;0;0;0;0;2018-03-02T20:10:15+00:00;2018-03-02T20:10:15+00:00;https://www.openstreetmap.org/user/Mauro%20Borsini
2476;7696608;Lilia Paccamicci;1;0;0;1;0;0;0;0;0;0;0;0;2018-03-03T11:21:48+00:00;2018-03-03T11:21:48+00:00;https://www.openstreetmap.org/user/Lilia%20Paccamicci
2477;7821416;Pierre Pluchino;1;0;0;1;0;0;0;0;0;0;0;0;2018-09-14T20:17:30+00:00;2018-09-14T20:17:30+00:00;https://www.openstreetmap.org/user/Pierre%20Pluchino
2478;8087258;Dario Natalia De Giorgi;1;0;0;1;0;0;0;0;0;0;0;0;2018-04-09T08:53:23+00:00;2018-04-09T08:53:23+00:00;https://www.openstreetmap.org/user/Dario%20Natalia%20De%20Giorgi
2479;8105474;felicelu;1;0;0;0;1;0;0;0;0;0;0;0;2019-08-20T11:06:51+00:00;2019-08-20T11:06:51+00:00;https://www.openstreetmap.org/user/felicelu
2480;8155255;Екатерина Сучкова;1;0;0;1;0;0;0;0;0;0;0;0;2018-04-22T10:50:06+00:00;2018-04-22T10:50:06+00:00;https://www.openstreetmap.org/user/%D0%95%D0%BA%D0%B0%D1%82%D0%B5%D1%80%D0%B8%D0%BD%D0%B0%20%D0%A1%D1%83%D1%87%D0%BA%D0%BE%D0%B2%D0%B0
2481;8157317;Giuseppe Guarino;1;0;0;0;1;0;0;0;0;0;0;0;2019-07-25T10:58:41+00:00;2019-07-25T10:58:41+00:00;https://www.openstreetmap.org/user/Giuseppe%20Guarino
2482;8199847;Tartufi di Acqualagna - Truffle Tasting and Shop;1;0;0;1;0;0;0;0;0;0;0;0;2018-04-30T16:49:13+00:00;2018-04-30T16:49:13+00:00;https://www.openstreetmap.org/user/Tartufi%20di%20Acqualagna%20-%20Truffle%20Tasting%20and%20Shop
2483;8230261;LeonardoHG;1;0;0;1;0;0;0;0;0;0;0;0;2018-05-06T18:54:28+00:00;2018-05-06T18:54:28+00:00;https://www.openstreetmap.org/user/LeonardoHG
2484;8239596;Comune di Fermignano;1;0;0;1;0;0;0;0;0;0;0;0;2018-05-08T11:02:21+00:00;2018-05-08T11:02:21+00:00;https://www.openstreetmap.org/user/Comune%20di%20Fermignano
2485;8241440;jbcharron;1;0;0;0;0;0;0;0;0;0;1;0;2025-05-01T18:15:18+00:00;2025-05-01T18:15:18+00:00;https://www.openstreetmap.org/user/jbcharron
2486;8250230;Huguespotter;1;0;0;0;0;0;1;0;0;0;0;0;2021-01-18T08:10:05+00:00;2021-01-18T08:10:05+00:00;https://www.openstreetmap.org/user/Huguespotter
2487;8265587;27barzo;1;0;0;0;0;0;1;0;0;0;0;0;2021-06-05T09:30:29+00:00;2021-06-05T09:30:29+00:00;https://www.openstreetmap.org/user/27barzo
2488;8316445;picenumtrans;1;0;0;1;0;0;0;0;0;0;0;0;2018-05-23T09:50:31+00:00;2018-05-23T09:50:31+00:00;https://www.openstreetmap.org/user/picenumtrans
2489;8341954;Petra Lamantagne;1;0;0;0;0;0;0;0;0;0;0;1;2026-02-21T18:29:36+00:00;2026-02-21T18:29:36+00:00;https://www.openstreetmap.org/user/Petra%20Lamantagne
2490;8343633;Electrik Teak;1;0;0;0;0;0;1;0;0;0;0;0;2021-03-23T06:33:38+00:00;2021-03-23T06:33:38+00:00;https://www.openstreetmap.org/user/Electrik%20Teak
2491;8355024;giacomo87;1;0;0;1;0;0;0;0;0;0;0;0;2018-05-31T15:22:27+00:00;2018-05-31T15:22:27+00:00;https://www.openstreetmap.org/user/giacomo87
2492;8369526;anilredd;1;0;0;0;1;0;0;0;0;0;0;0;2019-06-15T04:48:56+00:00;2019-06-15T04:48:56+00:00;https://www.openstreetmap.org/user/anilredd
2493;8396675;Christos Mittas;1;0;0;0;1;0;0;0;0;0;0;0;2019-07-21T13:04:01+00:00;2019-07-21T13:04:01+00:00;https://www.openstreetmap.org/user/Christos%20Mittas
2494;8440609;Stefano Del Gobbo Acciarretti;1;0;0;1;0;0;0;0;0;0;0;0;2018-06-19T16:40:53+00:00;2018-06-19T16:40:53+00:00;https://www.openstreetmap.org/user/Stefano%20Del%20Gobbo%20Acciarretti
2495;8446889;nimmalab;1;0;0;0;1;0;0;0;0;0;0;0;2019-03-27T11:30:42+00:00;2019-03-27T11:30:42+00:00;https://www.openstreetmap.org/user/nimmalab
2496;8468948;Feli Weigi;1;0;0;0;0;0;0;0;1;0;0;0;2023-06-13T18:46:55+00:00;2023-06-13T18:46:55+00:00;https://www.openstreetmap.org/user/Feli%20Weigi
2497;8551949;Perinneladot;1;0;0;1;0;0;0;0;0;0;0;0;2018-07-15T07:11:56+00:00;2018-07-15T07:11:56+00:00;https://www.openstreetmap.org/user/Perinneladot
2498;8569814;Andrey Scherba;1;0;0;1;0;0;0;0;0;0;0;0;2018-07-25T12:06:35+00:00;2018-07-25T12:06:35+00:00;https://www.openstreetmap.org/user/Andrey%20Scherba
2499;8619733;LuMacus;1;0;0;0;0;1;0;0;0;0;0;0;2020-08-04T09:04:40+00:00;2020-08-04T09:04:40+00:00;https://www.openstreetmap.org/user/LuMacus
2500;8640732;xDenki;1;0;0;1;0;0;0;0;0;0;0;0;2018-08-04T09:39:33+00:00;2018-08-04T09:39:33+00:00;https://www.openstreetmap.org/user/xDenki
2501;8643976;IlSindaco;1;0;0;1;0;0;0;0;0;0;0;0;2018-08-04T13:10:07+00:00;2018-08-04T13:10:07+00:00;https://www.openstreetmap.org/user/IlSindaco
2502;8656157;lionfish16;1;0;0;0;0;0;0;0;0;0;0;1;2026-07-10T17:43:15+00:00;2026-07-10T17:43:15+00:00;https://www.openstreetmap.org/user/lionfish16
2503;8680696;Giugent93;1;0;0;0;0;0;0;0;0;1;0;0;2024-10-31T11:52:15+00:00;2024-10-31T11:52:15+00:00;https://www.openstreetmap.org/user/Giugent93
2504;8708483;Giovannidasc;1;0;0;1;0;0;0;0;0;0;0;0;2018-08-19T12:15:29+00:00;2018-08-19T12:15:29+00:00;https://www.openstreetmap.org/user/Giovannidasc
2505;8722013;ironlanderl;1;0;0;0;1;0;0;0;0;0;0;0;2019-02-28T19:47:48+00:00;2019-02-28T19:47:48+00:00;https://www.openstreetmap.org/user/ironlanderl
2506;8724788;Aleksandar Matejevic;1;0;0;0;0;0;0;0;0;0;0;1;2026-07-06T05:30:36+00:00;2026-07-06T05:30:36+00:00;https://www.openstreetmap.org/user/Aleksandar%20Matejevic
2507;8747316;Vivai Lauri;1;0;0;1;0;0;0;0;0;0;0;0;2018-08-28T10:26:48+00:00;2018-08-28T10:26:48+00:00;https://www.openstreetmap.org/user/Vivai%20Lauri
2508;8761200;pablitoz;1;0;0;0;0;1;0;0;0;0;0;0;2020-02-24T12:22:32+00:00;2020-02-24T12:22:32+00:00;https://www.openstreetmap.org/user/pablitoz
2509;8761254;Cnzcol;1;0;0;1;0;0;0;0;0;0;0;0;2018-08-31T13:17:54+00:00;2018-08-31T13:17:54+00:00;https://www.openstreetmap.org/user/Cnzcol
2510;8765063;Andrea Latini;1;0;0;1;0;0;0;0;0;0;0;0;2018-11-05T17:39:18+00:00;2018-11-05T17:39:18+00:00;https://www.openstreetmap.org/user/Andrea%20Latini
2511;8786346;Antonio Zaetta;1;0;0;0;0;0;0;1;0;0;0;0;2022-04-15T18:32:40+00:00;2022-04-15T18:32:40+00:00;https://www.openstreetmap.org/user/Antonio%20Zaetta
2512;8806133;Davide Cozzi;1;0;0;0;0;0;1;0;0;0;0;0;2021-07-08T03:50:57+00:00;2021-07-08T03:50:57+00:00;https://www.openstreetmap.org/user/Davide%20Cozzi
2513;8808716;20180911;1;0;0;0;0;0;1;0;0;0;0;0;2021-01-20T16:27:55+00:00;2021-01-20T16:27:55+00:00;https://www.openstreetmap.org/user/20180911
2514;8826098;Bellols;1;0;0;1;0;0;0;0;0;0;0;0;2018-10-13T11:16:27+00:00;2018-10-13T11:16:27+00:00;https://www.openstreetmap.org/user/Bellols
2515;8826103;VALLSS_05100;1;0;0;1;0;0;0;0;0;0;0;0;2018-10-13T11:14:44+00:00;2018-10-13T11:14:44+00:00;https://www.openstreetmap.org/user/VALLSS_05100
2516;8827288;luca sparapani;1;0;0;1;0;0;0;0;0;0;0;0;2018-09-29T11:41:53+00:00;2018-09-29T11:41:53+00:00;https://www.openstreetmap.org/user/luca%20sparapani
2517;8829660;MinerMax555;1;0;0;0;0;0;0;0;1;0;0;0;2023-10-30T21:51:54+00:00;2023-10-30T21:51:54+00:00;https://www.openstreetmap.org/user/MinerMax555
2518;8862836;Gian_77;1;0;0;1;0;0;0;0;0;0;0;0;2018-09-23T21:58:59+00:00;2018-09-23T21:58:59+00:00;https://www.openstreetmap.org/user/Gian_77
2519;8869002;Dorga;1;0;0;1;0;0;0;0;0;0;0;0;2018-09-25T10:32:57+00:00;2018-09-25T10:32:57+00:00;https://www.openstreetmap.org/user/Dorga
2520;8887386;Guiducci;1;0;0;1;0;0;0;0;0;0;0;0;2018-12-01T12:02:38+00:00;2018-12-01T12:02:38+00:00;https://www.openstreetmap.org/user/Guiducci
2521;8887405;Federico Diotalevi;1;0;0;1;0;0;0;0;0;0;0;0;2018-10-06T10:38:36+00:00;2018-10-06T10:38:36+00:00;https://www.openstreetmap.org/user/Federico%20Diotalevi
2522;8887432;ariannasensoli05;1;0;0;1;0;0;0;0;0;0;0;0;2018-10-13T11:14:55+00:00;2018-10-13T11:14:55+00:00;https://www.openstreetmap.org/user/ariannasensoli05
2523;8956876;Luca737;1;0;0;0;0;0;0;1;0;0;0;0;2022-02-02T12:05:28+00:00;2022-02-02T12:05:28+00:00;https://www.openstreetmap.org/user/Luca737
2524;8970379;VLD072;1;0;0;0;1;0;0;0;0;0;0;0;2019-09-12T19:08:59+00:00;2019-09-12T19:08:59+00:00;https://www.openstreetmap.org/user/VLD072
2525;8988832;VLD075;1;0;0;0;0;0;0;0;0;1;0;0;2024-01-15T17:57:56+00:00;2024-01-15T17:57:56+00:00;https://www.openstreetmap.org/user/VLD075
2526;8991146;Bernardo Egidi;1;0;0;1;0;0;0;0;0;0;0;0;2018-10-23T08:49:10+00:00;2018-10-23T08:49:10+00:00;https://www.openstreetmap.org/user/Bernardo%20Egidi
2527;9014123;sandro79;1;0;0;1;0;0;0;0;0;0;0;0;2018-10-28T08:00:21+00:00;2018-10-28T08:00:21+00:00;https://www.openstreetmap.org/user/sandro79
2528;9032573;nina_litvinka;1;0;0;0;1;0;0;0;0;0;0;0;2019-12-26T07:21:07+00:00;2019-12-26T07:21:07+00:00;https://www.openstreetmap.org/user/nina_litvinka
2529;9043034;mstmob;1;0;0;0;0;0;0;0;0;0;0;1;2026-05-26T20:36:41+00:00;2026-05-26T20:36:41+00:00;https://www.openstreetmap.org/user/mstmob
2530;9059145;Immobiliare Paccoi;1;0;0;1;0;0;0;0;0;0;0;0;2018-11-07T11:13:57+00:00;2018-11-07T11:13:57+00:00;https://www.openstreetmap.org/user/Immobiliare%20Paccoi
2531;9069706;paolotacchi;1;0;0;0;1;0;0;0;0;0;0;0;2019-03-28T22:03:10+00:00;2019-03-28T22:03:10+00:00;https://www.openstreetmap.org/user/paolotacchi
2532;9070287;marta sargenti;1;0;0;1;0;0;0;0;0;0;0;0;2018-11-09T13:17:25+00:00;2018-11-09T13:17:25+00:00;https://www.openstreetmap.org/user/marta%20sargenti
2533;9087470;Modart Kelly Acconciatori;1;0;0;1;0;0;0;0;0;0;0;0;2018-11-13T10:23:07+00:00;2018-11-13T10:23:07+00:00;https://www.openstreetmap.org/user/Modart%20Kelly%20Acconciatori
2534;9110304;casa nel bosco;1;0;0;1;0;0;0;0;0;0;0;0;2018-11-18T00:00:36+00:00;2018-11-18T00:00:36+00:00;https://www.openstreetmap.org/user/casa%20nel%20bosco
2535;9156239;LorenZio;1;0;0;1;0;0;0;0;0;0;0;0;2018-11-27T12:45:52+00:00;2018-11-27T12:45:52+00:00;https://www.openstreetmap.org/user/LorenZio
2536;9196089;hemasvn;1;0;0;0;1;0;0;0;0;0;0;0;2019-11-01T04:14:43+00:00;2019-11-01T04:14:43+00:00;https://www.openstreetmap.org/user/hemasvn
2537;9196099;nmotupal;1;0;0;0;1;0;0;0;0;0;0;0;2019-04-19T10:52:44+00:00;2019-04-19T10:52:44+00:00;https://www.openstreetmap.org/user/nmotupal
2538;9196866;Peter:D;1;0;0;0;0;0;0;0;0;1;0;0;2024-08-19T14:52:30+00:00;2024-08-19T14:52:30+00:00;https://www.openstreetmap.org/user/Peter%3AD
2539;9229116;Bytemark;1;0;0;0;1;0;0;0;0;0;0;0;2019-02-25T14:11:26+00:00;2019-02-25T14:11:26+00:00;https://www.openstreetmap.org/user/Bytemark
2540;9236408;MapperIT;1;0;0;0;0;0;1;0;0;0;0;0;2021-09-03T08:14:34+00:00;2021-09-03T08:14:34+00:00;https://www.openstreetmap.org/user/MapperIT
2541;9238849;Gianluca Maroccini;1;0;0;1;0;0;0;0;0;0;0;0;2018-12-14T23:59:04+00:00;2018-12-14T23:59:04+00:00;https://www.openstreetmap.org/user/Gianluca%20Maroccini
2542;9291395;takje;1;0;0;0;1;0;0;0;0;0;0;0;2019-09-27T15:37:58+00:00;2019-09-27T15:37:58+00:00;https://www.openstreetmap.org/user/takje
2543;9315252;Patrizio Pernafini;1;0;0;0;1;0;0;0;0;0;0;0;2019-01-01T19:14:28+00:00;2019-01-01T19:14:28+00:00;https://www.openstreetmap.org/user/Patrizio%20Pernafini
2544;9333062;zorae;1;0;0;0;0;1;0;0;0;0;0;0;2020-02-07T08:15:07+00:00;2020-02-07T08:15:07+00:00;https://www.openstreetmap.org/user/zorae
2545;9333663;Marassi Luca;1;0;0;0;1;0;0;0;0;0;0;0;2019-01-06T15:31:23+00:00;2019-01-06T15:31:23+00:00;https://www.openstreetmap.org/user/Marassi%20Luca
2546;9367249;ArcangeloCast;1;0;0;0;1;0;0;0;0;0;0;0;2019-01-18T11:15:19+00:00;2019-01-18T11:15:19+00:00;https://www.openstreetmap.org/user/ArcangeloCast
2547;9402238;MaicolPain;1;0;0;0;1;0;0;0;0;0;0;0;2019-01-30T23:50:17+00:00;2019-01-30T23:50:17+00:00;https://www.openstreetmap.org/user/MaicolPain
2548;9411061;Peter Lanjouw;1;0;0;0;1;0;0;0;0;0;0;0;2019-02-03T17:41:58+00:00;2019-02-03T17:41:58+00:00;https://www.openstreetmap.org/user/Peter%20Lanjouw
2549;9411532;Vollis;1;0;0;0;0;0;1;0;0;0;0;0;2021-01-28T21:13:50+00:00;2021-01-28T21:13:50+00:00;https://www.openstreetmap.org/user/Vollis
2550;9418918;osimo1;1;0;0;0;1;0;0;0;0;0;0;0;2019-06-18T18:53:07+00:00;2019-06-18T18:53:07+00:00;https://www.openstreetmap.org/user/osimo1
2551;9425583;ireneboschi;1;0;0;0;0;1;0;0;0;0;0;0;2020-02-14T11:32:24+00:00;2020-02-14T11:32:24+00:00;https://www.openstreetmap.org/user/ireneboschi
2552;9438538;zopsag;1;0;0;0;0;1;0;0;0;0;0;0;2020-03-10T09:59:56+00:00;2020-03-10T09:59:56+00:00;https://www.openstreetmap.org/user/zopsag
2553;9478017;fedegeo;1;0;0;0;1;0;0;0;0;0;0;0;2019-02-26T09:05:17+00:00;2019-02-26T09:05:17+00:00;https://www.openstreetmap.org/user/fedegeo
2554;9491378;soniabu;1;0;0;0;1;0;0;0;0;0;0;0;2019-06-10T15:35:15+00:00;2019-06-10T15:35:15+00:00;https://www.openstreetmap.org/user/soniabu
2555;9511010;Paolo Massarente;1;0;0;0;1;0;0;0;0;0;0;0;2019-03-08T13:19:37+00:00;2019-03-08T13:19:37+00:00;https://www.openstreetmap.org/user/Paolo%20Massarente
2556;9553345;ChrisHousenerd;1;0;0;0;0;0;0;0;0;0;0;1;2026-09-08T13:23:56+00:00;2026-09-08T13:23:56+00:00;https://www.openstreetmap.org/user/ChrisHousenerd
2557;9562851;pasukanoren;1;0;0;0;1;0;0;0;0;0;0;0;2019-11-05T08:40:04+00:00;2019-11-05T08:40:04+00:00;https://www.openstreetmap.org/user/pasukanoren
2558;9564652;wireguy;1;0;0;0;0;0;0;0;0;0;0;1;2026-08-11T13:49:00+00:00;2026-08-11T13:49:00+00:00;https://www.openstreetmap.org/user/wireguy
2559;9572990;Gabriele Ganzi;1;0;0;0;0;0;1;0;0;0;0;0;2021-01-22T11:57:56+00:00;2021-01-22T11:57:56+00:00;https://www.openstreetmap.org/user/Gabriele%20Ganzi
2560;9594796;ampelouzo14;1;0;0;0;0;1;0;0;0;0;0;0;2020-03-06T16:38:34+00:00;2020-03-06T16:38:34+00:00;https://www.openstreetmap.org/user/ampelouzo14
2561;9598606;edathy;1;0;0;0;1;0;0;0;0;0;0;0;2019-06-01T12:09:08+00:00;2019-06-01T12:09:08+00:00;https://www.openstreetmap.org/user/edathy
2562;9600119;Simonemaps;1;0;0;0;1;0;0;0;0;0;0;0;2019-04-17T22:09:29+00:00;2019-04-17T22:09:29+00:00;https://www.openstreetmap.org/user/Simonemaps
2563;9606745;dennispgmn;1;0;0;0;0;0;0;0;0;0;1;0;2025-04-14T11:24:10+00:00;2025-04-14T11:24:10+00:00;https://www.openstreetmap.org/user/dennispgmn
2564;9838233;Lars_Gatt;1;0;0;0;1;0;0;0;0;0;0;0;2019-06-24T23:03:43+00:00;2019-06-24T23:03:43+00:00;https://www.openstreetmap.org/user/Lars_Gatt
2565;9902914;Michele Mencarelli;1;0;0;0;1;0;0;0;0;0;0;0;2019-05-08T13:58:43+00:00;2019-05-08T13:58:43+00:00;https://www.openstreetmap.org/user/Michele%20Mencarelli
2566;9965501;Oli_C82;1;0;0;0;1;0;0;0;0;0;0;0;2019-05-16T10:29:52+00:00;2019-05-16T10:29:52+00:00;https://www.openstreetmap.org/user/Oli_C82
2567;9965503;jonashoffmann;1;0;0;0;1;0;0;0;0;0;0;0;2019-05-16T10:29:16+00:00;2019-05-16T10:29:16+00:00;https://www.openstreetmap.org/user/jonashoffmann
2568;10001400;Luca Ballerini;1;0;0;0;1;0;0;0;0;0;0;0;2019-05-18T13:49:16+00:00;2019-05-18T13:49:16+00:00;https://www.openstreetmap.org/user/Luca%20Ballerini
2569;10007126;Michiel1991;1;0;0;0;0;1;0;0;0;0;0;0;2020-07-24T19:49:24+00:00;2020-07-24T19:49:24+00:00;https://www.openstreetmap.org/user/Michiel1991
2570;10040777;Patrodude;1;0;0;0;1;0;0;0;0;0;0;0;2019-05-31T08:58:44+00:00;2019-05-31T08:58:44+00:00;https://www.openstreetmap.org/user/Patrodude
2571;10050748;Nellonel;1;0;0;0;1;0;0;0;0;0;0;0;2019-06-03T09:03:55+00:00;2019-06-03T09:03:55+00:00;https://www.openstreetmap.org/user/Nellonel
2572;10055437;Spiekerooger;1;0;0;0;0;0;0;0;0;1;0;0;2024-02-01T20:48:32+00:00;2024-02-01T20:48:32+00:00;https://www.openstreetmap.org/user/Spiekerooger
2573;10057790;basilare;1;0;0;0;0;0;0;0;0;1;0;0;2024-02-16T10:25:30+00:00;2024-02-16T10:25:30+00:00;https://www.openstreetmap.org/user/basilare
2574;10062143;Domenico De Fazio;1;0;0;0;1;0;0;0;0;0;0;0;2019-06-08T09:27:22+00:00;2019-06-08T09:27:22+00:00;https://www.openstreetmap.org/user/Domenico%20De%20Fazio
2575;10065969;Sadocan73;1;0;0;0;1;0;0;0;0;0;0;0;2019-06-10T10:56:03+00:00;2019-06-10T10:56:03+00:00;https://www.openstreetmap.org/user/Sadocan73
2576;10114379;Nearby0051;1;0;0;0;0;0;1;0;0;0;0;0;2021-11-27T16:46:26+00:00;2021-11-27T16:46:26+00:00;https://www.openstreetmap.org/user/Nearby0051
2577;10119369;Ted Bloodworth;1;0;0;0;0;0;0;1;0;0;0;0;2022-07-06T08:44:03+00:00;2022-07-06T08:44:03+00:00;https://www.openstreetmap.org/user/Ted%20Bloodworth
2578;10129333;solenoid jam;1;0;0;0;0;0;0;0;1;0;0;0;2023-11-27T20:58:53+00:00;2023-11-27T20:58:53+00:00;https://www.openstreetmap.org/user/solenoid%20jam
2579;10141361;Nicolas Bouliane;1;0;0;0;0;0;0;1;0;0;0;0;2022-02-12T09:20:59+00:00;2022-02-12T09:20:59+00:00;https://www.openstreetmap.org/user/Nicolas%20Bouliane
2580;10161369;Michele Marrazzo;1;0;0;0;0;0;0;1;0;0;0;0;2022-02-20T14:04:34+00:00;2022-02-20T14:04:34+00:00;https://www.openstreetmap.org/user/Michele%20Marrazzo
2581;10169034;Mauro Midolo;1;0;0;0;0;1;0;0;0;0;0;0;2020-07-24T06:07:00+00:00;2020-07-24T06:07:00+00:00;https://www.openstreetmap.org/user/Mauro%20Midolo
2582;10180678;whalecone;1;0;0;0;0;1;0;0;0;0;0;0;2020-09-30T14:00:54+00:00;2020-09-30T14:00:54+00:00;https://www.openstreetmap.org/user/whalecone
2583;10192112;utkap;1;0;0;0;0;0;1;0;0;0;0;0;2021-04-20T03:59:54+00:00;2021-04-20T03:59:54+00:00;https://www.openstreetmap.org/user/utkap
2584;10194472;Magnaluca;1;0;0;0;1;0;0;0;0;0;0;0;2019-08-01T11:12:06+00:00;2019-08-01T11:12:06+00:00;https://www.openstreetmap.org/user/Magnaluca
2585;10218496;technopitecus;1;0;0;0;0;0;0;0;0;0;0;1;2026-08-08T19:30:27+00:00;2026-08-08T19:30:27+00:00;https://www.openstreetmap.org/user/technopitecus
2586;10219375;alampim;1;0;0;0;1;0;0;0;0;0;0;0;2019-12-26T03:58:09+00:00;2019-12-26T03:58:09+00:00;https://www.openstreetmap.org/user/alampim
2587;10220499;fenix_filo;1;0;0;0;1;0;0;0;0;0;0;0;2019-08-12T18:34:31+00:00;2019-08-12T18:34:31+00:00;https://www.openstreetmap.org/user/fenix_filo
2588;10269073;granpasso811;1;0;0;0;0;0;0;0;0;1;0;0;2024-10-21T10:14:58+00:00;2024-10-21T10:14:58+00:00;https://www.openstreetmap.org/user/granpasso811
2589;10273973;BettyBu;1;0;0;0;0;0;0;0;1;0;0;0;2023-07-04T05:29:35+00:00;2023-07-04T05:29:35+00:00;https://www.openstreetmap.org/user/BettyBu
2590;10289417;pie3636;1;0;0;0;0;0;0;1;0;0;0;0;2022-10-02T14:57:06+00:00;2022-10-02T14:57:06+00:00;https://www.openstreetmap.org/user/pie3636
2591;10291982;HORT SocCoop;1;0;0;0;1;0;0;0;0;0;0;0;2019-09-11T14:31:06+00:00;2019-09-11T14:31:06+00:00;https://www.openstreetmap.org/user/HORT%20SocCoop
2592;10305811;kumrnls;1;0;0;0;0;1;0;0;0;0;0;0;2020-02-06T04:19:38+00:00;2020-02-06T04:19:38+00:00;https://www.openstreetmap.org/user/kumrnls
2593;10350966;JuliaW323;1;0;0;0;0;0;1;0;0;0;0;0;2021-03-23T23:09:43+00:00;2021-03-23T23:09:43+00:00;https://www.openstreetmap.org/user/JuliaW323
2594;10361585;Hedgie8;1;0;0;0;0;1;0;0;0;0;0;0;2020-04-15T21:33:27+00:00;2020-04-15T21:33:27+00:00;https://www.openstreetmap.org/user/Hedgie8
2595;10377718;matteo_biglioli;1;0;0;0;0;0;1;0;0;0;0;0;2021-02-09T13:30:24+00:00;2021-02-09T13:30:24+00:00;https://www.openstreetmap.org/user/matteo_biglioli
2596;10394095;fghj753;1;0;0;0;0;0;1;0;0;0;0;0;2021-07-21T14:02:47+00:00;2021-07-21T14:02:47+00:00;https://www.openstreetmap.org/user/fghj753
2597;10401153;Maryely89;1;0;0;0;1;0;0;0;0;0;0;0;2019-10-22T05:48:50+00:00;2019-10-22T05:48:50+00:00;https://www.openstreetmap.org/user/Maryely89
2598;10402849;AtiMarcoT;1;0;0;0;0;0;0;0;0;1;0;0;2024-06-03T10:38:01+00:00;2024-06-03T10:38:01+00:00;https://www.openstreetmap.org/user/AtiMarcoT
2599;10412913;howtech;1;0;0;0;0;0;1;0;0;0;0;0;2021-10-26T06:52:09+00:00;2021-10-26T06:52:09+00:00;https://www.openstreetmap.org/user/howtech
2600;10448958;raffaeler;1;0;0;0;1;0;0;0;0;0;0;0;2019-11-08T15:00:16+00:00;2019-11-08T15:00:16+00:00;https://www.openstreetmap.org/user/raffaeler
2601;10455631;skanduk;1;0;0;0;0;1;0;0;0;0;0;0;2020-02-06T04:21:04+00:00;2020-02-06T04:21:04+00:00;https://www.openstreetmap.org/user/skanduk
2602;10466038;THOMAS TERRAGNOLI;1;0;0;0;1;0;0;0;0;0;0;0;2019-11-14T10:34:39+00:00;2019-11-14T10:34:39+00:00;https://www.openstreetmap.org/user/THOMAS%20TERRAGNOLI
2603;10480289;attaragi;1;0;0;0;0;0;0;0;0;0;1;0;2025-02-28T11:21:51+00:00;2025-02-28T11:21:51+00:00;https://www.openstreetmap.org/user/attaragi
2604;10481551;roberto albertini;1;0;0;0;1;0;0;0;0;0;0;0;2019-11-19T20:30:41+00:00;2019-11-19T20:30:41+00:00;https://www.openstreetmap.org/user/roberto%20albertini
2605;10509404;Francesco Iocca;1;0;0;0;0;1;0;0;0;0;0;0;2020-06-08T13:34:47+00:00;2020-06-08T13:34:47+00:00;https://www.openstreetmap.org/user/Francesco%20Iocca
2606;10523366;Erzachan;1;0;0;0;1;0;0;0;0;0;0;0;2019-12-23T22:04:09+00:00;2019-12-23T22:04:09+00:00;https://www.openstreetmap.org/user/Erzachan
2607;10545335;GiampieroZippilli;1;0;0;0;1;0;0;0;0;0;0;0;2019-12-10T23:57:56+00:00;2019-12-10T23:57:56+00:00;https://www.openstreetmap.org/user/GiampieroZippilli
2608;10581963;Villa Marisanna;1;0;0;0;1;0;0;0;0;0;0;0;2019-12-22T13:21:06+00:00;2019-12-22T13:21:06+00:00;https://www.openstreetmap.org/user/Villa%20Marisanna
2609;10588374;joyclem;1;0;0;0;0;0;0;1;0;0;0;0;2022-02-28T12:43:47+00:00;2022-02-28T12:43:47+00:00;https://www.openstreetmap.org/user/joyclem
2610;10614210;Divan8;1;0;0;0;0;1;0;0;0;0;0;0;2020-01-02T19:20:17+00:00;2020-01-02T19:20:17+00:00;https://www.openstreetmap.org/user/Divan8
2611;10629053;Tomek_Koz;1;0;0;0;0;0;0;0;0;0;0;1;2026-05-21T10:21:39+00:00;2026-05-21T10:21:39+00:00;https://www.openstreetmap.org/user/Tomek_Koz
2612;10637318;VakantieMarche;1;0;0;0;0;0;1;0;0;0;0;0;2021-04-11T10:28:58+00:00;2021-04-11T10:28:58+00:00;https://www.openstreetmap.org/user/VakantieMarche
2613;10655505;ma1981;1;0;0;0;0;1;0;0;0;0;0;0;2020-03-11T14:42:44+00:00;2020-03-11T14:42:44+00:00;https://www.openstreetmap.org/user/ma1981
2614;10678645;Lialiuika;1;0;0;0;0;1;0;0;0;0;0;0;2020-09-30T14:41:03+00:00;2020-09-30T14:41:03+00:00;https://www.openstreetmap.org/user/Lialiuika
2615;10693722;Matteo De Colle;1;0;0;0;0;1;0;0;0;0;0;0;2020-01-23T15:57:38+00:00;2020-01-23T15:57:38+00:00;https://www.openstreetmap.org/user/Matteo%20De%20Colle
2616;10744247;VLD159;1;0;0;0;0;0;1;0;0;0;0;0;2021-01-20T18:13:39+00:00;2021-01-20T18:13:39+00:00;https://www.openstreetmap.org/user/VLD159
2617;10763057;VitKlim;1;0;0;0;0;0;1;0;0;0;0;0;2021-08-19T13:32:53+00:00;2021-08-19T13:32:53+00:00;https://www.openstreetmap.org/user/VitKlim
2618;10766262;tzen;1;0;0;0;0;0;0;1;0;0;0;0;2022-11-02T08:17:22+00:00;2022-11-02T08:17:22+00:00;https://www.openstreetmap.org/user/tzen
2619;10768131;corecom_marche;1;0;0;0;0;1;0;0;0;0;0;0;2020-02-11T16:25:49+00:00;2020-02-11T16:25:49+00:00;https://www.openstreetmap.org/user/corecom_marche
2620;10781985;kitdigita;1;0;0;0;0;1;0;0;0;0;0;0;2020-03-03T15:41:41+00:00;2020-03-03T15:41:41+00:00;https://www.openstreetmap.org/user/kitdigita
2621;10805883;Eleonora Ficiarà;1;0;0;0;0;1;0;0;0;0;0;0;2020-02-20T15:40:54+00:00;2020-02-20T15:40:54+00:00;https://www.openstreetmap.org/user/Eleonora%20Ficiar%C3%A0
2622;10824039;GuidoBezzeccheri;1;0;0;0;0;1;0;0;0;0;0;0;2020-06-18T13:37:33+00:00;2020-06-18T13:37:33+00:00;https://www.openstreetmap.org/user/GuidoBezzeccheri
2623;10832481;ujinevich;1;0;0;0;0;0;0;0;0;1;0;0;2024-10-30T09:20:34+00:00;2024-10-30T09:20:34+00:00;https://www.openstreetmap.org/user/ujinevich
2624;10846560;Andrea Marsili;1;0;0;0;0;1;0;0;0;0;0;0;2020-03-02T10:40:43+00:00;2020-03-02T10:40:43+00:00;https://www.openstreetmap.org/user/Andrea%20Marsili
2625;10850228;pasha-klm;1;0;0;0;0;0;1;0;0;0;0;0;2021-12-07T05:21:23+00:00;2021-12-07T05:21:23+00:00;https://www.openstreetmap.org/user/pasha-klm
2626;10873583;Pinguino70;1;0;0;0;0;1;0;0;0;0;0;0;2020-03-08T20:12:31+00:00;2020-03-08T20:12:31+00:00;https://www.openstreetmap.org/user/Pinguino70
2627;10875409;Friendly_Ghost;1;0;0;0;0;0;0;1;0;0;0;0;2022-11-22T13:15:47+00:00;2022-11-22T13:15:47+00:00;https://www.openstreetmap.org/user/Friendly_Ghost
2628;10882995;Necessarycoot72;1;0;0;0;0;0;0;0;0;1;0;0;2024-05-21T08:15:48+00:00;2024-05-21T08:15:48+00:00;https://www.openstreetmap.org/user/Necessarycoot72
2629;10903465;PaoloSacco1;1;0;0;0;0;1;0;0;0;0;0;0;2020-03-16T10:56:38+00:00;2020-03-16T10:56:38+00:00;https://www.openstreetmap.org/user/PaoloSacco1
2630;10921630;Diego Toderi;1;0;0;0;0;1;0;0;0;0;0;0;2020-03-20T21:02:27+00:00;2020-03-20T21:02:27+00:00;https://www.openstreetmap.org/user/Diego%20Toderi
2631;10931692;kirsing;1;0;0;0;0;0;1;0;0;0;0;0;2021-09-09T06:56:33+00:00;2021-09-09T06:56:33+00:00;https://www.openstreetmap.org/user/kirsing
2632;10947909;noemidandrea;1;0;0;0;0;1;0;0;0;0;0;0;2020-03-27T17:06:06+00:00;2020-03-27T17:06:06+00:00;https://www.openstreetmap.org/user/noemidandrea
2633;10972993;Giorgio Marchegiani;1;0;0;0;0;1;0;0;0;0;0;0;2020-04-02T13:41:53+00:00;2020-04-02T13:41:53+00:00;https://www.openstreetmap.org/user/Giorgio%20Marchegiani
2634;10977005;AndreaFotografo;1;0;0;0;0;1;0;0;0;0;0;0;2020-04-03T11:08:22+00:00;2020-04-03T11:08:22+00:00;https://www.openstreetmap.org/user/AndreaFotografo
2635;10988408;Matyjace;1;0;0;0;0;0;0;0;1;0;0;0;2023-11-10T10:19:54+00:00;2023-11-10T10:19:54+00:00;https://www.openstreetmap.org/user/Matyjace
2636;11015901;raspberrycoffee;1;0;0;0;0;0;1;0;0;0;0;0;2021-10-04T01:16:12+00:00;2021-10-04T01:16:12+00:00;https://www.openstreetmap.org/user/raspberrycoffee
2637;11022966;Sofiya_Khilchyk;1;0;0;0;0;0;1;0;0;0;0;0;2021-08-30T13:26:37+00:00;2021-08-30T13:26:37+00:00;https://www.openstreetmap.org/user/Sofiya_Khilchyk
2638;11023150;crisitunity;1;0;0;0;0;1;0;0;0;0;0;0;2020-06-05T13:33:58+00:00;2020-06-05T13:33:58+00:00;https://www.openstreetmap.org/user/crisitunity
2639;11057235;arievanw;1;0;0;0;0;1;0;0;0;0;0;0;2020-08-10T22:47:45+00:00;2020-08-10T22:47:45+00:00;https://www.openstreetmap.org/user/arievanw
2640;11092438;Tommaso1711;1;0;0;0;0;1;0;0;0;0;0;0;2020-04-29T08:54:05+00:00;2020-04-29T08:54:05+00:00;https://www.openstreetmap.org/user/Tommaso1711
2641;11142983;Acglover;1;0;0;0;0;1;0;0;0;0;0;0;2020-05-07T19:54:22+00:00;2020-05-07T19:54:22+00:00;https://www.openstreetmap.org/user/Acglover
2642;11196452;MarcoGonnash1992;1;0;0;0;0;1;0;0;0;0;0;0;2020-05-17T15:28:41+00:00;2020-05-17T15:28:41+00:00;https://www.openstreetmap.org/user/MarcoGonnash1992
2643;11211647;wermak;1;0;0;0;0;0;1;0;0;0;0;0;2021-04-14T12:55:01+00:00;2021-04-14T12:55:01+00:00;https://www.openstreetmap.org/user/wermak
2644;11291099;Nicola De Innocentis;1;0;0;0;0;0;1;0;0;0;0;0;2021-10-11T14:29:38+00:00;2021-10-11T14:29:38+00:00;https://www.openstreetmap.org/user/Nicola%20De%20Innocentis
2645;11303102;watmildon;1;0;0;0;0;0;0;0;1;0;0;0;2023-04-30T03:50:12+00:00;2023-04-30T03:50:12+00:00;https://www.openstreetmap.org/user/watmildon
2646;11308842;Pro Loco Cossinea;1;0;0;0;0;1;0;0;0;0;0;0;2020-06-08T09:18:16+00:00;2020-06-08T09:18:16+00:00;https://www.openstreetmap.org/user/Pro%20Loco%20Cossinea
2647;11329839;giuliobranchetti;1;0;0;0;0;0;1;0;0;0;0;0;2021-08-01T11:34:24+00:00;2021-08-01T11:34:24+00:00;https://www.openstreetmap.org/user/giuliobranchetti
2648;11361378;giopilota;1;0;0;0;0;1;0;0;0;0;0;0;2020-06-17T14:46:00+00:00;2020-06-17T14:46:00+00:00;https://www.openstreetmap.org/user/giopilota
2649;11387891;tomkat43;1;0;0;0;0;1;0;0;0;0;0;0;2020-06-23T05:47:26+00:00;2020-06-23T05:47:26+00:00;https://www.openstreetmap.org/user/tomkat43
2650;11391994;lucamozza;1;0;0;0;0;1;0;0;0;0;0;0;2020-07-31T08:10:38+00:00;2020-07-31T08:10:38+00:00;https://www.openstreetmap.org/user/lucamozza
2651;11407504;Mariano Pallottini;1;0;0;0;0;1;0;0;0;0;0;0;2020-06-27T11:46:54+00:00;2020-06-27T11:46:54+00:00;https://www.openstreetmap.org/user/Mariano%20Pallottini
2652;11417369;VLD170;1;0;0;0;0;0;0;0;0;0;1;0;2025-10-16T22:02:02+00:00;2025-10-16T22:02:02+00:00;https://www.openstreetmap.org/user/VLD170
2653;11422217;boschettuzzo;1;0;0;0;0;0;1;0;0;0;0;0;2021-06-01T11:38:49+00:00;2021-06-01T11:38:49+00:00;https://www.openstreetmap.org/user/boschettuzzo
2654;11442274;francib;1;0;0;0;0;1;0;0;0;0;0;0;2020-11-07T21:05:26+00:00;2020-11-07T21:05:26+00:00;https://www.openstreetmap.org/user/francib
2655;11455529;AlesCav;1;0;0;0;0;1;0;0;0;0;0;0;2020-09-20T15:07:34+00:00;2020-09-20T15:07:34+00:00;https://www.openstreetmap.org/user/AlesCav
2656;11498869;Simone451;1;0;0;0;0;1;0;0;0;0;0;0;2020-07-17T17:56:27+00:00;2020-07-17T17:56:27+00:00;https://www.openstreetmap.org/user/Simone451
2657;11548027;Claire82;1;0;0;0;0;1;0;0;0;0;0;0;2020-07-25T11:31:15+00:00;2020-07-25T11:31:15+00:00;https://www.openstreetmap.org/user/Claire82
2658;11558577;nschg;1;0;0;0;0;0;1;0;0;0;0;0;2021-04-19T03:47:22+00:00;2021-04-19T03:47:22+00:00;https://www.openstreetmap.org/user/nschg
2659;11563583;arhemon;1;0;0;0;0;0;0;1;0;0;0;0;2022-05-02T13:33:15+00:00;2022-05-02T13:33:15+00:00;https://www.openstreetmap.org/user/arhemon
2660;11566732;Yleniapuf;1;0;0;0;0;1;0;0;0;0;0;0;2020-08-20T13:17:36+00:00;2020-08-20T13:17:36+00:00;https://www.openstreetmap.org/user/Yleniapuf
2661;11585925;luca drudi;1;0;0;0;0;1;0;0;0;0;0;0;2020-08-17T15:18:35+00:00;2020-08-17T15:18:35+00:00;https://www.openstreetmap.org/user/luca%20drudi
2662;11637450;SilverShew;1;0;0;0;0;0;0;1;0;0;0;0;2022-11-24T23:42:07+00:00;2022-11-24T23:42:07+00:00;https://www.openstreetmap.org/user/SilverShew
2663;11695921;cigala10;1;0;0;0;0;0;1;0;0;0;0;0;2021-06-05T20:45:03+00:00;2021-06-05T20:45:03+00:00;https://www.openstreetmap.org/user/cigala10
2664;11701926;Mokugino;1;0;0;0;0;1;0;0;0;0;0;0;2020-09-24T16:06:38+00:00;2020-09-24T16:06:38+00:00;https://www.openstreetmap.org/user/Mokugino
2665;11706458;fprediger;1;0;0;0;0;1;0;0;0;0;0;0;2020-12-07T08:32:29+00:00;2020-12-07T08:32:29+00:00;https://www.openstreetmap.org/user/fprediger
2666;11728473;Alex_men101;1;0;0;0;0;0;0;0;0;1;0;0;2024-05-10T14:17:57+00:00;2024-05-10T14:17:57+00:00;https://www.openstreetmap.org/user/Alex_men101
2667;11741743;randerv;1;0;0;0;0;0;1;0;0;0;0;0;2021-01-19T11:37:51+00:00;2021-01-19T11:37:51+00:00;https://www.openstreetmap.org/user/randerv
2668;11759459;pareps;1;0;0;0;0;0;1;0;0;0;0;0;2021-04-16T04:24:55+00:00;2021-04-16T04:24:55+00:00;https://www.openstreetmap.org/user/pareps
2669;11816683;DrdAlf55;1;0;0;0;0;0;0;0;1;0;0;0;2023-11-23T23:11:34+00:00;2023-11-23T23:11:34+00:00;https://www.openstreetmap.org/user/DrdAlf55
2670;11825496;floetentom;1;0;0;0;0;0;0;0;1;0;0;0;2023-07-23T14:52:32+00:00;2023-07-23T14:52:32+00:00;https://www.openstreetmap.org/user/floetentom
2671;11854945;Manuelini;1;0;0;0;0;0;0;1;0;0;0;0;2022-07-13T21:12:18+00:00;2022-07-13T21:12:18+00:00;https://www.openstreetmap.org/user/Manuelini
2672;11857999;Massimiliano Camillucci;1;0;0;0;0;1;0;0;0;0;0;0;2020-09-22T08:16:30+00:00;2020-09-22T08:16:30+00:00;https://www.openstreetmap.org/user/Massimiliano%20Camillucci
2673;11911273;Rienux;1;0;0;0;0;0;1;0;0;0;0;0;2021-09-02T18:14:39+00:00;2021-09-02T18:14:39+00:00;https://www.openstreetmap.org/user/Rienux
2674;11994989;Moreno Fazio;1;0;0;0;0;0;1;0;0;0;0;0;2021-08-22T20:57:54+00:00;2021-08-22T20:57:54+00:00;https://www.openstreetmap.org/user/Moreno%20Fazio
2675;12019715;filipposanchi;1;0;0;0;0;1;0;0;0;0;0;0;2020-10-20T06:52:38+00:00;2020-10-20T06:52:38+00:00;https://www.openstreetmap.org/user/filipposanchi
2676;12095766;cristiangiann;1;0;0;0;0;1;0;0;0;0;0;0;2020-11-01T14:57:16+00:00;2020-11-01T14:57:16+00:00;https://www.openstreetmap.org/user/cristiangiann
2677;12131882;Letizia Cossignani;1;0;0;0;0;1;0;0;0;0;0;0;2020-11-07T08:53:57+00:00;2020-11-07T08:53:57+00:00;https://www.openstreetmap.org/user/Letizia%20Cossignani
2678;12145776;filmor;1;0;0;0;0;0;0;0;0;0;0;1;2026-06-03T19:04:20+00:00;2026-06-03T19:04:20+00:00;https://www.openstreetmap.org/user/filmor
2679;12219646;Fabio Serpilli;1;0;0;0;0;1;0;0;0;0;0;0;2020-11-22T17:47:23+00:00;2020-11-22T17:47:23+00:00;https://www.openstreetmap.org/user/Fabio%20Serpilli
2680;12235168;Andrea_PQ;1;0;0;0;0;1;0;0;0;0;0;0;2020-11-25T16:46:17+00:00;2020-11-25T16:46:17+00:00;https://www.openstreetmap.org/user/Andrea_PQ
2681;12304204;marialoyko;1;0;0;0;0;0;0;0;1;0;0;0;2023-06-30T18:30:29+00:00;2023-06-30T18:30:29+00:00;https://www.openstreetmap.org/user/marialoyko
2682;12344479;ZhannaB;1;0;0;0;0;0;0;0;1;0;0;0;2023-06-21T12:16:25+00:00;2023-06-21T12:16:25+00:00;https://www.openstreetmap.org/user/ZhannaB
2683;12370110;NiKo1985;1;0;0;0;0;1;0;0;0;0;0;0;2020-12-21T23:35:57+00:00;2020-12-21T23:35:57+00:00;https://www.openstreetmap.org/user/NiKo1985
2684;12418400;Davide Fa;1;0;0;0;0;0;0;0;0;0;1;0;2025-02-16T17:00:47+00:00;2025-02-16T17:00:47+00:00;https://www.openstreetmap.org/user/Davide%20Fa
2685;12419855;Koreller;1;0;0;0;0;0;0;0;0;1;0;0;2024-10-10T17:13:34+00:00;2024-10-10T17:13:34+00:00;https://www.openstreetmap.org/user/Koreller
2686;12422321;haljedi;1;0;0;0;0;0;0;0;0;0;1;0;2025-11-19T20:55:31+00:00;2025-11-19T20:55:31+00:00;https://www.openstreetmap.org/user/haljedi
2687;12427544;faser77;1;0;0;0;0;0;0;0;0;0;1;0;2025-07-08T08:46:32+00:00;2025-07-08T08:46:32+00:00;https://www.openstreetmap.org/user/faser77
2688;12443591;Roccio;1;0;0;0;0;0;0;1;0;0;0;0;2022-07-10T16:49:13+00:00;2022-07-10T16:49:13+00:00;https://www.openstreetmap.org/user/Roccio
2689;12448811;Giuseppe Maino;1;0;0;0;0;0;1;0;0;0;0;0;2021-01-07T17:41:16+00:00;2021-01-07T17:41:16+00:00;https://www.openstreetmap.org/user/Giuseppe%20Maino
2690;12468812;Farisan HiFi;1;0;0;0;0;0;0;0;0;1;0;0;2024-05-13T08:04:26+00:00;2024-05-13T08:04:26+00:00;https://www.openstreetmap.org/user/Farisan%20HiFi
2691;12485436;ArnoGoo;1;0;0;0;0;0;0;0;0;0;1;0;2025-07-22T13:28:12+00:00;2025-07-22T13:28:12+00:00;https://www.openstreetmap.org/user/ArnoGoo
2692;12489656;Ludovica Raparo;1;0;0;0;0;0;1;0;0;0;0;0;2021-01-15T12:14:12+00:00;2021-01-15T12:14:12+00:00;https://www.openstreetmap.org/user/Ludovica%20Raparo
2693;12511042;del_account;1;0;0;0;0;0;1;0;0;0;0;0;2021-10-26T10:24:16+00:00;2021-10-26T10:24:16+00:00;https://www.openstreetmap.org/user/del_account
2694;12560069;Sorre;1;0;0;0;0;0;1;0;0;0;0;0;2021-01-27T17:52:29+00:00;2021-01-27T17:52:29+00:00;https://www.openstreetmap.org/user/Sorre
2695;12598837;Squishy2259;1;0;0;0;0;0;1;0;0;0;0;0;2021-02-03T14:20:34+00:00;2021-02-03T14:20:34+00:00;https://www.openstreetmap.org/user/Squishy2259
2696;12622800;streckengaenger21;1;0;0;0;0;0;0;0;1;0;0;0;2023-06-18T19:28:22+00:00;2023-06-18T19:28:22+00:00;https://www.openstreetmap.org/user/streckengaenger21
2697;12640051;tjnakano;1;0;0;0;0;0;0;0;1;0;0;0;2023-05-24T18:32:01+00:00;2023-05-24T18:32:01+00:00;https://www.openstreetmap.org/user/tjnakano
2698;12767050;uburex;1;0;0;0;0;0;0;0;0;0;0;1;2026-09-15T05:03:12+00:00;2026-09-15T05:03:12+00:00;https://www.openstreetmap.org/user/uburex
2699;12783643;Cinzia Cheetah;1;0;0;0;0;0;1;0;0;0;0;0;2021-03-04T10:10:08+00:00;2021-03-04T10:10:08+00:00;https://www.openstreetmap.org/user/Cinzia%20Cheetah
2700;12900760;NastassiaKalesnikava;1;0;0;0;0;0;1;0;0;0;0;0;2021-04-06T15:00:04+00:00;2021-04-06T15:00:04+00:00;https://www.openstreetmap.org/user/NastassiaKalesnikava
2701;12923042;Land2000;1;0;0;0;0;0;0;0;0;1;0;0;2024-07-12T18:59:33+00:00;2024-07-12T18:59:33+00:00;https://www.openstreetmap.org/user/Land2000
2702;12924857;Teresa Manoni;1;0;0;0;0;0;0;0;1;0;0;0;2023-05-24T06:48:36+00:00;2023-05-24T06:48:36+00:00;https://www.openstreetmap.org/user/Teresa%20Manoni
2703;12932770;o0ps!;1;0;0;0;0;0;1;0;0;0;0;0;2021-06-03T09:42:32+00:00;2021-06-03T09:42:32+00:00;https://www.openstreetmap.org/user/o0ps%21
2704;13061535;Heba Daraghma;1;0;0;0;0;0;1;0;0;0;0;0;2021-04-19T16:09:35+00:00;2021-04-19T16:09:35+00:00;https://www.openstreetmap.org/user/Heba%20Daraghma
2705;13097056;PCarew_EG;1;0;0;0;0;0;0;1;0;0;0;0;2022-09-07T19:50:49+00:00;2022-09-07T19:50:49+00:00;https://www.openstreetmap.org/user/PCarew_EG
2706;13196804;Nad_Alley;1;0;0;0;0;0;0;1;0;0;0;0;2022-06-24T04:58:04+00:00;2022-06-24T04:58:04+00:00;https://www.openstreetmap.org/user/Nad_Alley
2707;13196817;Giza_Up;1;0;0;0;0;0;0;1;0;0;0;0;2022-06-16T05:52:29+00:00;2022-06-16T05:52:29+00:00;https://www.openstreetmap.org/user/Giza_Up
2708;13207978;univalence;1;0;0;0;0;0;1;0;0;0;0;0;2021-05-04T12:33:38+00:00;2021-05-04T12:33:38+00:00;https://www.openstreetmap.org/user/univalence
2709;13235518;francesco lotito;1;0;0;0;0;0;1;0;0;0;0;0;2021-05-03T14:45:46+00:00;2021-05-03T14:45:46+00:00;https://www.openstreetmap.org/user/francesco%20lotito
2710;13336924;Ereff-OSM;1;0;0;0;0;0;0;0;0;0;1;0;2025-10-08T16:04:08+00:00;2025-10-08T16:04:08+00:00;https://www.openstreetmap.org/user/Ereff-OSM
2711;13346875;lollo255;1;0;0;0;0;0;0;0;0;0;0;1;2026-06-19T16:47:52+00:00;2026-06-19T16:47:52+00:00;https://www.openstreetmap.org/user/lollo255
2712;13357277;plnc;1;0;0;0;0;0;0;0;0;0;1;0;2025-03-22T18:18:52+00:00;2025-03-22T18:18:52+00:00;https://www.openstreetmap.org/user/plnc
2713;13367865;DUCANERO SRL;1;0;0;0;0;0;1;0;0;0;0;0;2021-05-19T15:59:05+00:00;2021-05-19T15:59:05+00:00;https://www.openstreetmap.org/user/DUCANERO%20SRL
2714;13376891;BMW-Klaus;1;0;0;0;0;0;1;0;0;0;0;0;2021-05-20T18:17:16+00:00;2021-05-20T18:17:16+00:00;https://www.openstreetmap.org/user/BMW-Klaus
2715;13436144;Alessandro Cera;1;0;0;0;0;0;0;0;0;0;1;0;2025-08-05T08:50:37+00:00;2025-08-05T08:50:37+00:00;https://www.openstreetmap.org/user/Alessandro%20Cera
2716;13441375;driharper;1;0;0;0;0;0;0;0;1;0;0;0;2023-07-06T12:02:49+00:00;2023-07-06T12:02:49+00:00;https://www.openstreetmap.org/user/driharper
2717;13449511;Lepanto;1;0;0;0;0;0;0;1;0;0;0;0;2022-11-07T16:41:50+00:00;2022-11-07T16:41:50+00:00;https://www.openstreetmap.org/user/Lepanto
2718;13449899;Crusoe Team;1;0;0;0;0;0;1;0;0;0;0;0;2021-05-31T09:20:53+00:00;2021-05-31T09:20:53+00:00;https://www.openstreetmap.org/user/Crusoe%20Team
2719;13453414;alex8699c;1;0;0;0;0;0;1;0;0;0;0;0;2021-06-04T18:39:34+00:00;2021-06-04T18:39:34+00:00;https://www.openstreetmap.org/user/alex8699c
2720;13486038;waspbe;1;0;0;0;0;0;1;0;0;0;0;0;2021-12-06T11:27:25+00:00;2021-12-06T11:27:25+00:00;https://www.openstreetmap.org/user/waspbe
2721;13523614;Sotto Passo Lounge;1;0;0;0;0;0;1;0;0;0;0;0;2021-06-09T13:43:51+00:00;2021-06-09T13:43:51+00:00;https://www.openstreetmap.org/user/Sotto%20Passo%20Lounge
2722;13566882;Silverium;1;0;0;0;0;0;1;0;0;0;0;0;2021-07-03T07:27:11+00:00;2021-07-03T07:27:11+00:00;https://www.openstreetmap.org/user/Silverium
2723;13579862;divagazionieteree;1;0;0;0;0;0;0;0;0;0;0;1;2026-05-17T16:58:11+00:00;2026-05-17T16:58:11+00:00;https://www.openstreetmap.org/user/divagazionieteree
2724;13650936;Eike-Franzen;1;0;0;0;0;0;0;1;0;0;0;0;2022-03-19T12:58:24+00:00;2022-03-19T12:58:24+00:00;https://www.openstreetmap.org/user/Eike-Franzen
2725;13664124;Green_Rally;1;0;0;0;0;0;0;1;0;0;0;0;2022-06-24T08:41:39+00:00;2022-06-24T08:41:39+00:00;https://www.openstreetmap.org/user/Green_Rally
2726;13686526;irgendsoeinhanswurst;1;0;0;0;0;0;0;0;0;1;0;0;2024-06-28T21:10:53+00:00;2024-06-28T21:10:53+00:00;https://www.openstreetmap.org/user/irgendsoeinhanswurst
2727;13856593;Gcanyon;1;0;0;0;0;0;0;0;0;0;1;0;2025-07-01T22:54:04+00:00;2025-07-01T22:54:04+00:00;https://www.openstreetmap.org/user/Gcanyon
2728;13857060;Riccardo Fox;1;0;0;0;0;0;0;0;0;1;0;0;2024-02-18T08:15:44+00:00;2024-02-18T08:15:44+00:00;https://www.openstreetmap.org/user/Riccardo%20Fox
2729;13872483;ramyazka;1;0;0;0;0;0;0;0;0;0;0;1;2026-05-29T07:51:21+00:00;2026-05-29T07:51:21+00:00;https://www.openstreetmap.org/user/ramyazka
2730;13949976;fababas the one;1;0;0;0;0;0;0;0;0;0;1;0;2025-01-04T15:05:58+00:00;2025-01-04T15:05:58+00:00;https://www.openstreetmap.org/user/fababas%20the%20one
2731;13960668;DreamsKM;1;0;0;0;0;0;1;0;0;0;0;0;2021-09-09T14:43:52+00:00;2021-09-09T14:43:52+00:00;https://www.openstreetmap.org/user/DreamsKM
2732;13971212;ABluePotatoe;1;0;0;0;0;0;0;1;0;0;0;0;2022-07-29T13:07:26+00:00;2022-07-29T13:07:26+00:00;https://www.openstreetmap.org/user/ABluePotatoe
2733;13986573;dombul;1;0;0;0;0;0;0;0;0;0;1;0;2025-04-21T21:44:11+00:00;2025-04-21T21:44:11+00:00;https://www.openstreetmap.org/user/dombul
2734;14018940;nirupdur;1;0;0;0;0;0;0;0;0;1;0;0;2024-08-14T09:15:12+00:00;2024-08-14T09:15:12+00:00;https://www.openstreetmap.org/user/nirupdur
2735;14021395;sivasaic;1;0;0;0;0;0;0;1;0;0;0;0;2022-10-04T15:52:50+00:00;2022-10-04T15:52:50+00:00;https://www.openstreetmap.org/user/sivasaic
2736;14032631;sakshau;1;0;0;0;0;0;0;0;0;0;1;0;2025-02-25T10:16:07+00:00;2025-02-25T10:16:07+00:00;https://www.openstreetmap.org/user/sakshau
2737;14057548;ppku;1;0;0;0;0;0;0;0;0;0;1;0;2025-06-24T18:20:26+00:00;2025-06-24T18:20:26+00:00;https://www.openstreetmap.org/user/ppku
2738;14073591;ilTugi;1;0;0;0;0;0;1;0;0;0;0;0;2021-09-08T07:14:05+00:00;2021-09-08T07:14:05+00:00;https://www.openstreetmap.org/user/ilTugi
2739;14220709;Monica Gori;1;0;0;0;0;0;0;0;1;0;0;0;2023-04-29T12:37:57+00:00;2023-04-29T12:37:57+00:00;https://www.openstreetmap.org/user/Monica%20Gori
2740;14244966;Ethel Urbani;1;0;0;0;0;0;1;0;0;0;0;0;2021-11-04T09:12:12+00:00;2021-11-04T09:12:12+00:00;https://www.openstreetmap.org/user/Ethel%20Urbani
2741;14271620;pgerendl;1;0;0;0;0;0;0;0;0;0;1;0;2025-11-11T06:14:00+00:00;2025-11-11T06:14:00+00:00;https://www.openstreetmap.org/user/pgerendl
2742;14312081;Stefano Gullì;1;0;0;0;0;0;1;0;0;0;0;0;2021-10-18T20:45:02+00:00;2021-10-18T20:45:02+00:00;https://www.openstreetmap.org/user/Stefano%20Gull%C3%AC
2743;14327227;kaasbroodje;1;0;0;0;0;0;0;0;0;0;0;1;2026-01-16T15:10:11+00:00;2026-01-16T15:10:11+00:00;https://www.openstreetmap.org/user/kaasbroodje
2744;14328487;FScoppolini;1;0;0;0;0;0;1;0;0;0;0;0;2021-10-21T13:24:28+00:00;2021-10-21T13:24:28+00:00;https://www.openstreetmap.org/user/FScoppolini
2745;14437425;KostyaZAyAc;1;0;0;0;0;0;1;0;0;0;0;0;2021-12-08T09:18:55+00:00;2021-12-08T09:18:55+00:00;https://www.openstreetmap.org/user/KostyaZAyAc
2746;14601624;PrairieMaple99;1;0;0;0;0;0;0;0;0;0;0;1;2026-08-23T19:55:59+00:00;2026-08-23T19:55:59+00:00;https://www.openstreetmap.org/user/PrairieMaple99
2747;14619194;Rayquaza89;1;0;0;0;0;0;0;0;1;0;0;0;2023-08-02T20:48:10+00:00;2023-08-02T20:48:10+00:00;https://www.openstreetmap.org/user/Rayquaza89
2748;14713774;nicodemo71;1;0;0;0;0;0;0;0;0;0;0;1;2026-06-14T16:14:11+00:00;2026-06-14T16:14:11+00:00;https://www.openstreetmap.org/user/nicodemo71
2749;14716456;Emma Marzi;1;0;0;0;0;0;1;0;0;0;0;0;2021-12-27T11:13:29+00:00;2021-12-27T11:13:29+00:00;https://www.openstreetmap.org/user/Emma%20Marzi
2750;14728461;FilippoDonati;1;0;0;0;0;0;1;0;0;0;0;0;2021-12-28T15:34:58+00:00;2021-12-28T15:34:58+00:00;https://www.openstreetmap.org/user/FilippoDonati
2751;14728796;Doddi_ule;1;0;0;0;0;0;0;1;0;0;0;0;2022-06-14T11:57:49+00:00;2022-06-14T11:57:49+00:00;https://www.openstreetmap.org/user/Doddi_ule
2752;14761658;Tourism_info;1;0;0;0;0;0;0;0;0;0;1;0;2025-09-19T07:44:13+00:00;2025-09-19T07:44:13+00:00;https://www.openstreetmap.org/user/Tourism_info
2753;14858789;user_14858789;1;0;0;0;0;0;0;1;0;0;0;0;2022-02-05T22:57:44+00:00;2022-02-05T22:57:44+00:00;https://www.openstreetmap.org/user/user_14858789
2754;14877392;FedeRossi;1;0;0;0;0;0;0;1;0;0;0;0;2022-01-31T21:07:26+00:00;2022-01-31T21:07:26+00:00;https://www.openstreetmap.org/user/FedeRossi
2755;14928707;Justen Rosati;1;0;0;0;0;0;0;1;0;0;0;0;2022-01-24T10:59:10+00:00;2022-01-24T10:59:10+00:00;https://www.openstreetmap.org/user/Justen%20Rosati
2756;15001997;Naglieri;1;0;0;0;0;0;0;1;0;0;0;0;2022-02-02T22:22:20+00:00;2022-02-02T22:22:20+00:00;https://www.openstreetmap.org/user/Naglieri
2757;15008581;Potter_Gang;1;0;0;0;0;0;0;1;0;0;0;0;2022-06-10T11:49:57+00:00;2022-06-10T11:49:57+00:00;https://www.openstreetmap.org/user/Potter_Gang
2758;15008625;Peace_Stroke;1;0;0;0;0;0;0;1;0;0;0;0;2022-09-27T09:55:09+00:00;2022-09-27T09:55:09+00:00;https://www.openstreetmap.org/user/Peace_Stroke
2759;15022913;davgue;1;0;0;0;0;0;0;1;0;0;0;0;2022-02-05T18:53:08+00:00;2022-02-05T18:53:08+00:00;https://www.openstreetmap.org/user/davgue
2760;15100011;CroceRossaMacerata;1;0;0;0;0;0;0;1;0;0;0;0;2022-02-16T11:51:31+00:00;2022-02-16T11:51:31+00:00;https://www.openstreetmap.org/user/CroceRossaMacerata
2761;15104853;VLD194;1;0;0;0;0;0;0;0;1;0;0;0;2023-11-06T19:53:51+00:00;2023-11-06T19:53:51+00:00;https://www.openstreetmap.org/user/VLD194
2762;15110071;Agriturismo Vecchio Gelso;1;0;0;0;0;0;0;1;0;0;0;0;2022-02-17T16:17:11+00:00;2022-02-17T16:17:11+00:00;https://www.openstreetmap.org/user/Agriturismo%20Vecchio%20Gelso
2763;15204697;Chil_creep;1;0;0;0;0;0;0;1;0;0;0;0;2022-06-15T08:22:52+00:00;2022-06-15T08:22:52+00:00;https://www.openstreetmap.org/user/Chil_creep
2764;15204708;Moto_JB;1;0;0;0;0;0;0;1;0;0;0;0;2022-06-08T06:29:09+00:00;2022-06-08T06:29:09+00:00;https://www.openstreetmap.org/user/Moto_JB
2765;15221749;Lorenzo2309;1;0;0;0;0;0;0;1;0;0;0;0;2022-03-03T16:15:59+00:00;2022-03-03T16:15:59+00:00;https://www.openstreetmap.org/user/Lorenzo2309
2766;15282959;ueltje;1;0;0;0;0;0;0;0;0;1;0;0;2024-05-12T17:23:23+00:00;2024-05-12T17:23:23+00:00;https://www.openstreetmap.org/user/ueltje
2767;15284682;Jnp624;1;0;0;0;0;0;0;0;0;0;0;1;2026-02-15T02:46:51+00:00;2026-02-15T02:46:51+00:00;https://www.openstreetmap.org/user/Jnp624
2768;15333674;damr92;1;0;0;0;0;0;0;0;0;1;0;0;2024-09-01T16:43:35+00:00;2024-09-01T16:43:35+00:00;https://www.openstreetmap.org/user/damr92
2769;15370460;Marofef;1;0;0;0;0;0;0;1;0;0;0;0;2022-03-21T09:33:12+00:00;2022-03-21T09:33:12+00:00;https://www.openstreetmap.org/user/Marofef
2770;15454123;Carlo Santini;1;0;0;0;0;0;0;0;0;0;1;0;2025-03-24T13:21:08+00:00;2025-03-24T13:21:08+00:00;https://www.openstreetmap.org/user/Carlo%20Santini
2771;15458650;MarioKP;1;0;0;0;0;0;0;1;0;0;0;0;2022-06-09T06:19:56+00:00;2022-06-09T06:19:56+00:00;https://www.openstreetmap.org/user/MarioKP
2772;15458758;GS_vogue;1;0;0;0;0;0;0;1;0;0;0;0;2022-06-09T11:15:02+00:00;2022-06-09T11:15:02+00:00;https://www.openstreetmap.org/user/GS_vogue
2773;15511309;Haisan302;1;0;0;0;0;0;0;0;0;0;0;1;2026-05-17T04:55:19+00:00;2026-05-17T04:55:19+00:00;https://www.openstreetmap.org/user/Haisan302
2774;15648810;Ed_Severini;1;0;0;0;0;0;0;1;0;0;0;0;2022-04-21T11:06:59+00:00;2022-04-21T11:06:59+00:00;https://www.openstreetmap.org/user/Ed_Severini
2775;15764211;Surf Club Civitanova;1;0;0;0;0;0;0;1;0;0;0;0;2022-04-29T13:47:11+00:00;2022-04-29T13:47:11+00:00;https://www.openstreetmap.org/user/Surf%20Club%20Civitanova
2776;15886906;il_Cervo;1;0;0;0;0;0;0;0;1;0;0;0;2023-05-01T15:12:27+00:00;2023-05-01T15:12:27+00:00;https://www.openstreetmap.org/user/il_Cervo
2777;15888398;photoingarage;1;0;0;0;0;0;0;1;0;0;0;0;2022-05-08T14:55:18+00:00;2022-05-08T14:55:18+00:00;https://www.openstreetmap.org/user/photoingarage
2778;16018029;Reskyns;1;0;0;0;0;0;0;1;0;0;0;0;2022-05-20T17:23:44+00:00;2022-05-20T17:23:44+00:00;https://www.openstreetmap.org/user/Reskyns
2779;16257628;Alessandro Monti;1;0;0;0;0;0;0;1;0;0;0;0;2022-08-24T15:03:23+00:00;2022-08-24T15:03:23+00:00;https://www.openstreetmap.org/user/Alessandro%20Monti
2780;16333856;Lorenzo A;1;0;0;0;0;0;0;1;0;0;0;0;2022-09-08T09:41:05+00:00;2022-09-08T09:41:05+00:00;https://www.openstreetmap.org/user/Lorenzo%20A
2781;16377153;Francesco_fx;1;0;0;0;0;0;0;1;0;0;0;0;2022-09-06T11:45:18+00:00;2022-09-06T11:45:18+00:00;https://www.openstreetmap.org/user/Francesco_fx
2782;16409968;SNL_photo;1;0;0;0;0;0;0;1;0;0;0;0;2022-11-25T05:02:46+00:00;2022-11-25T05:02:46+00:00;https://www.openstreetmap.org/user/SNL_photo
2783;16410020;KP_Tech;1;0;0;0;0;0;0;1;0;0;0;0;2022-10-07T11:31:53+00:00;2022-10-07T11:31:53+00:00;https://www.openstreetmap.org/user/KP_Tech
2784;16423180;Grugnok;1;0;0;0;0;0;0;1;0;0;0;0;2022-07-06T09:03:57+00:00;2022-07-06T09:03:57+00:00;https://www.openstreetmap.org/user/Grugnok
2785;16455258;changio;1;0;0;0;0;0;0;0;0;0;1;0;2025-04-10T13:15:31+00:00;2025-04-10T13:15:31+00:00;https://www.openstreetmap.org/user/changio
2786;16531033;srratnal;1;0;0;0;0;0;0;0;1;0;0;0;2023-05-04T10:03:42+00:00;2023-05-04T10:03:42+00:00;https://www.openstreetmap.org/user/srratnal
2787;16556306;Andrea Martocchia;1;0;0;0;0;0;0;1;0;0;0;0;2022-07-15T19:18:05+00:00;2022-07-15T19:18:05+00:00;https://www.openstreetmap.org/user/Andrea%20Martocchia
2788;16577325;whitepanda;1;0;0;0;0;0;0;0;1;0;0;0;2023-10-23T08:40:33+00:00;2023-10-23T08:40:33+00:00;https://www.openstreetmap.org/user/whitepanda
2789;16579252;Vjncenzo;1;0;0;0;0;0;0;0;1;0;0;0;2023-07-24T20:13:31+00:00;2023-07-24T20:13:31+00:00;https://www.openstreetmap.org/user/Vjncenzo
2790;16642036;user_16642036;1;0;0;0;0;0;0;1;0;0;0;0;2022-12-05T23:35:12+00:00;2022-12-05T23:35:12+00:00;https://www.openstreetmap.org/user/user_16642036
2791;16658107;ehemasri;1;0;0;0;0;0;0;0;0;1;0;0;2024-09-09T10:43:52+00:00;2024-09-09T10:43:52+00:00;https://www.openstreetmap.org/user/ehemasri
2792;16681099;analogon;1;0;0;0;0;0;0;0;0;1;0;0;2024-07-22T10:15:43+00:00;2024-07-22T10:15:43+00:00;https://www.openstreetmap.org/user/analogon
2793;16753123;NickRohn;1;0;0;0;0;0;0;0;0;0;1;0;2025-04-20T21:34:43+00:00;2025-04-20T21:34:43+00:00;https://www.openstreetmap.org/user/NickRohn
2794;16795510;ValentinaGate-away;1;0;0;0;0;0;0;0;0;0;1;0;2025-04-22T10:54:30+00:00;2025-04-22T10:54:30+00:00;https://www.openstreetmap.org/user/ValentinaGate-away
2795;16885898;Massimo Servidei;1;0;0;0;0;0;0;1;0;0;0;0;2022-08-20T07:20:29+00:00;2022-08-20T07:20:29+00:00;https://www.openstreetmap.org/user/Massimo%20Servidei
2796;17001488;Villaggio Bitcoin;1;0;0;0;0;0;0;0;1;0;0;0;2023-04-28T12:17:37+00:00;2023-04-28T12:17:37+00:00;https://www.openstreetmap.org/user/Villaggio%20Bitcoin
2797;17108801;NETENG;1;0;0;0;0;0;0;1;0;0;0;0;2022-09-12T16:04:35+00:00;2022-09-12T16:04:35+00:00;https://www.openstreetmap.org/user/NETENG
2798;17213119;Sgaio;1;0;0;0;0;0;0;0;1;0;0;0;2023-02-13T11:30:52+00:00;2023-02-13T11:30:52+00:00;https://www.openstreetmap.org/user/Sgaio
2799;17236937;map();1;0;0;0;0;0;0;0;0;1;0;0;2024-06-02T10:52:44+00:00;2024-06-02T10:52:44+00:00;https://www.openstreetmap.org/user/map%28%29
2800;17280502;Faizy_MD;1;0;0;0;0;0;0;1;0;0;0;0;2022-11-30T05:09:06+00:00;2022-11-30T05:09:06+00:00;https://www.openstreetmap.org/user/Faizy_MD
2801;17281955;Gud_Slam;1;0;0;0;0;0;0;1;0;0;0;0;2022-11-25T10:55:12+00:00;2022-11-25T10:55:12+00:00;https://www.openstreetmap.org/user/Gud_Slam
2802;17291489;Léo Qwant;1;0;0;0;0;0;0;0;0;1;0;0;2024-12-28T12:36:49+00:00;2024-12-28T12:36:49+00:00;https://www.openstreetmap.org/user/L%C3%A9o%20Qwant
2803;17322645;m1Lya;1;0;0;0;0;0;0;1;0;0;0;0;2022-10-04T22:02:04+00:00;2022-10-04T22:02:04+00:00;https://www.openstreetmap.org/user/m1Lya
2804;17402786;raffaelebe;1;0;0;0;0;0;0;1;0;0;0;0;2022-10-13T15:26:34+00:00;2022-10-13T15:26:34+00:00;https://www.openstreetmap.org/user/raffaelebe
2805;17469923;Roberto1985;1;0;0;0;0;0;0;1;0;0;0;0;2022-10-24T09:19:16+00:00;2022-10-24T09:19:16+00:00;https://www.openstreetmap.org/user/Roberto1985
2806;17517412;Cesare Banducci;1;0;0;0;0;0;0;0;0;0;1;0;2025-01-10T08:29:02+00:00;2025-01-10T08:29:02+00:00;https://www.openstreetmap.org/user/Cesare%20Banducci
2807;17565129;descubrebitcoin;1;0;0;0;0;0;0;0;1;0;0;0;2023-12-15T07:13:09+00:00;2023-12-15T07:13:09+00:00;https://www.openstreetmap.org/user/descubrebitcoin
2808;17589739;Andrea Serrani;1;0;0;0;0;0;0;1;0;0;0;0;2022-11-05T13:23:52+00:00;2022-11-05T13:23:52+00:00;https://www.openstreetmap.org/user/Andrea%20Serrani
2809;17610555;Ordine Agronomi e Forestali;1;0;0;0;0;0;0;1;0;0;0;0;2022-11-09T12:50:46+00:00;2022-11-09T12:50:46+00:00;https://www.openstreetmap.org/user/Ordine%20Agronomi%20e%20Forestali
2810;17669138;GPX3T;1;0;0;0;0;0;0;0;0;1;0;0;2024-10-14T15:34:03+00:00;2024-10-14T15:34:03+00:00;https://www.openstreetmap.org/user/GPX3T
2811;17843669;DomKor;1;0;0;0;0;0;0;0;0;0;1;0;2025-04-29T17:23:48+00:00;2025-04-29T17:23:48+00:00;https://www.openstreetmap.org/user/DomKor
2812;18113418;INNOCENTINI DAMIANO;1;0;0;0;0;0;0;1;0;0;0;0;2022-12-28T14:13:03+00:00;2022-12-28T14:13:03+00:00;https://www.openstreetmap.org/user/INNOCENTINI%20DAMIANO
2813;18157288;kechan_tagfix;1;0;0;0;0;0;0;0;1;0;0;0;2023-01-22T15:54:13+00:00;2023-01-22T15:54:13+00:00;https://www.openstreetmap.org/user/kechan_tagfix
2814;18191954;Stephan Reckziegel;1;0;0;0;0;0;0;0;1;0;0;0;2023-08-11T18:44:46+00:00;2023-08-11T18:44:46+00:00;https://www.openstreetmap.org/user/Stephan%20Reckziegel
2815;18237714;alisamsam;1;0;0;0;0;0;0;0;0;0;0;1;2026-04-20T18:02:43+00:00;2026-04-20T18:02:43+00:00;https://www.openstreetmap.org/user/alisamsam
2816;18273465;Protocolli Creativi srl;1;0;0;0;0;0;0;0;0;1;0;0;2024-05-20T19:58:37+00:00;2024-05-20T19:58:37+00:00;https://www.openstreetmap.org/user/Protocolli%20Creativi%20srl
2817;18305684;user_18305684;1;0;0;0;0;0;0;0;1;0;0;0;2023-07-10T23:48:40+00:00;2023-07-10T23:48:40+00:00;https://www.openstreetmap.org/user/user_18305684
2818;18344114;"Alessandro Colomberotto ""Mammut""";1;0;0;0;0;0;0;0;1;0;0;0;2023-02-12T21:33:30+00:00;2023-02-12T21:33:30+00:00;https://www.openstreetmap.org/user/Alessandro%20Colomberotto%20%22Mammut%22
2819;18393952;boweiu;1;0;0;0;0;0;0;0;0;0;1;0;2025-08-02T10:52:43+00:00;2025-08-02T10:52:43+00:00;https://www.openstreetmap.org/user/boweiu
2820;18397677;Claudio Borean;1;0;0;0;0;0;0;0;1;0;0;0;2023-02-09T16:19:40+00:00;2023-02-09T16:19:40+00:00;https://www.openstreetmap.org/user/Claudio%20Borean
2821;18428479;April Fairy;1;0;0;0;0;0;0;0;0;1;0;0;2024-12-02T08:14:53+00:00;2024-12-02T08:14:53+00:00;https://www.openstreetmap.org/user/April%20Fairy
2822;18469761;simo_explorer;1;0;0;0;0;0;0;0;0;0;1;0;2025-06-24T14:35:31+00:00;2025-06-24T14:35:31+00:00;https://www.openstreetmap.org/user/simo_explorer
2823;18474291;epsim;1;0;0;0;0;0;0;0;1;0;0;0;2023-02-14T03:00:50+00:00;2023-02-14T03:00:50+00:00;https://www.openstreetmap.org/user/epsim
2824;18483703;ottetto;1;0;0;0;0;0;0;0;1;0;0;0;2023-02-14T21:31:03+00:00;2023-02-14T21:31:03+00:00;https://www.openstreetmap.org/user/ottetto
2825;18535027;crocilorenzo;1;0;0;0;0;0;0;0;1;0;0;0;2023-02-22T16:59:33+00:00;2023-02-22T16:59:33+00:00;https://www.openstreetmap.org/user/crocilorenzo
2826;18598919;Ale_osm91;1;0;0;0;0;0;0;0;0;1;0;0;2024-02-29T09:11:40+00:00;2024-02-29T09:11:40+00:00;https://www.openstreetmap.org/user/Ale_osm91
2827;18669457;dahcat;1;0;0;0;0;0;0;0;0;0;0;1;2026-05-16T13:17:37+00:00;2026-05-16T13:17:37+00:00;https://www.openstreetmap.org/user/dahcat
2828;18718921;Beachfood;1;0;0;0;0;0;0;0;1;0;0;0;2023-03-14T19:00:13+00:00;2023-03-14T19:00:13+00:00;https://www.openstreetmap.org/user/Beachfood
2829;18768236;Fidesa47;1;0;0;0;0;0;0;0;1;0;0;0;2023-03-20T13:38:33+00:00;2023-03-20T13:38:33+00:00;https://www.openstreetmap.org/user/Fidesa47
2830;18768599;ozamriy;1;0;0;0;0;0;0;0;1;0;0;0;2023-03-20T13:28:50+00:00;2023-03-20T13:28:50+00:00;https://www.openstreetmap.org/user/ozamriy
2831;18770542;McLovining;1;0;0;0;0;0;0;0;0;0;1;0;2025-04-23T15:03:07+00:00;2025-04-23T15:03:07+00:00;https://www.openstreetmap.org/user/McLovining
2832;18779565;giovannic4;1;0;0;0;0;0;0;0;1;0;0;0;2023-03-22T14:10:36+00:00;2023-03-22T14:10:36+00:00;https://www.openstreetmap.org/user/giovannic4
2833;18780211;Pacio931;1;0;0;0;0;0;0;0;1;0;0;0;2023-03-22T16:29:24+00:00;2023-03-22T16:29:24+00:00;https://www.openstreetmap.org/user/Pacio931
2834;18807367;gmeyer1;1;0;0;0;0;0;0;0;0;0;1;0;2025-08-20T09:23:04+00:00;2025-08-20T09:23:04+00:00;https://www.openstreetmap.org/user/gmeyer1
2835;18813207;MichelePlus;1;0;0;0;0;0;0;0;1;0;0;0;2023-03-29T13:54:29+00:00;2023-03-29T13:54:29+00:00;https://www.openstreetmap.org/user/MichelePlus
2836;18923067;saldenisov;1;0;0;0;0;0;0;0;1;0;0;0;2023-08-17T08:42:20+00:00;2023-08-17T08:42:20+00:00;https://www.openstreetmap.org/user/saldenisov
2837;18935922;giangi00;1;0;0;0;0;0;0;0;1;0;0;0;2023-04-13T06:47:31+00:00;2023-04-13T06:47:31+00:00;https://www.openstreetmap.org/user/giangi00
2838;18943434;chanez07;1;0;0;0;0;0;0;0;1;0;0;0;2023-05-29T18:12:44+00:00;2023-05-29T18:12:44+00:00;https://www.openstreetmap.org/user/chanez07
2839;19025166;albertodicapua;1;0;0;0;0;0;0;0;1;0;0;0;2023-04-21T13:50:03+00:00;2023-04-21T13:50:03+00:00;https://www.openstreetmap.org/user/albertodicapua
2840;19086315;Giuseppe Russo1123;1;0;0;0;0;0;0;0;1;0;0;0;2023-04-28T09:27:05+00:00;2023-04-28T09:27:05+00:00;https://www.openstreetmap.org/user/Giuseppe%20Russo1123
2841;19087872;EspPiot;1;0;0;0;0;0;0;0;1;0;0;0;2023-04-27T12:46:11+00:00;2023-04-27T12:46:11+00:00;https://www.openstreetmap.org/user/EspPiot
2842;19142617;Maurizio17;1;0;0;0;0;0;0;0;1;0;0;0;2023-05-06T14:03:19+00:00;2023-05-06T14:03:19+00:00;https://www.openstreetmap.org/user/Maurizio17
2843;19198184;the_real_shb;1;0;0;0;0;0;0;0;0;1;0;0;2024-05-23T15:57:05+00:00;2024-05-23T15:57:05+00:00;https://www.openstreetmap.org/user/the_real_shb
2844;19230590;DanielBucala;1;0;0;0;0;0;0;0;1;0;0;0;2023-05-11T13:04:30+00:00;2023-05-11T13:04:30+00:00;https://www.openstreetmap.org/user/DanielBucala
2845;19265664;Fufino;1;0;0;0;0;0;0;0;1;0;0;0;2023-09-03T14:31:11+00:00;2023-09-03T14:31:11+00:00;https://www.openstreetmap.org/user/Fufino
2846;19433532;the_valmat;1;0;0;0;0;0;0;0;1;0;0;0;2023-06-14T14:33:41+00:00;2023-06-14T14:33:41+00:00;https://www.openstreetmap.org/user/the_valmat
2847;19497998;branco-josm;1;0;0;0;0;0;0;0;0;1;0;0;2024-03-04T10:46:46+00:00;2024-03-04T10:46:46+00:00;https://www.openstreetmap.org/user/branco-josm
2848;19604952;Medusa Rebecca;1;0;0;0;0;0;0;0;1;0;0;0;2023-06-17T12:53:09+00:00;2023-06-17T12:53:09+00:00;https://www.openstreetmap.org/user/Medusa%20Rebecca
2849;19645340;Eugenia Z;1;0;0;0;0;0;0;0;1;0;0;0;2023-06-21T16:28:07+00:00;2023-06-21T16:28:07+00:00;https://www.openstreetmap.org/user/Eugenia%20Z
2850;19689285;famigliapileri;1;0;0;0;0;0;0;0;1;0;0;0;2023-07-31T19:05:32+00:00;2023-07-31T19:05:32+00:00;https://www.openstreetmap.org/user/famigliapileri
2851;19732486;Niko100s;1;0;0;0;0;0;0;0;1;0;0;0;2023-06-30T21:06:17+00:00;2023-06-30T21:06:17+00:00;https://www.openstreetmap.org/user/Niko100s
2852;19747250;r-ricci;1;0;0;0;0;0;0;0;0;0;1;0;2025-09-21T21:27:09+00:00;2025-09-21T21:27:09+00:00;https://www.openstreetmap.org/user/r-ricci
2853;19759764;lasyasha;1;0;0;0;0;0;0;0;1;0;0;0;2023-08-24T12:38:27+00:00;2023-08-24T12:38:27+00:00;https://www.openstreetmap.org/user/lasyasha
2854;19765444;EdoardoDG;1;0;0;0;0;0;0;0;1;0;0;0;2023-07-15T14:44:03+00:00;2023-07-15T14:44:03+00:00;https://www.openstreetmap.org/user/EdoardoDG
2855;19853039;enriconas;1;0;0;0;0;0;0;0;1;0;0;0;2023-07-13T20:32:02+00:00;2023-07-13T20:32:02+00:00;https://www.openstreetmap.org/user/enriconas
2856;19904239;AnyANia;1;0;0;0;0;0;0;0;1;0;0;0;2023-07-18T13:27:52+00:00;2023-07-18T13:27:52+00:00;https://www.openstreetmap.org/user/AnyANia
2857;19962033;mattcoz;1;0;0;0;0;0;0;0;1;0;0;0;2023-08-20T17:15:43+00:00;2023-08-20T17:15:43+00:00;https://www.openstreetmap.org/user/mattcoz
2858;19969758;OaraS;1;0;0;0;0;0;0;0;1;0;0;0;2023-07-24T15:04:01+00:00;2023-07-24T15:04:01+00:00;https://www.openstreetmap.org/user/OaraS
2859;20040659;ValentinaTwo;1;0;0;0;0;0;0;0;1;0;0;0;2023-10-27T10:56:53+00:00;2023-10-27T10:56:53+00:00;https://www.openstreetmap.org/user/ValentinaTwo
2860;20051395;ajmat;1;0;0;0;0;0;0;0;0;0;0;1;2026-02-19T04:07:47+00:00;2026-02-19T04:07:47+00:00;https://www.openstreetmap.org/user/ajmat
2861;20051396;rajdhani;1;0;0;0;0;0;0;0;0;0;0;1;2026-02-06T04:56:46+00:00;2026-02-06T04:56:46+00:00;https://www.openstreetmap.org/user/rajdhani
2862;20065796;fiouw34;1;0;0;0;0;0;0;0;1;0;0;0;2023-08-11T18:34:53+00:00;2023-08-11T18:34:53+00:00;https://www.openstreetmap.org/user/fiouw34
2863;20069831;zarmaaa;1;0;0;0;0;0;0;0;0;1;0;0;2024-08-16T22:28:26+00:00;2024-08-16T22:28:26+00:00;https://www.openstreetmap.org/user/zarmaaa
2864;20090547;meli_bou92;1;0;0;0;0;0;0;0;0;0;0;1;2026-04-15T15:03:41+00:00;2026-04-15T15:03:41+00:00;https://www.openstreetmap.org/user/meli_bou92
2865;20115235;Fraux;1;0;0;0;0;0;0;0;0;0;1;0;2025-08-12T08:52:37+00:00;2025-08-12T08:52:37+00:00;https://www.openstreetmap.org/user/Fraux
2866;20119713;DavidVinc;1;0;0;0;0;0;0;0;1;0;0;0;2023-08-26T22:04:31+00:00;2023-08-26T22:04:31+00:00;https://www.openstreetmap.org/user/DavidVinc
2867;20133984;Antonio Petrarca;1;0;0;0;0;0;0;0;1;0;0;0;2023-11-22T13:42:19+00:00;2023-11-22T13:42:19+00:00;https://www.openstreetmap.org/user/Antonio%20Petrarca
2868;20144444;MappingMore;1;0;0;0;0;0;0;0;0;0;0;1;2026-03-03T11:24:28+00:00;2026-03-03T11:24:28+00:00;https://www.openstreetmap.org/user/MappingMore
2869;20144448;World_Winner;1;0;0;0;0;0;0;0;0;0;0;1;2026-06-17T12:03:37+00:00;2026-06-17T12:03:37+00:00;https://www.openstreetmap.org/user/World_Winner
2870;20178934;svsdp;1;0;0;0;0;0;0;0;0;0;1;0;2025-06-09T10:56:33+00:00;2025-06-09T10:56:33+00:00;https://www.openstreetmap.org/user/svsdp
2871;20245448;BettaBit;1;0;0;0;0;0;0;0;1;0;0;0;2023-09-14T15:03:18+00:00;2023-09-14T15:03:18+00:00;https://www.openstreetmap.org/user/BettaBit
2872;20328704;ServError;1;0;0;0;0;0;0;0;1;0;0;0;2023-10-28T07:39:08+00:00;2023-10-28T07:39:08+00:00;https://www.openstreetmap.org/user/ServError
2873;20335028;user_20335028;1;0;0;0;0;0;0;0;1;0;0;0;2023-09-25T22:16:09+00:00;2023-09-25T22:16:09+00:00;https://www.openstreetmap.org/user/user_20335028
2874;20341436;Emmeredde;1;0;0;0;0;0;0;0;1;0;0;0;2023-09-26T14:10:26+00:00;2023-09-26T14:10:26+00:00;https://www.openstreetmap.org/user/Emmeredde
2875;20378861;JubeiEnhjo;1;0;0;0;0;0;0;0;0;0;1;0;2025-01-06T18:16:38+00:00;2025-01-06T18:16:38+00:00;https://www.openstreetmap.org/user/JubeiEnhjo
2876;20389959;Evgeniya_;1;0;0;0;0;0;0;0;0;0;0;1;2026-05-03T13:45:30+00:00;2026-05-03T13:45:30+00:00;https://www.openstreetmap.org/user/Evgeniya_
2877;20490915;anshanin;1;0;0;0;0;0;0;0;0;1;0;0;2024-12-14T13:15:51+00:00;2024-12-14T13:15:51+00:00;https://www.openstreetmap.org/user/anshanin
2878;20498310;Ostenaaa;1;0;0;0;0;0;0;0;0;0;1;0;2025-06-27T11:19:02+00:00;2025-06-27T11:19:02+00:00;https://www.openstreetmap.org/user/Ostenaaa
2879;20509407;Alexis04132;1;0;0;0;0;0;0;0;0;0;0;1;2026-05-17T19:42:05+00:00;2026-05-17T19:42:05+00:00;https://www.openstreetmap.org/user/Alexis04132
2880;20518511;RØSHØ;1;0;0;0;0;0;0;0;0;0;0;1;2026-06-09T09:16:59+00:00;2026-06-09T09:16:59+00:00;https://www.openstreetmap.org/user/R%C3%98SH%C3%98
2881;20521826;Marco Webeing;1;0;0;0;0;0;0;0;1;0;0;0;2023-10-31T11:44:33+00:00;2023-10-31T11:44:33+00:00;https://www.openstreetmap.org/user/Marco%20Webeing
2882;20566567;Lorenzo Tanucci;1;0;0;0;0;0;0;0;1;0;0;0;2023-11-07T09:34:05+00:00;2023-11-07T09:34:05+00:00;https://www.openstreetmap.org/user/Lorenzo%20Tanucci
2883;20663625;Gale Alvaro Malcolm;1;0;0;0;0;0;0;0;1;0;0;0;2023-12-09T11:05:29+00:00;2023-12-09T11:05:29+00:00;https://www.openstreetmap.org/user/Gale%20Alvaro%20Malcolm
2884;20694182;Luke Raw;1;0;0;0;0;0;0;0;1;0;0;0;2023-12-27T20:02:02+00:00;2023-12-27T20:02:02+00:00;https://www.openstreetmap.org/user/Luke%20Raw
2885;20696077;PapiCompapi;1;0;0;0;0;0;0;0;0;1;0;0;2024-06-27T19:30:46+00:00;2024-06-27T19:30:46+00:00;https://www.openstreetmap.org/user/PapiCompapi
2886;20865392;Barbados Slim;1;0;0;0;0;0;0;0;0;1;0;0;2024-01-11T07:49:33+00:00;2024-01-11T07:49:33+00:00;https://www.openstreetmap.org/user/Barbados%20Slim
2887;20902003;Ronnicci;1;0;0;0;0;0;0;0;0;1;0;0;2024-01-16T15:11:24+00:00;2024-01-16T15:11:24+00:00;https://www.openstreetmap.org/user/Ronnicci
2888;20932254;nicolachion;1;0;0;0;0;0;0;0;0;1;0;0;2024-01-24T13:41:23+00:00;2024-01-24T13:41:23+00:00;https://www.openstreetmap.org/user/nicolachion
2889;20978120;climbfinder;1;0;0;0;0;0;0;0;0;1;0;0;2024-03-23T11:10:47+00:00;2024-03-23T11:10:47+00:00;https://www.openstreetmap.org/user/climbfinder
2890;20985129;Biagio Bucci;1;0;0;0;0;0;0;0;0;1;0;0;2024-02-10T11:34:58+00:00;2024-02-10T11:34:58+00:00;https://www.openstreetmap.org/user/Biagio%20Bucci
2891;21068368;maybeyes;1;0;0;0;0;0;0;0;0;0;0;1;2026-04-25T08:32:11+00:00;2026-04-25T08:32:11+00:00;https://www.openstreetmap.org/user/maybeyes
2892;21081516;VigSim76;1;0;0;0;0;0;0;0;0;1;0;0;2024-02-23T19:53:29+00:00;2024-02-23T19:53:29+00:00;https://www.openstreetmap.org/user/VigSim76
2893;21134035;richiriccardo;1;0;0;0;0;0;0;0;0;0;0;1;2026-01-28T16:54:02+00:00;2026-01-28T16:54:02+00:00;https://www.openstreetmap.org/user/richiriccardo
2894;21160158;Paul_geovelo;1;0;0;0;0;0;0;0;0;1;0;0;2024-05-03T12:52:50+00:00;2024-05-03T12:52:50+00:00;https://www.openstreetmap.org/user/Paul_geovelo
2895;21174913;Michele Possenti;1;0;0;0;0;0;0;0;0;1;0;0;2024-03-07T12:09:00+00:00;2024-03-07T12:09:00+00:00;https://www.openstreetmap.org/user/Michele%20Possenti
2896;21175021;TheLostLuke;1;0;0;0;0;0;0;0;0;1;0;0;2024-03-07T10:47:34+00:00;2024-03-07T10:47:34+00:00;https://www.openstreetmap.org/user/TheLostLuke
2897;21175044;Alevalleo;1;0;0;0;0;0;0;0;0;1;0;0;2024-03-07T13:19:09+00:00;2024-03-07T13:19:09+00:00;https://www.openstreetmap.org/user/Alevalleo
2898;21175056;Alessasso06;1;0;0;0;0;0;0;0;0;1;0;0;2024-03-07T13:19:03+00:00;2024-03-07T13:19:03+00:00;https://www.openstreetmap.org/user/Alessasso06
2899;21175062;Federico Fati;1;0;0;0;0;0;0;0;0;1;0;0;2024-03-07T13:19:00+00:00;2024-03-07T13:19:00+00:00;https://www.openstreetmap.org/user/Federico%20Fati
2900;21175101;Nicholas Giorgini;1;0;0;0;0;0;0;0;0;1;0;0;2024-03-07T13:11:35+00:00;2024-03-07T13:11:35+00:00;https://www.openstreetmap.org/user/Nicholas%20Giorgini
2901;21175212;Fedemcrc;1;0;0;0;0;0;0;0;0;1;0;0;2024-03-07T11:29:27+00:00;2024-03-07T11:29:27+00:00;https://www.openstreetmap.org/user/Fedemcrc
2902;21204721;pfrenqu;1;0;0;0;0;0;0;0;0;1;0;0;2024-03-26T16:42:41+00:00;2024-03-26T16:42:41+00:00;https://www.openstreetmap.org/user/pfrenqu
2903;21228157;Alicemigliori;1;0;0;0;0;0;0;0;0;1;0;0;2024-03-25T09:21:42+00:00;2024-03-25T09:21:42+00:00;https://www.openstreetmap.org/user/Alicemigliori
2904;21237254;mlallina;1;0;0;0;0;0;0;0;0;1;0;0;2024-03-24T11:50:25+00:00;2024-03-24T11:50:25+00:00;https://www.openstreetmap.org/user/mlallina
2905;21241393;Bonanni Nazzareno;1;0;0;0;0;0;0;0;0;1;0;0;2024-03-26T14:25:45+00:00;2024-03-26T14:25:45+00:00;https://www.openstreetmap.org/user/Bonanni%20Nazzareno
2906;21303597;icca78;1;0;0;0;0;0;0;0;0;1;0;0;2024-04-13T18:07:16+00:00;2024-04-13T18:07:16+00:00;https://www.openstreetmap.org/user/icca78
2907;21308641;KernicDE;1;0;0;0;0;0;0;0;0;0;0;1;2026-08-27T10:45:22+00:00;2026-08-27T10:45:22+00:00;https://www.openstreetmap.org/user/KernicDE
2908;21333536;Zac82;1;0;0;0;0;0;0;0;0;1;0;0;2024-04-22T12:03:51+00:00;2024-04-22T12:03:51+00:00;https://www.openstreetmap.org/user/Zac82
2909;21409162;fede_v;1;0;0;0;0;0;0;0;0;1;0;0;2024-07-10T14:52:35+00:00;2024-07-10T14:52:35+00:00;https://www.openstreetmap.org/user/fede_v
2910;21484107;Palaress;1;0;0;0;0;0;0;0;0;0;0;1;2026-06-04T17:42:48+00:00;2026-06-04T17:42:48+00:00;https://www.openstreetmap.org/user/Palaress
2911;21507518;Guinness1ne;1;0;0;0;0;0;0;0;0;1;0;0;2024-05-15T12:25:31+00:00;2024-05-15T12:25:31+00:00;https://www.openstreetmap.org/user/Guinness1ne
2912;21507874;Matteo Som;1;0;0;0;0;0;0;0;0;1;0;0;2024-07-22T15:51:09+00:00;2024-07-22T15:51:09+00:00;https://www.openstreetmap.org/user/Matteo%20Som
2913;21555751;FroschForscher;1;0;0;0;0;0;0;0;0;0;0;1;2026-04-12T11:39:09+00:00;2026-04-12T11:39:09+00:00;https://www.openstreetmap.org/user/FroschForscher
2914;21570305;BlauerRothirsch;1;0;0;0;0;0;0;0;0;0;1;0;2025-08-17T12:53:54+00:00;2025-08-17T12:53:54+00:00;https://www.openstreetmap.org/user/BlauerRothirsch
2915;21618251;Emiliz;1;0;0;0;0;0;0;0;0;1;0;0;2024-10-15T09:30:47+00:00;2024-10-15T09:30:47+00:00;https://www.openstreetmap.org/user/Emiliz
2916;21624939;Alessio Curzel AC;1;0;0;0;0;0;0;0;0;0;0;1;2026-02-02T10:37:01+00:00;2026-02-02T10:37:01+00:00;https://www.openstreetmap.org/user/Alessio%20Curzel%20AC
2917;21642921;ruqsar;1;0;0;0;0;0;0;0;0;1;0;0;2024-10-18T09:35:11+00:00;2024-10-18T09:35:11+00:00;https://www.openstreetmap.org/user/ruqsar
2918;21642924;sreenlr;1;0;0;0;0;0;0;0;0;1;0;0;2024-12-23T12:48:17+00:00;2024-12-23T12:48:17+00:00;https://www.openstreetmap.org/user/sreenlr
2919;21642934;renusri;1;0;0;0;0;0;0;0;0;1;0;0;2024-10-15T07:40:42+00:00;2024-10-15T07:40:42+00:00;https://www.openstreetmap.org/user/renusri
2920;21643154;sw_uwu;1;0;0;0;0;0;0;0;0;0;1;0;2025-01-06T13:17:21+00:00;2025-01-06T13:17:21+00:00;https://www.openstreetmap.org/user/sw_uwu
2921;21657267;catgirlseraid;1;0;0;0;0;0;0;0;0;0;1;0;2025-04-27T08:07:32+00:00;2025-04-27T08:07:32+00:00;https://www.openstreetmap.org/user/catgirlseraid
2922;21678733;72B17;1;0;0;0;0;0;0;0;0;1;0;0;2024-06-20T21:29:37+00:00;2024-06-20T21:29:37+00:00;https://www.openstreetmap.org/user/72B17
2923;21712856;nenemeister;1;0;0;0;0;0;0;0;0;1;0;0;2024-07-01T21:46:39+00:00;2024-07-01T21:46:39+00:00;https://www.openstreetmap.org/user/nenemeister
2924;21716093;Konny Ponny;1;0;0;0;0;0;0;0;0;0;1;0;2025-05-21T06:48:50+00:00;2025-05-21T06:48:50+00:00;https://www.openstreetmap.org/user/Konny%20Ponny
2925;21763301;Margheritabiscaroni;1;0;0;0;0;0;0;0;0;1;0;0;2024-07-17T16:08:33+00:00;2024-07-17T16:08:33+00:00;https://www.openstreetmap.org/user/Margheritabiscaroni
2926;21782583;Comune di Montegiorgio;1;0;0;0;0;0;0;0;0;1;0;0;2024-07-29T08:56:56+00:00;2024-07-29T08:56:56+00:00;https://www.openstreetmap.org/user/Comune%20di%20Montegiorgio
2927;21788060;MarmoPL;1;0;0;0;0;0;0;0;0;1;0;0;2024-07-27T11:02:18+00:00;2024-07-27T11:02:18+00:00;https://www.openstreetmap.org/user/MarmoPL
2928;21810832;Pieve San Biagio Appartamenti;1;0;0;0;0;0;0;0;0;0;1;0;2025-12-11T10:13:44+00:00;2025-12-11T10:13:44+00:00;https://www.openstreetmap.org/user/Pieve%20San%20Biagio%20Appartamenti
2929;21811670;marcus_one;1;0;0;0;0;0;0;0;0;1;0;0;2024-08-02T12:43:11+00:00;2024-08-02T12:43:11+00:00;https://www.openstreetmap.org/user/marcus_one
2930;21819077;unzow;1;0;0;0;0;0;0;0;0;1;0;0;2024-10-07T10:56:50+00:00;2024-10-07T10:56:50+00:00;https://www.openstreetmap.org/user/unzow
2931;21836120;user_21836120;1;0;0;0;0;0;0;0;0;1;0;0;2024-08-27T19:29:55+00:00;2024-08-27T19:29:55+00:00;https://www.openstreetmap.org/user/user_21836120
2932;21844370;shikasu;1;0;0;0;0;0;0;0;0;1;0;0;2024-10-18T11:24:18+00:00;2024-10-18T11:24:18+00:00;https://www.openstreetmap.org/user/shikasu
2933;21863202;NIK DAM;1;0;0;0;0;0;0;0;0;1;0;0;2024-08-19T06:18:05+00:00;2024-08-19T06:18:05+00:00;https://www.openstreetmap.org/user/NIK%20DAM
2934;21871781;TeresaTrz;1;0;0;0;0;0;0;0;0;1;0;0;2024-08-22T10:28:43+00:00;2024-08-22T10:28:43+00:00;https://www.openstreetmap.org/user/TeresaTrz
2935;21883015;uneaten puffed;1;0;0;0;0;0;0;0;0;1;0;0;2024-09-17T05:33:24+00:00;2024-09-17T05:33:24+00:00;https://www.openstreetmap.org/user/uneaten%20puffed
2936;21887990;giulio_g;1;0;0;0;0;0;0;0;0;0;0;1;2026-02-25T07:51:45+00:00;2026-02-25T07:51:45+00:00;https://www.openstreetmap.org/user/giulio_g
2937;21906409;Lanfrancotti Ermindo;1;0;0;0;0;0;0;0;0;1;0;0;2024-09-03T06:41:21+00:00;2024-09-03T06:41:21+00:00;https://www.openstreetmap.org/user/Lanfrancotti%20Ermindo
2938;21925492;lmpndr;1;0;0;0;0;0;0;0;0;1;0;0;2024-09-06T06:57:51+00:00;2024-09-06T06:57:51+00:00;https://www.openstreetmap.org/user/lmpndr
2939;21987794;Pipof069;1;0;0;0;0;0;0;0;0;0;1;0;2025-06-25T14:51:02+00:00;2025-06-25T14:51:02+00:00;https://www.openstreetmap.org/user/Pipof069
2940;22006698;vitalihasalreadybeentaken;1;0;0;0;0;0;0;0;0;0;0;1;2026-06-04T20:58:33+00:00;2026-06-04T20:58:33+00:00;https://www.openstreetmap.org/user/vitalihasalreadybeentaken
2941;22026478;compass123;1;0;0;0;0;0;0;0;0;1;0;0;2024-12-11T17:47:16+00:00;2024-12-11T17:47:16+00:00;https://www.openstreetmap.org/user/compass123
2942;22040473;Nico Vi;1;0;0;0;0;0;0;0;0;0;0;1;2026-08-15T18:00:24+00:00;2026-08-15T18:00:24+00:00;https://www.openstreetmap.org/user/Nico%20Vi
2943;22051354;Pedalare con lentezza;1;0;0;0;0;0;0;0;0;1;0;0;2024-10-10T09:26:30+00:00;2024-10-10T09:26:30+00:00;https://www.openstreetmap.org/user/Pedalare%20con%20lentezza
2944;22068719;EvelinaGas;1;0;0;0;0;0;0;0;0;0;1;0;2025-08-27T06:42:07+00:00;2025-08-27T06:42:07+00:00;https://www.openstreetmap.org/user/EvelinaGas
2945;22083316;Nicola Elisei;1;0;0;0;0;0;0;0;0;1;0;0;2024-10-18T16:41:49+00:00;2024-10-18T16:41:49+00:00;https://www.openstreetmap.org/user/Nicola%20Elisei
2946;22094834;Catherine Kachan;1;0;0;0;0;0;0;0;0;1;0;0;2024-11-25T08:53:54+00:00;2024-11-25T08:53:54+00:00;https://www.openstreetmap.org/user/Catherine%20Kachan
2947;22140832;Fontibona;1;0;0;0;0;0;0;0;0;1;0;0;2024-12-13T00:23:08+00:00;2024-12-13T00:23:08+00:00;https://www.openstreetmap.org/user/Fontibona
2948;22199592;LucaStef;1;0;0;0;0;0;0;0;0;0;0;1;2026-05-09T13:51:57+00:00;2026-05-09T13:51:57+00:00;https://www.openstreetmap.org/user/LucaStef
2949;22230346;Corrado Fiore;1;0;0;0;0;0;0;0;0;1;0;0;2024-11-28T08:39:15+00:00;2024-11-28T08:39:15+00:00;https://www.openstreetmap.org/user/Corrado%20Fiore
2950;22283373;Mattia Staffolani;1;0;0;0;0;0;0;0;0;0;0;1;2026-05-02T12:11:56+00:00;2026-05-02T12:11:56+00:00;https://www.openstreetmap.org/user/Mattia%20Staffolani
2951;22328633;Igino59;1;0;0;0;0;0;0;0;0;0;1;0;2025-01-15T09:35:37+00:00;2025-01-15T09:35:37+00:00;https://www.openstreetmap.org/user/Igino59
2952;22399638;impresa edile G & L immobiliare srl;1;0;0;0;0;0;0;0;0;0;1;0;2025-01-19T10:17:37+00:00;2025-01-19T10:17:37+00:00;https://www.openstreetmap.org/user/impresa%20edile%20G%20%26%20L%20immobiliare%20srl
2953;22415402;Lawrence d'Aniello;1;0;0;0;0;0;0;0;0;0;1;0;2025-01-23T14:45:52+00:00;2025-01-23T14:45:52+00:00;https://www.openstreetmap.org/user/Lawrence%20d%27Aniello
2954;22422854;AF Brand Design;1;0;0;0;0;0;0;0;0;0;1;0;2025-01-25T10:04:01+00:00;2025-01-25T10:04:01+00:00;https://www.openstreetmap.org/user/AF%20Brand%20Design
2955;22440319;PMT SRLS;1;0;0;0;0;0;0;0;0;0;1;0;2025-01-30T00:31:48+00:00;2025-01-30T00:31:48+00:00;https://www.openstreetmap.org/user/PMT%20SRLS
2956;22476595;Maddy16869;1;0;0;0;0;0;0;0;0;0;1;0;2025-02-08T20:30:31+00:00;2025-02-08T20:30:31+00:00;https://www.openstreetmap.org/user/Maddy16869
2957;22487744;Giancarlo Agostini;1;0;0;0;0;0;0;0;0;0;1;0;2025-03-29T15:46:35+00:00;2025-03-29T15:46:35+00:00;https://www.openstreetmap.org/user/Giancarlo%20Agostini
2958;22582709;gabripey;1;0;0;0;0;0;0;0;0;0;1;0;2025-06-17T13:00:51+00:00;2025-06-17T13:00:51+00:00;https://www.openstreetmap.org/user/gabripey
2959;22639481;openaudio_ITA;1;0;0;0;0;0;0;0;0;0;1;0;2025-03-17T09:06:56+00:00;2025-03-17T09:06:56+00:00;https://www.openstreetmap.org/user/openaudio_ITA
2960;22661481;Alberto Franceschetti;1;0;0;0;0;0;0;0;0;0;1;0;2025-03-22T17:07:36+00:00;2025-03-22T17:07:36+00:00;https://www.openstreetmap.org/user/Alberto%20Franceschetti
2961;22709556;gitvanni;1;0;0;0;0;0;0;0;0;0;1;0;2025-04-10T13:34:16+00:00;2025-04-10T13:34:16+00:00;https://www.openstreetmap.org/user/gitvanni
2962;22711707;sindbad_05;1;0;0;0;0;0;0;0;0;0;1;0;2025-11-29T18:20:23+00:00;2025-11-29T18:20:23+00:00;https://www.openstreetmap.org/user/sindbad_05
2963;22732227;TanLoc Nguyen;1;0;0;0;0;0;0;0;0;0;1;0;2025-04-10T12:38:32+00:00;2025-04-10T12:38:32+00:00;https://www.openstreetmap.org/user/TanLoc%20Nguyen
2964;22732623;gitvanni99;1;0;0;0;0;0;0;0;0;0;1;0;2025-04-10T12:38:35+00:00;2025-04-10T12:38:35+00:00;https://www.openstreetmap.org/user/gitvanni99
2965;22733997;Buithuyngoc;1;0;0;0;0;0;0;0;0;0;1;0;2025-04-10T13:57:41+00:00;2025-04-10T13:57:41+00:00;https://www.openstreetmap.org/user/Buithuyngoc
2966;22757195;Riviera Immobiliare;1;0;0;0;0;0;0;0;0;0;1;0;2025-04-13T19:22:52+00:00;2025-04-13T19:22:52+00:00;https://www.openstreetmap.org/user/Riviera%20Immobiliare
2967;22767399;Looorenzo;1;0;0;0;0;0;0;0;0;0;1;0;2025-04-14T21:12:27+00:00;2025-04-14T21:12:27+00:00;https://www.openstreetmap.org/user/Looorenzo
2968;22861828;Raf332;1;0;0;0;0;0;0;0;0;0;1;0;2025-05-04T13:49:53+00:00;2025-05-04T13:49:53+00:00;https://www.openstreetmap.org/user/Raf332
2969;22886327;koeleco;1;0;0;0;0;0;0;0;0;0;1;0;2025-08-12T16:08:53+00:00;2025-08-12T16:08:53+00:00;https://www.openstreetmap.org/user/koeleco
2970;22897696;jokr192;1;0;0;0;0;0;0;0;0;0;1;0;2025-05-16T14:42:42+00:00;2025-05-16T14:42:42+00:00;https://www.openstreetmap.org/user/jokr192
2971;22919632;matteobott;1;0;0;0;0;0;0;0;0;0;0;1;2026-05-31T10:43:11+00:00;2026-05-31T10:43:11+00:00;https://www.openstreetmap.org/user/matteobott
2972;23009424;Susy98!;1;0;0;0;0;0;0;0;0;0;1;0;2025-06-16T20:54:28+00:00;2025-06-16T20:54:28+00:00;https://www.openstreetmap.org/user/Susy98%21
2973;23062974;Riccardo Barba;1;0;0;0;0;0;0;0;0;0;1;0;2025-07-03T12:23:43+00:00;2025-07-03T12:23:43+00:00;https://www.openstreetmap.org/user/Riccardo%20Barba
2974;23122619;TheDoc00;1;0;0;0;0;0;0;0;0;0;1;0;2025-07-23T14:41:35+00:00;2025-07-23T14:41:35+00:00;https://www.openstreetmap.org/user/TheDoc00
2975;23146570;guerrillamaps;1;0;0;0;0;0;0;0;0;0;1;0;2025-07-31T13:31:17+00:00;2025-07-31T13:31:17+00:00;https://www.openstreetmap.org/user/guerrillamaps
2976;23163452;Rmancio;1;0;0;0;0;0;0;0;0;0;1;0;2025-08-05T20:43:18+00:00;2025-08-05T20:43:18+00:00;https://www.openstreetmap.org/user/Rmancio
2977;23178216;Riccardo Tesei;1;0;0;0;0;0;0;0;0;0;1;0;2025-08-10T23:09:06+00:00;2025-08-10T23:09:06+00:00;https://www.openstreetmap.org/user/Riccardo%20Tesei
2978;23183273;WaterFinderOrg;1;0;0;0;0;0;0;0;0;0;0;1;2026-06-17T12:38:31+00:00;2026-06-17T12:38:31+00:00;https://www.openstreetmap.org/user/WaterFinderOrg
2979;23184914;Lollooooo;1;0;0;0;0;0;0;0;0;0;1;0;2025-08-12T21:24:23+00:00;2025-08-12T21:24:23+00:00;https://www.openstreetmap.org/user/Lollooooo
2980;23199478;czdawes;1;0;0;0;0;0;0;0;0;0;0;1;2026-04-23T13:28:33+00:00;2026-04-23T13:28:33+00:00;https://www.openstreetmap.org/user/czdawes
2981;23215874;ev290802;1;0;0;0;0;0;0;0;0;0;1;0;2025-08-23T11:48:32+00:00;2025-08-23T11:48:32+00:00;https://www.openstreetmap.org/user/ev290802
2982;23254293;Fisioterapia Persona Trainer Fisioestetica;1;0;0;0;0;0;0;0;0;0;1;0;2025-09-03T18:24:57+00:00;2025-09-03T18:24:57+00:00;https://www.openstreetmap.org/user/Fisioterapia%20Persona%20Trainer%20Fisioestetica
2983;23279492;GiacomoN;1;0;0;0;0;0;0;0;0;0;1;0;2025-09-10T22:37:07+00:00;2025-09-10T22:37:07+00:00;https://www.openstreetmap.org/user/GiacomoN
2984;23280973;Assicurazioni Pavoni;1;0;0;0;0;0;0;0;0;0;1;0;2025-09-11T09:21:33+00:00;2025-09-11T09:21:33+00:00;https://www.openstreetmap.org/user/Assicurazioni%20Pavoni
2985;23283321;lalo cura;1;0;0;0;0;0;0;0;0;0;1;0;2025-09-11T22:53:52+00:00;2025-09-11T22:53:52+00:00;https://www.openstreetmap.org/user/lalo%20cura
2986;23286435;osmJack;1;0;0;0;0;0;0;0;0;0;1;0;2025-09-12T20:33:14+00:00;2025-09-12T20:33:14+00:00;https://www.openstreetmap.org/user/osmJack
2987;23286734;Asgdflfòsagafàdn76@;1;0;0;0;0;0;0;0;0;0;1;0;2025-09-12T23:38:20+00:00;2025-09-12T23:38:20+00:00;https://www.openstreetmap.org/user/Asgdflf%C3%B2sagaf%C3%A0dn76%40
2988;23299822;Skizzo1;1;0;0;0;0;0;0;0;0;0;1;0;2025-10-16T17:40:13+00:00;2025-10-16T17:40:13+00:00;https://www.openstreetmap.org/user/Skizzo1
2989;23309598;Aemme Studio Danza;1;0;0;0;0;0;0;0;0;0;1;0;2025-09-19T13:36:18+00:00;2025-09-19T13:36:18+00:00;https://www.openstreetmap.org/user/Aemme%20Studio%20Danza
2990;23329798;G4briell0;1;0;0;0;0;0;0;0;0;0;1;0;2025-09-25T08:10:47+00:00;2025-09-25T08:10:47+00:00;https://www.openstreetmap.org/user/G4briell0
2991;23332141;napy84;1;0;0;0;0;0;0;0;0;0;1;0;2025-09-25T20:10:24+00:00;2025-09-25T20:10:24+00:00;https://www.openstreetmap.org/user/napy84
2992;23351425;_Tommaso__;1;0;0;0;0;0;0;0;0;0;1;0;2025-10-01T15:24:17+00:00;2025-10-01T15:24:17+00:00;https://www.openstreetmap.org/user/_Tommaso__
2993;23372016;orto75;1;0;0;0;0;0;0;0;0;0;1;0;2025-10-07T17:01:47+00:00;2025-10-07T17:01:47+00:00;https://www.openstreetmap.org/user/orto75
2994;23410949;_riccardo_;1;0;0;0;0;0;0;0;0;0;1;0;2025-10-20T15:43:17+00:00;2025-10-20T15:43:17+00:00;https://www.openstreetmap.org/user/_riccardo_
2995;23433221;123Wes;1;0;0;0;0;0;0;0;0;0;0;1;2026-08-16T05:29:13+00:00;2026-08-16T05:29:13+00:00;https://www.openstreetmap.org/user/123Wes
2996;23436351;RonkPorty;1;0;0;0;0;0;0;0;0;0;1;0;2025-10-26T07:20:48+00:00;2025-10-26T07:20:48+00:00;https://www.openstreetmap.org/user/RonkPorty
2997;23444715;DianelAgo;1;0;0;0;0;0;0;0;0;0;1;0;2025-10-28T12:18:02+00:00;2025-10-28T12:18:02+00:00;https://www.openstreetmap.org/user/DianelAgo
2998;23479994;flavio_gerosa;1;0;0;0;0;0;0;0;0;0;1;0;2025-11-07T09:58:50+00:00;2025-11-07T09:58:50+00:00;https://www.openstreetmap.org/user/flavio_gerosa
2999;23487403;Jack Holle;1;0;0;0;0;0;0;0;0;0;0;1;2026-06-28T08:22:03+00:00;2026-06-28T08:22:03+00:00;https://www.openstreetmap.org/user/Jack%20Holle
3000;23489020;KANYANO EXPERIENCE;1;0;0;0;0;0;0;0;0;0;1;0;2025-11-10T10:36:09+00:00;2025-11-10T10:36:09+00:00;https://www.openstreetmap.org/user/KANYANO%20EXPERIENCE
3001;23498516;Sergio MBX;1;0;0;0;0;0;0;0;0;0;1;0;2025-11-12T16:52:26+00:00;2025-11-12T16:52:26+00:00;https://www.openstreetmap.org/user/Sergio%20MBX
3002;23510122;Tofana77;1;0;0;0;0;0;0;0;0;0;1;0;2025-11-15T21:42:57+00:00;2025-11-15T21:42:57+00:00;https://www.openstreetmap.org/user/Tofana77
3003;23548816;Le25emeTheo;1;0;0;0;0;0;0;0;0;0;1;0;2025-11-26T10:09:19+00:00;2025-11-26T10:09:19+00:00;https://www.openstreetmap.org/user/Le25emeTheo
3004;23550737;_John_Doe_;1;0;0;0;0;0;0;0;0;0;0;1;2026-04-10T13:29:02+00:00;2026-04-10T13:29:02+00:00;https://www.openstreetmap.org/user/_John_Doe_
3005;23566701;Usually Kyle;1;0;0;0;0;0;0;0;0;0;0;1;2026-03-21T17:35:50+00:00;2026-03-21T17:35:50+00:00;https://www.openstreetmap.org/user/Usually%20Kyle
3006;23582635;RicPic web solutions;1;0;0;0;0;0;0;0;0;0;1;0;2025-12-19T15:26:08+00:00;2025-12-19T15:26:08+00:00;https://www.openstreetmap.org/user/RicPic%20web%20solutions
3007;23590927;Tibo78;1;0;0;0;0;0;0;0;0;0;1;0;2025-12-08T11:31:15+00:00;2025-12-08T11:31:15+00:00;https://www.openstreetmap.org/user/Tibo78
3008;23594736;GeorgiSh;1;0;0;0;0;0;0;0;0;0;0;1;2026-05-21T08:31:22+00:00;2026-05-21T08:31:22+00:00;https://www.openstreetmap.org/user/GeorgiSh
3009;23601792;dima monsky;1;0;0;0;0;0;0;0;0;0;0;1;2026-01-24T20:22:15+00:00;2026-01-24T20:22:15+00:00;https://www.openstreetmap.org/user/dima%20monsky
3010;23622768;dedoxxx91;1;0;0;0;0;0;0;0;0;0;1;0;2025-12-17T14:18:58+00:00;2025-12-17T14:18:58+00:00;https://www.openstreetmap.org/user/dedoxxx91
3011;23676182;Manuel Verrecchia;1;0;0;0;0;0;0;0;0;0;0;1;2026-01-05T18:55:08+00:00;2026-01-05T18:55:08+00:00;https://www.openstreetmap.org/user/Manuel%20Verrecchia
3012;23682920;Bloomest Lavanderia Self Service Filottrano;1;0;0;0;0;0;0;0;0;0;0;1;2026-01-07T12:28:55+00:00;2026-01-07T12:28:55+00:00;https://www.openstreetmap.org/user/Bloomest%20Lavanderia%20Self%20Service%20Filottrano
3013;23700315;AndreiTsimafeyeu;1;0;0;0;0;0;0;0;0;0;0;1;2026-09-11T04:23:51+00:00;2026-09-11T04:23:51+00:00;https://www.openstreetmap.org/user/AndreiTsimafeyeu
3014;23713095;Federica Clare;1;0;0;0;0;0;0;0;0;0;0;1;2026-01-15T15:19:40+00:00;2026-01-15T15:19:40+00:00;https://www.openstreetmap.org/user/Federica%20Clare
3015;23719512;marco_colombera;1;0;0;0;0;0;0;0;0;0;0;1;2026-01-17T10:08:02+00:00;2026-01-17T10:08:02+00:00;https://www.openstreetmap.org/user/marco_colombera
3016;23767861;Ortopedia Panichelli;1;0;0;0;0;0;0;0;0;0;0;1;2026-01-29T22:42:28+00:00;2026-01-29T22:42:28+00:00;https://www.openstreetmap.org/user/Ortopedia%20Panichelli
3017;23792263;Pannon Pilgrim;1;0;0;0;0;0;0;0;0;0;0;1;2026-04-29T15:08:59+00:00;2026-04-29T15:08:59+00:00;https://www.openstreetmap.org/user/Pannon%20Pilgrim
3018;23806966;4D_Service;1;0;0;0;0;0;0;0;0;0;0;1;2026-02-09T18:25:44+00:00;2026-02-09T18:25:44+00:00;https://www.openstreetmap.org/user/4D_Service
3019;23830433;vitaliebasta;1;0;0;0;0;0;0;0;0;0;0;1;2026-09-19T18:56:42+00:00;2026-09-19T18:56:42+00:00;https://www.openstreetmap.org/user/vitaliebasta
3020;23878005;DavR123;1;0;0;0;0;0;0;0;0;0;0;1;2026-05-01T20:03:29+00:00;2026-05-01T20:03:29+00:00;https://www.openstreetmap.org/user/DavR123
3021;23891171;Babuzzi;1;0;0;0;0;0;0;0;0;0;0;1;2026-03-03T00:59:27+00:00;2026-03-03T00:59:27+00:00;https://www.openstreetmap.org/user/Babuzzi
3022;23908453;Danielejj;1;0;0;0;0;0;0;0;0;0;0;1;2026-03-06T16:59:42+00:00;2026-03-06T16:59:42+00:00;https://www.openstreetmap.org/user/Danielejj
3023;23950205;Valelli;1;0;0;0;0;0;0;0;0;0;0;1;2026-05-04T21:49:46+00:00;2026-05-04T21:49:46+00:00;https://www.openstreetmap.org/user/Valelli
3024;23962762;EditorFromItaly;1;0;0;0;0;0;0;0;0;0;0;1;2026-05-17T19:10:49+00:00;2026-05-17T19:10:49+00:00;https://www.openstreetmap.org/user/EditorFromItaly
3025;23969990;Ferro22;1;0;0;0;0;0;0;0;0;0;0;1;2026-03-23T21:48:00+00:00;2026-03-23T21:48:00+00:00;https://www.openstreetmap.org/user/Ferro22
3026;23995134;ALBERTO_STREETMAP;1;0;0;0;0;0;0;0;0;0;0;1;2026-03-30T16:19:53+00:00;2026-03-30T16:19:53+00:00;https://www.openstreetmap.org/user/ALBERTO_STREETMAP
3027;24018436;Il giardino degli incanti;1;0;0;0;0;0;0;0;0;0;0;1;2026-04-06T17:13:16+00:00;2026-04-06T17:13:16+00:00;https://www.openstreetmap.org/user/Il%20giardino%20degli%20incanti
3028;24026674;marduck85;1;0;0;0;0;0;0;0;0;0;0;1;2026-04-09T08:04:32+00:00;2026-04-09T08:04:32+00:00;https://www.openstreetmap.org/user/marduck85
3029;24046934;giacomotonelli;1;0;0;0;0;0;0;0;0;0;0;1;2026-04-15T21:46:18+00:00;2026-04-15T21:46:18+00:00;https://www.openstreetmap.org/user/giacomotonelli
3030;24055961;evyy;1;0;0;0;0;0;0;0;0;0;0;1;2026-08-27T19:19:34+00:00;2026-08-27T19:19:34+00:00;https://www.openstreetmap.org/user/evyy
3031;24061814;Azzurracala;1;0;0;0;0;0;0;0;0;0;0;1;2026-04-20T20:38:54+00:00;2026-04-20T20:38:54+00:00;https://www.openstreetmap.org/user/Azzurracala
3032;24073385;Teo Joelle;1;0;0;0;0;0;0;0;0;0;0;1;2026-04-24T14:52:30+00:00;2026-04-24T14:52:30+00:00;https://www.openstreetmap.org/user/Teo%20Joelle
3033;24108586;Kwatera;1;0;0;0;0;0;0;0;0;0;0;1;2026-05-07T12:30:49+00:00;2026-05-07T12:30:49+00:00;https://www.openstreetmap.org/user/Kwatera
3034;24108620;FranciViz;1;0;0;0;0;0;0;0;0;0;0;1;2026-05-07T12:30:41+00:00;2026-05-07T12:30:41+00:00;https://www.openstreetmap.org/user/FranciViz
3035;24148063;davicpm;1;0;0;0;0;0;0;0;0;0;0;1;2026-05-21T19:58:36+00:00;2026-05-21T19:58:36+00:00;https://www.openstreetmap.org/user/davicpm
3036;24152812;Fedepac97;1;0;0;0;0;0;0;0;0;0;0;1;2026-05-23T16:47:38+00:00;2026-05-23T16:47:38+00:00;https://www.openstreetmap.org/user/Fedepac97
3037;24153327;L'Autostazione || Bar Ristorante Pizzeria;1;0;0;0;0;0;0;0;0;0;0;1;2026-05-23T22:18:50+00:00;2026-05-23T22:18:50+00:00;https://www.openstreetmap.org/user/L%27Autostazione%20%7C%7C%20Bar%20Ristorante%20Pizzeria
3038;24154878;Marco Bonin;1;0;0;0;0;0;0;0;0;0;0;1;2026-07-25T07:29:31+00:00;2026-07-25T07:29:31+00:00;https://www.openstreetmap.org/user/Marco%20Bonin
3039;24161882;lilgas17;1;0;0;0;0;0;0;0;0;0;0;1;2026-05-27T09:57:10+00:00;2026-05-27T09:57:10+00:00;https://www.openstreetmap.org/user/lilgas17
3040;24203749;Aletzi;1;0;0;0;0;0;0;0;0;0;0;1;2026-08-07T18:36:33+00:00;2026-08-07T18:36:33+00:00;https://www.openstreetmap.org/user/Aletzi
3041;24208798;esnho esnho;1;0;0;0;0;0;0;0;0;0;0;1;2026-06-12T19:20:06+00:00;2026-06-12T19:20:06+00:00;https://www.openstreetmap.org/user/esnho%20esnho
3042;24224823;Melania Fattorini;1;0;0;0;0;0;0;0;0;0;0;1;2026-06-17T10:51:24+00:00;2026-06-17T10:51:24+00:00;https://www.openstreetmap.org/user/Melania%20Fattorini
3043;24257681;danytone;1;0;0;0;0;0;0;0;0;0;0;1;2026-06-27T18:42:15+00:00;2026-06-27T18:42:15+00:00;https://www.openstreetmap.org/user/danytone
3044;24261862;ltcars27;1;0;0;0;0;0;0;0;0;0;0;1;2026-08-19T17:44:18+00:00;2026-08-19T17:44:18+00:00;https://www.openstreetmap.org/user/ltcars27
3045;24294308;Claudioo803;1;0;0;0;0;0;0;0;0;0;0;1;2026-07-19T15:42:18+00:00;2026-07-19T15:42:18+00:00;https://www.openstreetmap.org/user/Claudioo803
3046;24351789;Urbino Center Suites;1;0;0;0;0;0;0;0;0;0;0;1;2026-07-26T10:50:41+00:00;2026-07-26T10:50:41+00:00;https://www.openstreetmap.org/user/Urbino%20Center%20Suites
3047;24368971;Takasss;1;0;0;0;0;0;0;0;0;0;0;1;2026-07-30T20:32:44+00:00;2026-07-30T20:32:44+00:00;https://www.openstreetmap.org/user/Takasss
3048;24411557;StuartInItaly;1;0;0;0;0;0;0;0;0;0;0;1;2026-08-12T09:40:15+00:00;2026-08-12T09:40:15+00:00;https://www.openstreetmap.org/user/StuartInItaly
3049;24411679;namecoder1;1;0;0;0;0;0;0;0;0;0;0;1;2026-08-12T10:19:02+00:00;2026-08-12T10:19:02+00:00;https://www.openstreetmap.org/user/namecoder1
3050;24476404;marcoszoe;1;0;0;0;0;0;0;0;0;0;0;1;2026-08-27T12:15:18+00:00;2026-08-27T12:15:18+00:00;https://www.openstreetmap.org/user/marcoszoe
3051;24493727;gioz93;1;0;0;0;0;0;0;0;0;0;0;1;2026-08-31T12:02:44+00:00;2026-08-31T12:02:44+00:00;https://www.openstreetmap.org/user/gioz93
3052;24545251;gUEDDAFI;1;0;0;0;0;0;0;0;0;0;0;1;2026-09-12T09:35:03+00:00;2026-09-12T09:35:03+00:00;https://www.openstreetmap.org/user/gUEDDAFI
3053;24549112;JasDa;1;0;0;0;0;0;0;0;0;0;0;1;2026-09-15T16:02:25+00:00;2026-09-15T16:02:25+00:00;https://www.openstreetmap.org/user/JasDa
3054;24570752;Raphsn;1;0;0;0;0;0;0;0;0;0;0;1;2026-09-19T11:34:23+00:00;2026-09-19T11:34:23+00:00;https://www.openstreetmap.org/user/Raphsn
3055;24596303;buitree;1;0;0;0;0;0;0;0;0;0;0;1;2026-09-26T16:45:15+00:00;2026-09-26T16:45:15+00:00;https://www.openstreetmap.org/user/buitree
3056;24598293;dejack;1;0;0;0;0;0;0;0;0;0;0;1;2026-09-27T11:11:52+00:00;2026-09-27T11:11:52+00:00;https://www.openstreetmap.org/user/dejack
3057;24599561;Luigi Bertozzi;1;0;0;0;0;0;0;0;0;0;0;1;2026-09-27T18:36:34+00:00;2026-09-27T18:36:34+00:00;https://www.openstreetmap.org/user/Luigi%20Bertozzi
