posizione;uid;user;changesets;changesets_totali;changesets_fuori;percentuale_marchigiana;2021;2022;2023;2024;2025;2026;prima_attivita;ultima_attivita;profilo_osm
1;123412;totera;16093;18683;2590;86,14;2831;1858;2639;4081;2726;1958;2021-01-01T00:02:14+00:00;2026-09-27T22:22:15+00:00;https://www.openstreetmap.org/user/totera
2;4188272;dp7;11852;15124;3272;78,37;560;1002;1066;1793;3883;3548;2021-01-01T15:25:02+00:00;2026-09-27T15:22:02+00:00;https://www.openstreetmap.org/user/dp7
3;8716397;f_gonella;4921;13288;8367;37,03;0;0;101;816;2207;1797;2023-03-08T14:47:24+00:00;2026-09-27T04:55:49+00:00;https://www.openstreetmap.org/user/f_gonella
4;160229;sorcrosc;3633;5197;1564;69,91;1054;1028;888;283;306;74;2021-01-01T20:54:19+00:00;2026-09-12T13:28:10+00:00;https://www.openstreetmap.org/user/sorcrosc
5;11734328;dambuster80;2883;2883;0;100,00;1;0;0;1992;818;72;2021-05-23T10:13:14+00:00;2026-09-09T15:13:04+00:00;https://www.openstreetmap.org/user/dambuster80
6;393359;Robot8A;2094;19166;17072;10,93;0;0;604;528;460;502;2023-03-19T21:35:19+00:00;2026-09-26T11:46:24+00:00;https://www.openstreetmap.org/user/Robot8A
7;179966;jeawrong;1648;1880;232;87,66;343;599;254;82;295;75;2021-01-11T16:03:49+00:00;2026-09-25T16:52:32+00:00;https://www.openstreetmap.org/user/jeawrong
8;14617702;Đuro Jiří;1367;191050;189683;0,72;0;827;451;14;70;5;2022-02-08T18:48:16+00:00;2026-03-26T15:54:49+00:00;https://www.openstreetmap.org/user/%C4%90uro%20Ji%C5%99%C3%AD
9;9660877;Neonkaaaaa;1279;11794;10515;10,84;0;0;0;0;631;648;2025-02-14T08:24:20+00:00;2026-09-26T15:58:18+00:00;https://www.openstreetmap.org/user/Neonkaaaaa
10;133076;Galessandroni;1240;1600;360;77,50;503;106;120;56;162;293;2021-01-07T17:24:07+00:00;2026-09-18T12:05:24+00:00;https://www.openstreetmap.org/user/Galessandroni
11;21490170;evilworld;1188;1533;345;77,50;0;0;0;981;161;46;2024-05-13T15:04:41+00:00;2026-09-01T01:03:00+00:00;https://www.openstreetmap.org/user/evilworld
12;7562272;Riccardo Pastocchi;1149;1171;22;98,12;310;302;197;176;133;31;2021-01-01T12:11:27+00:00;2026-09-26T00:05:34+00:00;https://www.openstreetmap.org/user/Riccardo%20Pastocchi
13;14976718;Mapper56K;1039;1249;210;83,19;0;546;142;140;159;52;2022-01-31T10:26:05+00:00;2026-09-27T20:57:19+00:00;https://www.openstreetmap.org/user/Mapper56K
14;1914637;a1ca424;1029;2205;1176;46,67;0;12;33;681;141;162;2022-05-06T19:40:55+00:00;2026-09-23T07:34:36+00:00;https://www.openstreetmap.org/user/a1ca424
15;4079629;StpnGeorg;1013;6155;5142;16,46;2;406;492;113;0;0;2021-06-09T09:57:15+00:00;2024-08-23T09:58:31+00:00;https://www.openstreetmap.org/user/StpnGeorg
16;21229894;fvgm;921;940;19;97,98;0;0;0;454;421;46;2024-03-22T20:35:18+00:00;2026-09-27T16:25:47+00:00;https://www.openstreetmap.org/user/fvgm
17;19710820;Explorer0999;891;1472;581;60,53;0;0;106;29;470;286;2023-06-28T18:55:16+00:00;2026-09-19T12:51:08+00:00;https://www.openstreetmap.org/user/Explorer0999
18;16035231;Aluminum0173;746;10658;9912;7,00;0;0;545;106;86;9;2023-09-13T07:13:51+00:00;2026-09-14T06:18:58+00:00;https://www.openstreetmap.org/user/Aluminum0173
19;9925732;Flight777;669;47923;47254;1,40;0;645;0;19;4;1;2022-03-15T11:13:17+00:00;2026-04-20T06:31:18+00:00;https://www.openstreetmap.org/user/Flight777
20;13328146;Maloss34;664;821;157;80,88;216;129;161;78;40;40;2021-05-14T18:23:01+00:00;2026-09-05T17:55:45+00:00;https://www.openstreetmap.org/user/Maloss34
21;20532236;Mauro78;634;658;24;96,35;0;0;364;201;51;18;2023-11-06T11:13:22+00:00;2026-05-15T11:23:20+00:00;https://www.openstreetmap.org/user/Mauro78
22;14257573;toponomastica_comune_arenzano;629;16999;16370;3,70;0;336;9;138;109;37;2022-08-09T03:44:40+00:00;2026-09-25T17:32:36+00:00;https://www.openstreetmap.org/user/toponomastica_comune_arenzano
23;3240268;Max Ciaone;576;647;71;89,03;154;0;56;3;362;1;2021-08-27T16:47:41+00:00;2026-05-15T17:40:15+00:00;https://www.openstreetmap.org/user/Max%20Ciaone
24;4365159;wildmaps;474;16566;16092;2,86;0;0;0;1;0;473;2024-12-18T01:00:55+00:00;2026-09-10T16:47:30+00:00;https://www.openstreetmap.org/user/wildmaps
25;5328797;LorenzoPesci;432;3553;3121;12,16;17;15;40;108;106;146;2021-06-09T10:47:01+00:00;2026-09-17T10:02:16+00:00;https://www.openstreetmap.org/user/LorenzoPesci
26;371415;at1839;410;1284;874;31,93;64;148;8;137;44;9;2021-01-01T10:40:22+00:00;2026-09-23T15:44:54+00:00;https://www.openstreetmap.org/user/at1839
27;271894;Marco Barbieri70;400;2034;1634;19,67;0;0;241;97;62;0;2023-09-26T14:04:14+00:00;2025-03-22T14:00:42+00:00;https://www.openstreetmap.org/user/Marco%20Barbieri70
28;20158959;Pietro395;390;425;35;91,76;0;0;224;135;31;0;2023-09-02T15:09:52+00:00;2025-10-11T12:21:30+00:00;https://www.openstreetmap.org/user/Pietro395
29;23662238;storti d;379;409;30;92,67;0;0;0;0;27;352;2025-12-31T14:58:23+00:00;2026-07-25T15:59:24+00:00;https://www.openstreetmap.org/user/storti%20d
30;9451067;b-jazz-bot;368;283356;282988;0,13;14;2;313;13;15;11;2021-04-24T14:48:59+00:00;2026-08-13T11:37:56+00:00;https://www.openstreetmap.org/user/b-jazz-bot
31;17539192;Matty88A;359;547;188;65,63;0;71;121;56;81;30;2022-10-31T08:59:25+00:00;2026-09-13T14:35:38+00:00;https://www.openstreetmap.org/user/Matty88A
32;14055316;llamborda;355;2543;2188;13,96;0;70;58;197;25;5;2022-01-01T12:56:11+00:00;2026-08-29T21:35:48+00:00;https://www.openstreetmap.org/user/llamborda
33;686226;CAI-AP;352;576;224;61,11;1;0;0;94;236;21;2021-05-04T16:54:44+00:00;2026-04-06T15:08:27+00:00;https://www.openstreetmap.org/user/CAI-AP
34;21796089;Curculion;348;2120;1772;16,42;0;0;0;0;179;169;2025-07-06T12:38:47+00:00;2026-05-23T04:24:06+00:00;https://www.openstreetmap.org/user/Curculion
35;3215770;Andrea Del Sarto;345;19565;19220;1,76;54;66;43;85;86;11;2021-04-10T16:45:31+00:00;2026-05-14T20:23:02+00:00;https://www.openstreetmap.org/user/Andrea%20Del%20Sarto
36;11206869;GianniBritti;337;426;89;79,11;0;130;206;1;0;0;2022-01-31T22:24:57+00:00;2024-04-23T13:35:33+00:00;https://www.openstreetmap.org/user/GianniBritti
37;1940323;SekeRob;332;59942;59610;0,55;45;57;41;24;121;44;2021-01-02T12:39:01+00:00;2026-07-14T06:38:26+00:00;https://www.openstreetmap.org/user/SekeRob
38;10124288;damianeue;306;12578;12272;2,43;14;54;83;23;103;29;2021-04-02T16:11:33+00:00;2026-09-08T12:55:02+00:00;https://www.openstreetmap.org/user/damianeue
39;65798;Mich74;295;2012;1717;14,66;0;295;0;0;0;0;2022-07-09T20:37:56+00:00;2022-10-21T15:09:53+00:00;https://www.openstreetmap.org/user/Mich74
40;2566676;Carlo55;293;308;15;95,13;144;64;47;0;0;38;2021-09-10T09:24:05+00:00;2026-09-06T09:37:36+00:00;https://www.openstreetmap.org/user/Carlo55
41;13088903;FrancescoMaths;288;294;6;97,96;279;3;4;0;2;0;2021-04-15T20:22:10+00:00;2025-04-22T15:02:52+00:00;https://www.openstreetmap.org/user/FrancescoMaths
42;464509;soflor;282;301;19;93,69;8;0;0;0;9;265;2021-02-07T08:38:26+00:00;2026-09-25T12:37:19+00:00;https://www.openstreetmap.org/user/soflor
43;13384;Sebastien Dinot;277;1156;879;23,96;0;156;18;51;27;25;2022-06-05T11:39:39+00:00;2026-07-21T16:56:58+00:00;https://www.openstreetmap.org/user/Sebastien%20Dinot
44;15541433;paulbrunner;268;26525;26257;1,01;0;175;0;23;70;0;2022-08-01T21:22:26+00:00;2025-09-30T21:07:33+00:00;https://www.openstreetmap.org/user/paulbrunner
45;13319670;RichardMacDuff;266;838;572;31,74;37;226;0;1;2;0;2021-10-31T11:15:47+00:00;2025-07-19T14:24:33+00:00;https://www.openstreetmap.org/user/RichardMacDuff
46;14777719;Susymala;261;7961;7700;3,28;0;19;14;94;65;69;2022-01-21T16:40:42+00:00;2026-09-22T15:21:22+00:00;https://www.openstreetmap.org/user/Susymala
47;3151555;Dino Michelini;244;8688;8444;2,81;129;56;6;51;2;0;2021-01-02T12:36:12+00:00;2025-04-15T08:15:49+00:00;https://www.openstreetmap.org/user/Dino%20Michelini
48;11675346;Granodiorite;244;263;19;92,78;144;61;16;8;1;14;2021-02-14T10:44:36+00:00;2026-08-28T12:42:09+00:00;https://www.openstreetmap.org/user/Granodiorite
49;8608593;cla88;241;261;20;92,34;2;0;1;60;117;61;2021-09-11T11:30:21+00:00;2026-09-27T15:38:41+00:00;https://www.openstreetmap.org/user/cla88
50;19981378;u1009;241;896;655;26,90;0;0;153;52;36;0;2023-07-25T16:59:18+00:00;2025-08-30T21:16:37+00:00;https://www.openstreetmap.org/user/u1009
51;11976;Map47;239;17664;17425;1,35;16;5;35;49;90;44;2021-02-16T14:55:14+00:00;2026-09-05T09:46:31+00:00;https://www.openstreetmap.org/user/Map47
52;5891;Accurimbono;229;246;17;93,09;95;33;6;34;37;24;2021-01-25T19:52:32+00:00;2026-08-14T12:52:42+00:00;https://www.openstreetmap.org/user/Accurimbono
53;13764458;alessandrovitali2021;228;273;45;83,52;110;94;24;0;0;0;2021-07-16T10:21:21+00:00;2023-10-25T21:25:33+00:00;https://www.openstreetmap.org/user/alessandrovitali2021
54;671009;etino;216;217;1;99,54;0;33;182;1;0;0;2022-12-29T08:12:29+00:00;2024-05-15T08:24:58+00:00;https://www.openstreetmap.org/user/etino
55;13840929;aa30mom;207;11149;10942;1,86;0;180;20;1;6;0;2022-09-02T15:15:38+00:00;2025-10-14T15:55:28+00:00;https://www.openstreetmap.org/user/aa30mom
56;10142223;Emabarto;198;2579;2381;7,68;0;0;0;0;59;139;2025-02-20T18:53:27+00:00;2026-05-01T09:51:02+00:00;https://www.openstreetmap.org/user/Emabarto
57;501978;David Botta;197;197;0;100,00;0;18;55;124;0;0;2022-03-13T20:58:39+00:00;2024-07-08T17:30:14+00:00;https://www.openstreetmap.org/user/David%20Botta
58;124550;bvivi;192;2706;2514;7,10;192;0;0;0;0;0;2021-03-19T21:38:42+00:00;2021-12-20T11:35:49+00:00;https://www.openstreetmap.org/user/bvivi
59;26139;dieterdreist;189;8344;8155;2,27;0;0;0;187;2;0;2024-08-07T11:25:38+00:00;2025-02-13T19:10:51+00:00;https://www.openstreetmap.org/user/dieterdreist
60;103155;nilocram;179;578;399;30,97;65;0;0;0;78;36;2021-08-05T06:26:02+00:00;2026-08-22T18:04:45+00:00;https://www.openstreetmap.org/user/nilocram
61;10477933;FinixFighter;172;14401;14229;1,19;48;17;76;20;6;5;2021-02-12T21:51:04+00:00;2026-09-01T18:19:33+00:00;https://www.openstreetmap.org/user/FinixFighter
62;10326831;Mauro Buscarini;169;238;69;71,01;29;57;17;17;32;17;2021-01-01T11:12:09+00:00;2026-09-14T09:20:53+00:00;https://www.openstreetmap.org/user/Mauro%20Buscarini
63;22927472;TBonanno;167;177;10;94,35;0;0;0;0;163;4;2025-05-22T12:59:44+00:00;2026-04-22T08:10:26+00:00;https://www.openstreetmap.org/user/TBonanno
64;175882;MarcoR;163;10029;9866;1,63;1;121;10;16;11;4;2021-06-01T13:16:46+00:00;2026-09-06T09:43:52+00:00;https://www.openstreetmap.org/user/MarcoR
65;475264;Camoscio Sibillini;163;167;4;97,60;0;0;1;0;55;107;2023-05-24T12:48:22+00:00;2026-09-24T04:50:52+00:00;https://www.openstreetmap.org/user/Camoscio%20Sibillini
66;10341131;Yacine Boussoufa;163;168;5;97,02;25;65;14;7;12;40;2021-02-17T15:57:18+00:00;2026-08-07T16:03:50+00:00;https://www.openstreetmap.org/user/Yacine%20Boussoufa
67;13820426;Bruno Arina;163;198;35;82,32;0;2;1;98;56;6;2022-08-28T17:13:13+00:00;2026-09-24T13:18:29+00:00;https://www.openstreetmap.org/user/Bruno%20Arina
68;13608596;acifani;158;177;19;89,27;0;0;130;0;28;0;2023-09-01T08:20:40+00:00;2025-03-31T15:35:56+00:00;https://www.openstreetmap.org/user/acifani
69;1404750;Yiyi_;155;12998;12843;1,19;0;2;1;19;128;5;2022-08-23T08:21:12+00:00;2026-08-30T13:38:21+00:00;https://www.openstreetmap.org/user/Yiyi_
70;11206543;Fronzi Matteo;155;161;6;96,27;23;34;21;44;33;0;2021-01-14T12:43:20+00:00;2025-12-15T00:09:47+00:00;https://www.openstreetmap.org/user/Fronzi%20Matteo
71;24247338;davide020382;155;7445;7290;2,08;0;0;0;0;0;155;2026-08-27T21:21:46+00:00;2026-08-31T19:58:08+00:00;https://www.openstreetmap.org/user/davide020382
72;10368945;Dom61;154;12320;12166;1,25;0;0;0;5;141;8;2024-11-20T21:05:33+00:00;2026-07-13T21:12:40+00:00;https://www.openstreetmap.org/user/Dom61
73;16207454;Redfriend;153;235;82;65,11;0;62;57;11;19;4;2022-06-25T18:58:51+00:00;2026-07-04T08:55:52+00:00;https://www.openstreetmap.org/user/Redfriend
74;109705;gscholz;152;158777;158625;0,10;1;34;38;27;39;13;2021-11-22T05:26:55+00:00;2026-09-05T07:14:20+00:00;https://www.openstreetmap.org/user/gscholz
75;19877818;photicsneeze;149;155;6;96,13;0;0;97;32;12;8;2023-07-15T23:54:56+00:00;2026-05-15T15:01:00+00:00;https://www.openstreetmap.org/user/photicsneeze
76;9629381;Bruno3589;146;2598;2452;5,62;0;0;0;146;0;0;2024-08-16T14:21:37+00:00;2024-08-29T20:24:11+00:00;https://www.openstreetmap.org/user/Bruno3589
77;1875845;Valerio_Bozzolan;141;14712;14571;0,96;0;86;55;0;0;0;2022-05-30T19:05:35+00:00;2023-04-24T13:19:47+00:00;https://www.openstreetmap.org/user/Valerio_Bozzolan
78;16361248;Lellosvoice;140;141;1;99,29;0;7;2;97;34;0;2022-06-24T13:28:12+00:00;2025-10-13T12:55:04+00:00;https://www.openstreetmap.org/user/Lellosvoice
79;18687683;full_equinoxe;140;277;137;50,54;0;0;0;75;57;8;2024-09-08T15:09:27+00:00;2026-07-17T15:37:08+00:00;https://www.openstreetmap.org/user/full_equinoxe
80;15146568;Marco Renzi 1976;139;171;32;81,29;0;136;3;0;0;0;2022-02-22T14:56:19+00:00;2023-04-12T15:09:18+00:00;https://www.openstreetmap.org/user/Marco%20Renzi%201976
81;20516205;oddradiocircles;134;951;817;14,09;0;0;0;61;73;0;2024-05-26T10:48:18+00:00;2025-12-26T09:24:07+00:00;https://www.openstreetmap.org/user/oddradiocircles
82;3335899;GBAB;133;7438;7305;1,79;0;9;25;73;24;2;2022-09-19T09:18:27+00:00;2026-02-16T17:05:20+00:00;https://www.openstreetmap.org/user/GBAB
83;4249125;francesco vichi;133;146;13;91,10;23;11;73;4;14;8;2021-05-25T17:28:28+00:00;2026-03-06T11:27:18+00:00;https://www.openstreetmap.org/user/francesco%20vichi
84;569741;emiliano-73-ancona;127;135;8;94,07;73;0;0;0;54;0;2021-04-24T21:51:40+00:00;2025-08-21T05:55:35+00:00;https://www.openstreetmap.org/user/emiliano-73-ancona
85;1950277;Mannivu;125;24817;24692;0,50;12;18;7;19;65;4;2021-08-28T15:04:35+00:00;2026-07-22T20:34:56+00:00;https://www.openstreetmap.org/user/Mannivu
86;20578352;olecky;124;42944;42820;0,29;0;0;0;0;0;124;2026-06-13T14:30:55+00:00;2026-07-04T06:27:56+00:00;https://www.openstreetmap.org/user/olecky
87;12456693;ExConcordiaFelicitas;117;122;5;95,90;0;0;37;0;80;0;2023-03-14T06:44:42+00:00;2025-03-03T13:08:17+00:00;https://www.openstreetmap.org/user/ExConcordiaFelicitas
88;2370220;Paolo pn;116;2042;1926;5,68;0;116;0;0;0;0;2022-08-04T20:55:00+00:00;2022-10-22T09:15:44+00:00;https://www.openstreetmap.org/user/Paolo%20pn
89;20817555;Alessandro_Gianfelici;116;439;323;26,42;0;0;0;115;1;0;2024-01-18T16:10:12+00:00;2025-07-27T16:26:09+00:00;https://www.openstreetmap.org/user/Alessandro_Gianfelici
90;69259;DnaX;112;15438;15326;0,73;9;15;16;29;31;12;2021-07-29T10:45:09+00:00;2026-09-22T10:26:46+00:00;https://www.openstreetmap.org/user/DnaX
91;8215303;ross-map;112;32218;32106;0,35;23;2;0;61;26;0;2021-06-11T06:37:14+00:00;2025-09-26T15:03:55+00:00;https://www.openstreetmap.org/user/ross-map
92;974272;baprischka;109;10819;10710;1,01;0;1;7;88;13;0;2022-08-28T09:45:57+00:00;2025-07-20T08:01:33+00:00;https://www.openstreetmap.org/user/baprischka
93;17751523;Sampax;106;106;0;100,00;0;32;74;0;0;0;2022-11-21T19:12:18+00:00;2023-09-04T15:06:14+00:00;https://www.openstreetmap.org/user/Sampax
94;51179;Samuele Battarra;105;1237;1132;8,49;5;6;28;8;13;45;2021-06-27T15:25:37+00:00;2026-09-20T19:42:19+00:00;https://www.openstreetmap.org/user/Samuele%20Battarra
95;15350382;Epus Naples;103;109;6;94,50;0;10;86;3;4;0;2022-03-18T19:20:54+00:00;2025-01-13T17:44:36+00:00;https://www.openstreetmap.org/user/Epus%20Naples
96;11220113;ivanbranco;102;34530;34428;0,30;4;10;19;32;23;14;2021-01-21T21:28:11+00:00;2026-09-16T08:50:05+00:00;https://www.openstreetmap.org/user/ivanbranco
97;22028175;Alemar78;101;101;0;100,00;0;0;0;101;0;0;2024-10-04T06:40:04+00:00;2024-10-09T15:35:36+00:00;https://www.openstreetmap.org/user/Alemar78
98;6011437;Squarcia Claudio;99;105;6;94,29;0;0;0;89;7;3;2024-02-24T21:36:38+00:00;2026-06-11T16:04:27+00:00;https://www.openstreetmap.org/user/Squarcia%20Claudio
99;23832705;davide zagaria;98;101;3;97,03;0;0;0;0;0;98;2026-02-24T08:18:26+00:00;2026-05-18T09:46:14+00:00;https://www.openstreetmap.org/user/davide%20zagaria
100;8799619;Antanicus;97;3738;3641;2,59;75;22;0;0;0;0;2021-09-23T13:45:31+00:00;2022-09-23T13:58:21+00:00;https://www.openstreetmap.org/user/Antanicus
101;4476592;Edoardo Zanotti;96;660;564;14,55;0;61;26;9;0;0;2022-08-18T19:47:37+00:00;2024-04-12T17:30:54+00:00;https://www.openstreetmap.org/user/Edoardo%20Zanotti
102;22656739;Antonio Bacciaglia;95;107;12;88,79;0;0;0;0;73;22;2025-05-11T13:30:04+00:00;2026-09-21T12:03:18+00:00;https://www.openstreetmap.org/user/Antonio%20Bacciaglia
103;1716320;alesarrett;94;3108;3014;3,02;1;92;1;0;0;0;2021-11-14T16:18:51+00:00;2023-06-21T16:24:03+00:00;https://www.openstreetmap.org/user/alesarrett
104;12176569;A_SP;94;101;7;93,07;67;14;0;5;7;1;2021-01-02T11:45:43+00:00;2026-01-26T23:37:31+00:00;https://www.openstreetmap.org/user/A_SP
105;6584559;Lorenzo Monelli;93;105;12;88,57;0;87;0;6;0;0;2022-03-03T16:33:08+00:00;2024-02-15T10:23:42+00:00;https://www.openstreetmap.org/user/Lorenzo%20Monelli
106;13568212;Stewie2292;92;437;345;21,05;7;43;32;0;8;2;2021-07-07T21:44:38+00:00;2026-03-11T14:50:15+00:00;https://www.openstreetmap.org/user/Stewie2292
107;224342;mircozorzo;90;19743;19653;0,46;0;0;0;46;0;44;2024-02-10T18:13:50+00:00;2026-04-04T12:24:51+00:00;https://www.openstreetmap.org/user/mircozorzo
108;1287255;cxc;90;1518;1428;5,93;25;65;0;0;0;0;2021-03-31T11:25:32+00:00;2022-10-09T15:09:04+00:00;https://www.openstreetmap.org/user/cxc
109;10973763;Roberto Onori;90;91;1;98,90;0;0;2;60;28;0;2023-06-03T13:55:25+00:00;2025-10-01T20:54:05+00:00;https://www.openstreetmap.org/user/Roberto%20Onori
110;14680881;Yass Kappa;90;93;3;96,77;13;54;21;0;2;0;2021-12-21T11:46:38+00:00;2025-06-05T17:02:12+00:00;https://www.openstreetmap.org/user/Yass%20Kappa
111;7022493;Fra00;89;3022;2933;2,95;16;18;7;29;10;9;2021-08-16T12:26:03+00:00;2026-08-18T16:12:34+00:00;https://www.openstreetmap.org/user/Fra00
112;717233;jacopofar;88;4211;4123;2,09;84;1;3;0;0;0;2021-08-21T12:36:22+00:00;2023-09-05T18:56:09+00:00;https://www.openstreetmap.org/user/jacopofar
113;56519;karlrt;87;5330;5243;1,63;0;0;6;0;81;0;2023-05-26T21:30:01+00:00;2025-05-12T14:45:58+00:00;https://www.openstreetmap.org/user/karlrt
114;616481;gigi2037;86;11598;11512;0,74;24;2;0;44;9;7;2021-03-24T22:38:30+00:00;2026-04-14T16:25:26+00:00;https://www.openstreetmap.org/user/gigi2037
115;1971890;surftrader;81;621;540;13,04;14;54;9;4;0;0;2021-01-07T23:19:25+00:00;2024-02-26T11:20:03+00:00;https://www.openstreetmap.org/user/surftrader
116;21982800;Luca-gto;81;124;43;65,32;0;0;0;72;8;1;2024-09-22T06:38:57+00:00;2026-01-03T12:59:44+00:00;https://www.openstreetmap.org/user/Luca-gto
117;15346460;ppppana;80;81;1;98,77;0;12;4;0;59;5;2022-03-18T08:41:25+00:00;2026-07-04T20:53:57+00:00;https://www.openstreetmap.org/user/ppppana
118;14443174;Emilianoatlante;79;192;113;41,15;0;11;68;0;0;0;2022-12-23T16:02:29+00:00;2023-03-12T12:16:02+00:00;https://www.openstreetmap.org/user/Emilianoatlante
119;21708463;Sgabs;79;173;94;45,66;0;0;0;0;0;79;2026-09-22T17:25:04+00:00;2026-09-25T14:22:17+00:00;https://www.openstreetmap.org/user/Sgabs
120;7403;steko;77;1778;1701;4,33;0;71;6;0;0;0;2022-09-04T18:07:08+00:00;2023-07-16T06:04:26+00:00;https://www.openstreetmap.org/user/steko
121;55912;Qwave;77;7147;7070;1,08;0;57;20;0;0;0;2022-08-28T15:59:07+00:00;2023-08-16T10:00:33+00:00;https://www.openstreetmap.org/user/Qwave
122;616774;mueschel;77;96591;96514;0,08;10;6;8;12;24;17;2021-04-02T15:14:24+00:00;2026-08-20T11:13:52+00:00;https://www.openstreetmap.org/user/mueschel
123;23832707;Bobbyzzini;77;110;33;70,00;0;0;0;0;0;77;2026-03-07T15:06:19+00:00;2026-05-26T07:26:35+00:00;https://www.openstreetmap.org/user/Bobbyzzini
124;2166519;unfoxo;73;2021;1948;3,61;0;43;25;0;0;5;2022-10-24T17:03:57+00:00;2026-09-18T23:14:35+00:00;https://www.openstreetmap.org/user/unfoxo
125;8386578;Gian_89;72;107;35;67,29;1;0;28;42;1;0;2021-09-07T14:51:48+00:00;2025-03-21T15:40:54+00:00;https://www.openstreetmap.org/user/Gian_89
126;24349145;DiegoBag;71;81;10;87,65;0;0;0;0;0;71;2026-07-25T14:25:24+00:00;2026-09-27T21:37:18+00:00;https://www.openstreetmap.org/user/DiegoBag
127;6705;spaetz;68;604;536;11,26;0;0;68;0;0;0;2023-09-24T14:11:32+00:00;2023-09-29T09:34:30+00:00;https://www.openstreetmap.org/user/spaetz
128;615196;Alessandro Melandri;68;175;107;38,86;3;13;4;22;22;4;2021-08-25T06:59:33+00:00;2026-06-26T15:01:22+00:00;https://www.openstreetmap.org/user/Alessandro%20Melandri
129;4571384;Free Mountain;67;141;74;47,52;61;3;0;0;0;3;2021-03-13T18:24:39+00:00;2026-07-15T08:24:29+00:00;https://www.openstreetmap.org/user/Free%20Mountain
130;12766911;ioui12;66;3960;3894;1,67;66;0;0;0;0;0;2021-09-05T09:24:05+00:00;2021-10-13T10:01:03+00:00;https://www.openstreetmap.org/user/ioui12
131;22525435;btcitnet;64;3844;3780;1,66;0;0;0;0;60;4;2025-04-17T06:41:40+00:00;2026-09-17T07:06:56+00:00;https://www.openstreetmap.org/user/btcitnet
132;15096;tadams;63;9385;9322;0,67;15;33;11;4;0;0;2021-07-10T05:45:20+00:00;2024-01-14T12:42:34+00:00;https://www.openstreetmap.org/user/tadams
133;22170307;FrancescaMaggiori;63;69;6;91,30;0;0;0;35;27;1;2024-11-15T09:35:03+00:00;2026-06-29T11:01:58+00:00;https://www.openstreetmap.org/user/FrancescaMaggiori
134;22299574;Alessandra Mercuri;62;74;12;83,78;0;0;0;36;26;0;2024-12-18T10:29:21+00:00;2025-05-20T10:17:31+00:00;https://www.openstreetmap.org/user/Alessandra%20Mercuri
135;139580;morsi;61;1889;1828;3,23;0;0;0;49;3;9;2024-02-14T12:58:39+00:00;2026-09-21T18:46:12+00:00;https://www.openstreetmap.org/user/morsi
136;654234;L'imaginaire;61;14231;14170;0,43;0;0;0;0;61;0;2025-02-15T07:55:08+00:00;2025-04-23T08:26:23+00:00;https://www.openstreetmap.org/user/L%27imaginaire
137;24012867;dibi_ca;61;75;14;81,33;0;0;0;0;0;61;2026-04-04T20:58:05+00:00;2026-05-12T19:15:39+00:00;https://www.openstreetmap.org/user/dibi_ca
138;465432;Shadowfax;60;64;4;93,75;0;0;0;45;11;4;2024-10-14T09:43:20+00:00;2026-08-21T08:18:55+00:00;https://www.openstreetmap.org/user/Shadowfax
139;3608135;Semilsent;60;61;1;98,36;2;1;12;0;1;44;2021-01-15T09:08:03+00:00;2026-04-20T09:20:25+00:00;https://www.openstreetmap.org/user/Semilsent
140;9242926;Marche Rebirth;60;60;0;100,00;0;60;0;0;0;0;2022-03-04T19:00:24+00:00;2022-04-18T20:40:42+00:00;https://www.openstreetmap.org/user/Marche%20Rebirth
141;19653888;Marco Tamburini;60;4201;4141;1,43;0;0;0;0;46;14;2025-04-16T23:26:28+00:00;2026-09-11T22:35:25+00:00;https://www.openstreetmap.org/user/Marco%20Tamburini
142;65021;gecco;59;72;13;81,94;31;4;2;6;10;6;2021-03-08T12:12:40+00:00;2026-04-13T11:09:13+00:00;https://www.openstreetmap.org/user/gecco
143;2297726;NCarlo;59;61;2;96,72;18;6;21;12;2;0;2021-01-18T20:40:45+00:00;2025-12-08T15:40:39+00:00;https://www.openstreetmap.org/user/NCarlo
144;21671240;Pilù1;58;62;4;93,55;0;0;0;46;9;3;2024-06-18T20:16:20+00:00;2026-07-13T20:58:57+00:00;https://www.openstreetmap.org/user/Pil%C3%B91
145;351361;dvdzero;57;12552;12495;0,45;0;0;0;0;0;57;2026-08-24T07:36:24+00:00;2026-09-07T07:40:59+00:00;https://www.openstreetmap.org/user/dvdzero
146;839857;jeanl;57;585;528;9,74;0;0;0;3;32;22;2024-09-24T09:25:00+00:00;2026-09-20T10:57:35+00:00;https://www.openstreetmap.org/user/jeanl
147;1861652;mascalzone67;57;2960;2903;1,93;21;15;6;6;3;6;2021-01-02T18:12:37+00:00;2026-03-10T19:39:56+00:00;https://www.openstreetmap.org/user/mascalzone67
148;3136185;smorz;57;8331;8274;0,68;0;0;4;17;34;2;2023-12-28T10:46:28+00:00;2026-04-07T13:31:02+00:00;https://www.openstreetmap.org/user/smorz
149;11449631;SimoGine;57;2794;2737;2,04;16;1;40;0;0;0;2021-10-21T08:42:09+00:00;2023-12-30T17:47:42+00:00;https://www.openstreetmap.org/user/SimoGine
150;24256632;mr_peo;57;70;13;81,43;0;0;0;0;0;57;2026-06-28T19:20:36+00:00;2026-08-14T14:55:47+00:00;https://www.openstreetmap.org/user/mr_peo
151;792390;Skyfinder84;56;58;2;96,55;0;0;0;37;12;7;2024-04-08T12:40:33+00:00;2026-03-28T13:11:18+00:00;https://www.openstreetmap.org/user/Skyfinder84
152;21081459;Flynn_;56;24419;24363;0,23;0;0;0;56;0;0;2024-04-22T13:11:34+00:00;2024-06-05T14:20:23+00:00;https://www.openstreetmap.org/user/Flynn_
153;8141338;MauZ81;55;55;0;100,00;46;0;2;0;7;0;2021-01-04T07:39:54+00:00;2025-03-15T12:37:35+00:00;https://www.openstreetmap.org/user/MauZ81
154;21864105;clamemmel;55;5773;5718;0,95;0;0;0;0;55;0;2025-06-06T21:09:55+00:00;2025-06-09T21:26:19+00:00;https://www.openstreetmap.org/user/clamemmel
155;474183;ratrun;54;104577;104523;0,05;10;15;6;4;14;5;2021-01-19T15:58:23+00:00;2026-08-28T11:56:00+00:00;https://www.openstreetmap.org/user/ratrun
156;18828247;Dasc3er;54;1284;1230;4,21;0;0;0;54;0;0;2024-08-11T06:26:30+00:00;2024-08-11T10:34:25+00:00;https://www.openstreetmap.org/user/Dasc3er
157;23654833;ilianertugral;54;54;0;100,00;0;0;0;0;0;54;2026-01-12T09:59:46+00:00;2026-03-31T07:56:27+00:00;https://www.openstreetmap.org/user/ilianertugral
158;23832459;Ariannapagnoni;54;71;17;76,06;0;0;0;0;0;54;2026-02-17T08:18:35+00:00;2026-05-18T16:15:11+00:00;https://www.openstreetmap.org/user/Ariannapagnoni
159;562239;gspinoza;53;1128;1075;4,70;33;9;11;0;0;0;2021-04-13T14:12:28+00:00;2023-08-07T12:18:47+00:00;https://www.openstreetmap.org/user/gspinoza
160;3059713;A S V;53;53;0;100,00;16;15;10;9;3;0;2021-01-05T11:32:05+00:00;2025-10-30T09:50:00+00:00;https://www.openstreetmap.org/user/A%20S%20V
161;4793737;h3984579;52;551;499;9,44;0;52;0;0;0;0;2022-06-18T08:56:21+00:00;2022-06-26T10:20:39+00:00;https://www.openstreetmap.org/user/h3984579
162;22146035;eddym71;52;52;0;100,00;0;0;0;37;8;7;2024-11-05T21:14:43+00:00;2026-04-03T21:47:17+00:00;https://www.openstreetmap.org/user/eddym71
163;22689107;Stuck_11;52;64;12;81,25;0;0;0;0;50;2;2025-03-29T19:07:23+00:00;2026-03-11T11:35:43+00:00;https://www.openstreetmap.org/user/Stuck_11
164;476483;lorenzo23622;51;7044;6993;0,72;11;15;0;25;0;0;2021-03-22T15:08:57+00:00;2024-07-27T23:26:59+00:00;https://www.openstreetmap.org/user/lorenzo23622
165;14426122;gianluca1984;51;53;2;96,23;0;0;0;0;43;8;2025-03-02T21:48:14+00:00;2026-04-01T08:51:18+00:00;https://www.openstreetmap.org/user/gianluca1984
166;17697345;fb552;51;1116;1065;4,57;0;0;11;12;19;9;2023-08-20T17:11:09+00:00;2026-07-04T11:32:46+00:00;https://www.openstreetmap.org/user/fb552
167;20944241;SekeRob repair;51;1526;1475;3,34;0;0;0;35;5;11;2024-03-11T15:50:51+00:00;2026-06-08T14:26:01+00:00;https://www.openstreetmap.org/user/SekeRob%20repair
168;5617767;DavideOnOSM;50;910;860;5,49;34;12;1;0;0;3;2021-06-11T16:35:54+00:00;2026-05-29T14:36:52+00:00;https://www.openstreetmap.org/user/DavideOnOSM
169;166133;bikepiper;49;6661;6612;0,74;0;0;0;0;47;2;2025-08-06T07:44:35+00:00;2026-01-01T12:53:59+00:00;https://www.openstreetmap.org/user/bikepiper
170;20159881;ludomi05;48;48;0;100,00;0;0;26;20;2;0;2023-09-02T15:24:01+00:00;2025-08-07T18:00:33+00:00;https://www.openstreetmap.org/user/ludomi05
171;67394;captaininler;47;2563;2516;1,83;47;0;0;0;0;0;2021-09-16T19:09:11+00:00;2021-09-20T17:13:04+00:00;https://www.openstreetmap.org/user/captaininler
172;290680;wheelmap_visitor;47;152884;152837;0,03;0;0;0;8;28;11;2024-01-27T12:46:16+00:00;2026-09-27T19:14:37+00:00;https://www.openstreetmap.org/user/wheelmap_visitor
173;361003;Cascafico;47;9810;9763;0,48;31;5;10;0;0;1;2021-02-10T10:02:47+00:00;2026-03-18T13:35:46+00:00;https://www.openstreetmap.org/user/Cascafico
174;708541;andread2dot0;47;60;13;78,33;0;47;0;0;0;0;2022-02-08T16:29:04+00:00;2022-10-22T13:50:22+00:00;https://www.openstreetmap.org/user/andread2dot0
175;14882737;Dáire Drôme;47;47;0;100,00;0;36;0;0;7;4;2022-01-18T13:16:48+00:00;2026-09-19T12:52:34+00:00;https://www.openstreetmap.org/user/D%C3%A1ire%20Dr%C3%B4me
176;22306665;Arianna Ascenzi;46;51;5;90,20;0;0;0;39;7;0;2024-12-20T11:09:58+00:00;2025-01-07T12:08:04+00:00;https://www.openstreetmap.org/user/Arianna%20Ascenzi
177;23132468;Thebro7her;45;2410;2365;1,87;0;0;0;0;0;45;2026-05-11T14:20:33+00:00;2026-05-15T14:36:32+00:00;https://www.openstreetmap.org/user/Thebro7her
178;5589;user_5589;44;114912;114868;0,04;0;0;0;2;42;0;2024-11-18T15:37:40+00:00;2025-12-24T08:20:35+00:00;https://www.openstreetmap.org/user/user_5589
179;8971394;vojtechzaboril;44;17796;17752;0,25;0;0;1;3;26;14;2023-10-25T12:00:36+00:00;2026-05-30T09:46:37+00:00;https://www.openstreetmap.org/user/vojtechzaboril
180;13524418;RobertoErre;44;59;15;74,58;6;1;5;28;3;1;2021-06-09T19:31:55+00:00;2026-05-04T23:54:55+00:00;https://www.openstreetmap.org/user/RobertoErre
181;18122198;rambonette;44;289;245;15,22;0;0;0;44;0;0;2024-08-18T14:54:41+00:00;2024-08-24T23:14:50+00:00;https://www.openstreetmap.org/user/rambonette
182;23832738;loRI_cECC;44;58;14;75,86;0;0;0;0;0;44;2026-03-09T09:55:21+00:00;2026-05-18T09:20:25+00:00;https://www.openstreetmap.org/user/loRI_cECC
183;300917;ErikO;43;74;31;58,11;43;0;0;0;0;0;2021-07-13T18:14:45+00:00;2021-07-23T12:45:13+00:00;https://www.openstreetmap.org/user/ErikO
184;561047;ggamba;43;1496;1453;2,87;0;43;0;0;0;0;2022-09-20T10:26:25+00:00;2022-10-10T10:58:09+00:00;https://www.openstreetmap.org/user/ggamba
185;14530171;Simone Crisologo;43;59;16;72,88;1;6;33;3;0;0;2021-11-27T10:50:42+00:00;2024-08-22T14:44:18+00:00;https://www.openstreetmap.org/user/Simone%20Crisologo
186;24374406;Parabolo;43;54;11;79,63;0;0;0;0;0;43;2026-08-01T14:57:45+00:00;2026-08-17T07:29:32+00:00;https://www.openstreetmap.org/user/Parabolo
187;49848;Simone Piccardi;42;4034;3992;1,04;12;0;0;14;0;16;2021-10-02T11:35:01+00:00;2026-04-12T21:38:39+00:00;https://www.openstreetmap.org/user/Simone%20Piccardi
188;316164;rospus;42;155;113;27,10;5;0;37;0;0;0;2021-02-21T14:49:49+00:00;2023-06-26T12:12:31+00:00;https://www.openstreetmap.org/user/rospus
189;12904042;DianaDemchuk;42;13560;13518;0,31;40;2;0;0;0;0;2021-09-01T07:46:34+00:00;2022-02-08T12:26:43+00:00;https://www.openstreetmap.org/user/DianaDemchuk
190;13638351;alessandroste;42;61;19;68,85;42;0;0;0;0;0;2021-06-25T10:34:48+00:00;2021-07-02T21:14:13+00:00;https://www.openstreetmap.org/user/alessandroste
191;22299577;Zoe Verdenelli;42;45;3;93,33;0;0;0;42;0;0;2024-12-19T08:15:33+00:00;2024-12-20T17:00:08+00:00;https://www.openstreetmap.org/user/Zoe%20Verdenelli
192;710241;Maradonna Claudio;41;41;0;100,00;3;1;37;0;0;0;2021-08-12T12:23:08+00:00;2023-07-24T08:17:55+00:00;https://www.openstreetmap.org/user/Maradonna%20Claudio
193;1726102;AlessioMela;41;4890;4849;0,84;0;0;0;0;9;32;2025-11-12T09:46:38+00:00;2026-06-25T12:42:01+00:00;https://www.openstreetmap.org/user/AlessioMela
194;21174733;SakuraHanami120;41;41;0;100,00;0;0;0;41;0;0;2024-03-07T09:55:17+00:00;2024-03-07T14:06:12+00:00;https://www.openstreetmap.org/user/SakuraHanami120
195;21850090;mpbin;41;1090;1049;3,76;0;0;0;12;29;0;2024-09-21T11:20:20+00:00;2025-01-06T14:18:20+00:00;https://www.openstreetmap.org/user/mpbin
196;10873483;Trabant77;40;41;1;97,56;20;16;0;4;0;0;2021-03-03T21:53:22+00:00;2024-11-02T04:14:56+00:00;https://www.openstreetmap.org/user/Trabant77
197;14400394;furious_turing;40;41;1;97,56;40;0;0;0;0;0;2021-11-03T21:12:31+00:00;2021-11-04T13:01:51+00:00;https://www.openstreetmap.org/user/furious_turing
198;18415571;Yana Lauryk;40;2778;2738;1,44;0;0;40;0;0;0;2023-02-20T11:10:33+00:00;2023-04-12T12:43:32+00:00;https://www.openstreetmap.org/user/Yana%20Lauryk
199;22134477;DiegosDigosOfficial;40;42;2;95,24;0;0;0;23;14;3;2024-11-02T15:25:51+00:00;2026-06-20T09:56:51+00:00;https://www.openstreetmap.org/user/DiegosDigosOfficial
200;20610;napo;39;2679;2640;1,46;0;21;4;1;13;0;2022-04-15T20:08:19+00:00;2025-08-03T15:15:33+00:00;https://www.openstreetmap.org/user/napo
201;36030;WinstonSmith;39;5581;5542;0,70;0;0;0;0;2;37;2025-07-27T16:19:26+00:00;2026-08-29T11:07:15+00:00;https://www.openstreetmap.org/user/WinstonSmith
202;6703845;ro_ma16;39;132;93;29,55;10;4;16;8;0;1;2021-05-03T09:18:52+00:00;2026-07-12T09:04:21+00:00;https://www.openstreetmap.org/user/ro_ma16
203;8868713;GerhardKremer;39;192;153;20,31;3;0;34;2;0;0;2021-08-16T10:09:10+00:00;2024-08-18T10:16:26+00:00;https://www.openstreetmap.org/user/GerhardKremer
204;13069920;KashDRZ;39;41;2;95,12;24;5;7;2;1;0;2021-04-13T11:15:01+00:00;2025-02-03T10:18:15+00:00;https://www.openstreetmap.org/user/KashDRZ
205;17421349;alessandrosglt;39;40;1;97,50;0;39;0;0;0;0;2022-10-16T14:57:19+00:00;2022-10-23T07:24:04+00:00;https://www.openstreetmap.org/user/alessandrosglt
206;21822;Jacopo;38;5529;5491;0,69;0;0;0;13;25;0;2024-07-26T12:15:21+00:00;2025-09-24T12:48:51+00:00;https://www.openstreetmap.org/user/Jacopo
207;66492;DavidM;38;40;2;95,00;0;4;11;2;4;17;2022-12-27T12:33:55+00:00;2026-04-16T04:03:03+00:00;https://www.openstreetmap.org/user/DavidM
208;5764463;9o5c;38;1165;1127;3,26;38;0;0;0;0;0;2021-07-26T14:26:42+00:00;2021-08-06T09:09:46+00:00;https://www.openstreetmap.org/user/9o5c
209;20961469;Fabio323ti;38;72;34;52,78;0;0;0;38;0;0;2024-03-01T13:26:04+00:00;2024-03-01T22:41:53+00:00;https://www.openstreetmap.org/user/Fabio323ti
210;22634620;Andrea Claudi;38;38;0;100,00;0;0;0;0;29;9;2025-03-15T21:24:21+00:00;2026-04-28T09:16:55+00:00;https://www.openstreetmap.org/user/Andrea%20Claudi
211;17189185;LauraProto;37;37;0;100,00;0;37;0;0;0;0;2022-09-20T19:34:16+00:00;2022-10-14T09:10:31+00:00;https://www.openstreetmap.org/user/LauraProto
212;22731099;Davide_Perruolo;37;37;0;100,00;0;0;0;0;37;0;2025-04-10T13:26:19+00:00;2025-04-10T13:57:29+00:00;https://www.openstreetmap.org/user/Davide_Perruolo
213;511708;Zio Pino;36;3657;3621;0,98;0;0;0;36;0;0;2024-10-29T13:49:50+00:00;2024-11-06T13:08:40+00:00;https://www.openstreetmap.org/user/Zio%20Pino
214;21372887;pat-pat;36;157;121;22,93;0;0;0;9;19;8;2024-10-28T08:50:44+00:00;2026-06-18T10:01:44+00:00;https://www.openstreetmap.org/user/pat-pat
215;1801173;Pucciotrex30;35;14556;14521;0,24;0;2;0;0;9;24;2022-02-11T15:41:50+00:00;2026-09-21T15:17:04+00:00;https://www.openstreetmap.org/user/Pucciotrex30
216;3579653;AlexTies;35;917;882;3,82;0;0;7;24;1;3;2023-12-22T14:49:01+00:00;2026-01-09T23:22:21+00:00;https://www.openstreetmap.org/user/AlexTies
217;4347030;vbertola;35;3031;2996;1,15;35;0;0;0;0;0;2021-08-22T20:33:28+00:00;2021-09-23T07:23:19+00:00;https://www.openstreetmap.org/user/vbertola
218;5379291;Repower CMC;35;2151;2116;1,63;0;0;0;24;9;2;2024-04-05T15:40:04+00:00;2026-05-18T09:33:27+00:00;https://www.openstreetmap.org/user/Repower%20CMC
219;8305310;Martinligabue;35;17310;17275;0,20;0;0;14;14;6;1;2023-02-04T17:31:40+00:00;2026-07-28T09:20:44+00:00;https://www.openstreetmap.org/user/Martinligabue
220;13714849;AstolfoSullaLunaa;35;36;1;97,22;33;0;0;2;0;0;2021-07-07T10:08:27+00:00;2024-08-21T20:34:34+00:00;https://www.openstreetmap.org/user/AstolfoSullaLunaa
221;14381335;Federica Lavagna;35;45;10;77,78;1;14;6;13;1;0;2021-10-31T17:34:39+00:00;2025-07-20T17:45:22+00:00;https://www.openstreetmap.org/user/Federica%20Lavagna
222;23832722;igor miti;35;35;0;100,00;0;0;0;0;0;35;2026-03-09T10:20:22+00:00;2026-05-20T16:56:26+00:00;https://www.openstreetmap.org/user/igor%20miti
223;22926975;Lucas-09;34;39;5;87,18;0;0;0;0;32;2;2025-05-22T10:59:32+00:00;2026-06-02T09:30:22+00:00;https://www.openstreetmap.org/user/Lucas-09
224;24325433;cnlmrc;34;36;2;94,44;0;0;0;0;0;34;2026-07-18T19:14:55+00:00;2026-09-06T11:59:50+00:00;https://www.openstreetmap.org/user/cnlmrc
225;2166199;carlo fornaciari;33;392;359;8,42;0;0;0;0;5;28;2025-07-07T12:23:16+00:00;2026-07-23T20:41:10+00:00;https://www.openstreetmap.org/user/carlo%20fornaciari
226;5127355;aTarom;33;45585;45552;0,07;0;0;0;8;20;5;2024-08-19T14:53:11+00:00;2026-08-18T06:10:40+00:00;https://www.openstreetmap.org/user/aTarom
227;15503642;A_Langer;33;236;203;13,98;0;0;0;26;0;7;2024-05-28T05:37:29+00:00;2026-06-11T16:16:05+00:00;https://www.openstreetmap.org/user/A_Langer
228;22370663;Brascà;33;1538;1505;2,15;0;0;0;0;0;33;2026-06-21T18:52:13+00:00;2026-06-27T19:55:55+00:00;https://www.openstreetmap.org/user/Brasc%C3%A0
229;161619;FvGordon;32;40390;40358;0,08;7;3;3;9;8;2;2021-01-19T21:18:44+00:00;2026-07-25T09:05:53+00:00;https://www.openstreetmap.org/user/FvGordon
230;1092114;kräckel;32;3658;3626;0,87;0;0;0;31;1;0;2024-05-24T11:58:47+00:00;2025-01-02T09:45:19+00:00;https://www.openstreetmap.org/user/kr%C3%A4ckel
231;9558563;Urbis13;32;1653;1621;1,94;1;31;0;0;0;0;2021-06-12T07:49:46+00:00;2022-06-30T11:13:02+00:00;https://www.openstreetmap.org/user/Urbis13
232;16226557;VLD302;32;7342;7310;0,44;0;0;32;0;0;0;2023-08-21T14:48:37+00:00;2023-09-01T16:39:19+00:00;https://www.openstreetmap.org/user/VLD302
233;21310951;Brokkolino;32;71;39;45,07;0;0;0;0;32;0;2025-09-17T10:45:08+00:00;2025-09-21T16:30:39+00:00;https://www.openstreetmap.org/user/Brokkolino
234;22397838;aleb2000;32;37;5;86,49;0;0;0;0;32;0;2025-01-18T16:49:00+00:00;2025-08-04T08:20:51+00:00;https://www.openstreetmap.org/user/aleb2000
235;10398649;sbelemey;31;12998;12967;0,24;21;0;10;0;0;0;2021-09-08T17:06:06+00:00;2023-09-21T16:00:34+00:00;https://www.openstreetmap.org/user/sbelemey
236;12049663;Eugenio723;31;149;118;20,81;0;0;0;0;30;1;2025-08-08T08:18:49+00:00;2026-05-31T10:00:44+00:00;https://www.openstreetmap.org/user/Eugenio723
237;14104531;Fabiola Pancotti;31;38;7;81,58;31;0;0;0;0;0;2021-09-13T14:08:50+00:00;2021-09-15T08:48:04+00:00;https://www.openstreetmap.org/user/Fabiola%20Pancotti
238;23784026;Drifter22;31;85;54;36,47;0;0;0;0;0;31;2026-02-04T09:51:59+00:00;2026-06-29T15:05:11+00:00;https://www.openstreetmap.org/user/Drifter22
239;23832720;ele stefanini;31;43;12;72,09;0;0;0;0;0;31;2026-02-17T08:12:14+00:00;2026-05-25T09:19:13+00:00;https://www.openstreetmap.org/user/ele%20stefanini
240;461682;Griphon;30;1210;1180;2,48;1;21;3;0;5;0;2021-03-12T00:09:00+00:00;2025-08-16T20:59:44+00:00;https://www.openstreetmap.org/user/Griphon
241;14627026;ErosR;30;39;9;76,92;0;30;0;0;0;0;2022-04-04T09:43:34+00:00;2022-06-10T10:46:29+00:00;https://www.openstreetmap.org/user/ErosR
242;15807345;Claudio Tam;30;680;650;4,41;0;17;7;6;0;0;2022-09-20T09:02:19+00:00;2024-05-01T15:55:27+00:00;https://www.openstreetmap.org/user/Claudio%20Tam
243;18418479;tili3222;30;332;302;9,04;0;0;30;0;0;0;2023-02-07T20:25:37+00:00;2023-08-14T13:23:39+00:00;https://www.openstreetmap.org/user/tili3222
244;21748492;Yurii Skvortsov;30;39868;39838;0,08;0;0;0;0;30;0;2025-12-29T22:29:04+00:00;2025-12-29T23:22:58+00:00;https://www.openstreetmap.org/user/Yurii%20Skvortsov
245;23050296;Giann00000;30;30;0;100,00;0;0;0;0;22;8;2025-06-29T13:06:59+00:00;2026-08-21T22:01:32+00:00;https://www.openstreetmap.org/user/Giann00000
246;23670258;Light3r;29;766;737;3,79;0;0;0;0;0;29;2026-07-27T11:58:29+00:00;2026-07-30T16:42:37+00:00;https://www.openstreetmap.org/user/Light3r
247;23802080;Andrea Malipiero;29;74;45;39,19;0;0;0;0;0;29;2026-02-08T18:37:18+00:00;2026-07-30T17:33:21+00:00;https://www.openstreetmap.org/user/Andrea%20Malipiero
248;923271;aldoct;28;14135;14107;0,20;0;0;0;0;28;0;2025-01-20T18:21:01+00:00;2025-02-02T09:32:49+00:00;https://www.openstreetmap.org/user/aldoct
249;2442070;Jaka Kranjc;28;4234;4206;0,66;0;0;0;0;28;0;2025-12-02T08:23:36+00:00;2025-12-03T18:54:44+00:00;https://www.openstreetmap.org/user/Jaka%20Kranjc
250;8522139;mosis99;28;1818;1790;1,54;0;0;0;0;21;7;2025-12-29T18:40:23+00:00;2026-01-07T17:08:35+00:00;https://www.openstreetmap.org/user/mosis99
251;21229387;Canacci;28;28;0;100,00;0;0;0;27;1;0;2024-03-21T18:22:12+00:00;2025-05-03T11:56:44+00:00;https://www.openstreetmap.org/user/Canacci
252;8396288;P feliciati;27;28;1;96,43;2;0;0;0;25;0;2021-04-30T16:15:13+00:00;2025-11-26T14:30:10+00:00;https://www.openstreetmap.org/user/P%20feliciati
253;10325271;VITTORIO FERRACUTI;27;27;0;100,00;0;0;3;23;1;0;2023-09-08T18:16:19+00:00;2025-07-16T17:29:53+00:00;https://www.openstreetmap.org/user/VITTORIO%20FERRACUTI
254;12894577;Piero Filiaggi;27;35;8;77,14;19;0;0;8;0;0;2021-03-25T19:59:46+00:00;2024-03-21T19:07:52+00:00;https://www.openstreetmap.org/user/Piero%20Filiaggi
255;13802623;Mastrocom;27;2532;2505;1,07;0;0;0;0;0;27;2026-08-28T15:54:22+00:00;2026-08-31T19:41:02+00:00;https://www.openstreetmap.org/user/Mastrocom
256;14819428;Simo3D;27;38;11;71,05;0;0;0;24;3;0;2024-01-25T16:50:30+00:00;2025-03-25T16:07:56+00:00;https://www.openstreetmap.org/user/Simo3D
257;15008590;Shel_Sri;27;19126;19099;0,14;0;1;0;3;23;0;2022-12-26T06:53:01+00:00;2025-11-11T06:45:31+00:00;https://www.openstreetmap.org/user/Shel_Sri
258;20771505;Peter Ostermann;27;27;0;100,00;0;0;3;18;6;0;2023-12-27T18:56:58+00:00;2025-05-30T15:05:38+00:00;https://www.openstreetmap.org/user/Peter%20Ostermann
259;23228658;Pernycek;27;8354;8327;0,32;0;0;0;0;27;0;2025-10-10T14:22:54+00:00;2025-11-09T20:45:59+00:00;https://www.openstreetmap.org/user/Pernycek
260;8473;fparri;26;299;273;8,70;0;0;0;0;1;25;2025-11-03T10:47:12+00:00;2026-02-19T10:58:29+00:00;https://www.openstreetmap.org/user/fparri
261;1323411;LucaCeresoli;26;1828;1802;1,42;0;0;1;0;25;0;2023-07-08T22:01:48+00:00;2025-07-10T15:41:31+00:00;https://www.openstreetmap.org/user/LucaCeresoli
262;1380462;MarcoA;26;26;0;100,00;16;0;0;7;3;0;2021-06-01T07:24:30+00:00;2025-12-16T10:45:25+00:00;https://www.openstreetmap.org/user/MarcoA
263;1788682;talete1;26;1319;1293;1,97;0;0;0;0;9;17;2025-09-13T12:18:25+00:00;2026-02-21T20:05:06+00:00;https://www.openstreetmap.org/user/talete1
264;4425563;Danysan95;26;4294;4268;0,61;0;0;0;0;24;2;2025-04-20T16:29:20+00:00;2026-09-12T16:17:10+00:00;https://www.openstreetmap.org/user/Danysan95
265;6538404;myosmname;26;35;9;74,29;0;19;6;0;0;1;2022-04-06T10:55:25+00:00;2026-08-03T11:49:20+00:00;https://www.openstreetmap.org/user/myosmname
266;10107230;kvss;26;6725;6699;0,39;26;0;0;0;0;0;2021-04-20T04:20:00+00:00;2021-04-23T04:34:05+00:00;https://www.openstreetmap.org/user/kvss
267;11437494;France_Lucca;26;1719;1693;1,51;26;0;0;0;0;0;2021-03-05T18:33:29+00:00;2021-06-25T09:41:57+00:00;https://www.openstreetmap.org/user/France_Lucca
268;133562;Ataro;25;25;0;100,00;0;3;3;3;1;15;2022-04-01T18:54:41+00:00;2026-08-26T10:08:43+00:00;https://www.openstreetmap.org/user/Ataro
269;1125851;SandroB;25;763;738;3,28;0;0;0;25;0;0;2024-04-25T15:13:51+00:00;2024-05-26T11:27:08+00:00;https://www.openstreetmap.org/user/SandroB
270;7037875;franco_pi;25;428;403;5,84;0;0;0;0;25;0;2025-09-10T16:45:05+00:00;2025-09-13T18:18:15+00:00;https://www.openstreetmap.org/user/franco_pi
271;8371994;Giovanni Iannone;25;26;1;96,15;0;0;0;0;25;0;2025-02-22T11:04:21+00:00;2025-07-03T06:29:24+00:00;https://www.openstreetmap.org/user/Giovanni%20Iannone
272;22732603;Anesa Halilovic;25;25;0;100,00;0;0;0;0;25;0;2025-04-10T11:42:28+00:00;2025-04-10T13:57:09+00:00;https://www.openstreetmap.org/user/Anesa%20Halilovic
273;23832732;Pit-_-;25;27;2;92,59;0;0;0;0;0;25;2026-02-17T08:52:31+00:00;2026-05-04T09:32:17+00:00;https://www.openstreetmap.org/user/Pit-_-
274;5330364;GabriRuflex;24;38;14;63,16;2;18;0;0;4;0;2021-04-11T08:56:58+00:00;2025-11-23T09:04:10+00:00;https://www.openstreetmap.org/user/GabriRuflex
275;7127944;Qvalcvno;24;24;0;100,00;24;0;0;0;0;0;2021-11-13T10:33:34+00:00;2021-11-16T00:28:27+00:00;https://www.openstreetmap.org/user/Qvalcvno
276;8534318;JDu7;24;786;762;3,05;0;24;0;0;0;0;2022-07-08T07:22:07+00:00;2022-08-13T14:32:57+00:00;https://www.openstreetmap.org/user/JDu7
277;14487468;aklopau_kontur;24;1457;1433;1,65;0;24;0;0;0;0;2022-03-14T20:21:07+00:00;2022-03-16T13:15:34+00:00;https://www.openstreetmap.org/user/aklopau_kontur
278;20685598;aldus12;24;27;3;88,89;0;0;12;6;3;3;2023-12-18T12:12:51+00:00;2026-04-30T12:50:21+00:00;https://www.openstreetmap.org/user/aldus12
279;22409706;Steve Pizzati;24;274;250;8,76;0;0;0;0;23;1;2025-06-05T04:58:44+00:00;2026-05-19T02:39:54+00:00;https://www.openstreetmap.org/user/Steve%20Pizzati
280;712033;lgsp0;23;736;713;3,12;0;0;0;0;23;0;2025-09-09T08:27:19+00:00;2025-09-24T14:57:43+00:00;https://www.openstreetmap.org/user/lgsp0
281;2101989;gallenblog;23;431;408;5,34;0;0;0;23;0;0;2024-08-06T12:06:22+00:00;2024-08-16T08:27:44+00:00;https://www.openstreetmap.org/user/gallenblog
282;7527695;usbe;23;953;930;2,41;20;3;0;0;0;0;2021-02-22T15:58:53+00:00;2022-12-30T19:21:33+00:00;https://www.openstreetmap.org/user/usbe
283;17483894;MBiscotto;23;23;0;100,00;0;13;1;6;2;1;2022-10-25T13:41:49+00:00;2026-04-09T08:39:49+00:00;https://www.openstreetmap.org/user/MBiscotto
284;23832711;santa222;23;32;9;71,88;0;0;0;0;0;23;2026-02-16T22:31:28+00:00;2026-05-04T09:03:39+00:00;https://www.openstreetmap.org/user/santa222
285;412293;Federico Silvio;22;1476;1454;1,49;0;16;0;0;6;0;2022-08-24T16:28:23+00:00;2025-08-16T06:48:20+00:00;https://www.openstreetmap.org/user/Federico%20Silvio
286;719795;drazde;22;5960;5938;0,37;0;0;1;21;0;0;2023-06-07T17:07:30+00:00;2024-12-14T09:58:47+00:00;https://www.openstreetmap.org/user/drazde
287;10763098;OSEHb;22;883;861;2,49;22;0;0;0;0;0;2021-06-02T12:00:11+00:00;2021-06-11T13:25:42+00:00;https://www.openstreetmap.org/user/OSEHb
288;12191123;barbaralu;22;316;294;6,96;0;0;0;22;0;0;2024-08-02T17:36:00+00:00;2024-08-03T10:41:50+00:00;https://www.openstreetmap.org/user/barbaralu
289;13920670;ottanium;22;5935;5913;0,37;0;19;1;2;0;0;2022-01-30T17:50:41+00:00;2024-06-01T10:42:31+00:00;https://www.openstreetmap.org/user/ottanium
290;15458791;BR_pebble;22;26744;26722;0,08;0;10;0;3;9;0;2022-06-07T03:56:14+00:00;2025-05-21T06:47:25+00:00;https://www.openstreetmap.org/user/BR_pebble
291;17280586;Shre_WD;22;15680;15658;0,14;0;0;0;0;0;22;2026-08-07T13:20:23+00:00;2026-08-10T12:02:40+00:00;https://www.openstreetmap.org/user/Shre_WD
292;22263136;Jobert Koomans;22;22;0;100,00;0;0;0;0;22;0;2025-07-13T13:37:56+00:00;2025-07-19T08:41:03+00:00;https://www.openstreetmap.org/user/Jobert%20Koomans
293;23862581;Regno92;22;195;173;11,28;0;0;0;0;0;22;2026-03-01T16:13:32+00:00;2026-03-02T14:09:00+00:00;https://www.openstreetmap.org/user/Regno92
294;4443533;MaestroGlanz;21;2904;2883;0,72;0;0;21;0;0;0;2023-05-05T08:23:24+00:00;2023-05-19T14:35:58+00:00;https://www.openstreetmap.org/user/MaestroGlanz
295;12309728;Emanuele Manco;21;141;120;14,89;0;21;0;0;0;0;2022-05-20T14:52:34+00:00;2022-05-30T06:47:18+00:00;https://www.openstreetmap.org/user/Emanuele%20Manco
296;14728745;Sammamish;21;6243;6222;0,34;0;1;0;0;20;0;2022-06-15T06:54:07+00:00;2025-05-21T07:31:36+00:00;https://www.openstreetmap.org/user/Sammamish
297;18452174;Chiarant;21;855;834;2,46;0;0;4;11;6;0;2023-04-05T15:30:22+00:00;2025-09-17T13:07:45+00:00;https://www.openstreetmap.org/user/Chiarant
298;554973;dgitto;20;1401;1381;1,43;12;5;0;1;2;0;2021-05-15T06:24:11+00:00;2025-03-22T07:50:16+00:00;https://www.openstreetmap.org/user/dgitto
299;1811170;ettore marchetti;20;23;3;86,96;8;0;1;11;0;0;2021-02-19T20:10:35+00:00;2024-06-25T19:44:01+00:00;https://www.openstreetmap.org/user/ettore%20marchetti
300;2976645;Jrachi;20;6175;6155;0,32;0;0;1;10;5;4;2023-08-19T12:30:47+00:00;2026-08-02T07:58:30+00:00;https://www.openstreetmap.org/user/Jrachi
301;3199858;Mateusz Konieczny - bot account;20;64113;64093;0,03;3;0;6;1;4;6;2021-02-18T11:12:13+00:00;2026-09-26T09:59:32+00:00;https://www.openstreetmap.org/user/Mateusz%20Konieczny%20-%20bot%20account
302;10047647;dxmann;20;27;7;74,07;0;0;0;0;0;20;2026-04-29T06:50:44+00:00;2026-05-12T15:23:27+00:00;https://www.openstreetmap.org/user/dxmann
303;10431996;LiDaGiu;20;32;12;62,50;0;0;0;0;0;20;2026-08-22T13:23:04+00:00;2026-09-14T17:17:55+00:00;https://www.openstreetmap.org/user/LiDaGiu
304;12640745;semrs1;20;293;273;6,83;0;20;0;0;0;0;2022-01-26T19:15:22+00:00;2022-01-28T14:02:49+00:00;https://www.openstreetmap.org/user/semrs1
305;21321497;FedericoCrine;20;23;3;86,96;0;0;0;0;0;20;2026-03-02T18:20:40+00:00;2026-03-23T09:59:54+00:00;https://www.openstreetmap.org/user/FedericoCrine
306;21433506;Francesco Casoni;20;20;0;100,00;0;0;0;18;0;2;2024-05-06T15:24:05+00:00;2026-07-09T07:45:53+00:00;https://www.openstreetmap.org/user/Francesco%20Casoni
307;21771443;simone-viozzi;20;31;11;64,52;0;0;0;4;16;0;2024-07-20T13:23:57+00:00;2025-08-13T15:04:19+00:00;https://www.openstreetmap.org/user/simone-viozzi
308;22732610;Gopi Battineni;20;20;0;100,00;0;0;0;0;20;0;2025-04-10T13:30:19+00:00;2025-04-10T13:47:05+00:00;https://www.openstreetmap.org/user/Gopi%20Battineni
309;23832716;ga gasparri;20;30;10;66,67;0;0;0;0;0;20;2026-03-16T10:14:39+00:00;2026-05-26T07:28:43+00:00;https://www.openstreetmap.org/user/ga%20gasparri
310;5359;user_5359;19;42381;42362;0,04;7;3;4;0;4;1;2021-01-18T18:07:32+00:00;2026-09-19T11:56:28+00:00;https://www.openstreetmap.org/user/user_5359
311;66965;urk;19;12222;12203;0,16;0;0;0;0;19;0;2025-04-29T12:21:09+00:00;2025-06-10T15:24:12+00:00;https://www.openstreetmap.org/user/urk
312;478872;mcheck;19;2090;2071;0,91;19;0;0;0;0;0;2021-01-18T21:12:21+00:00;2021-04-02T00:02:59+00:00;https://www.openstreetmap.org/user/mcheck
313;3109200;massimo palmieri;19;19;0;100,00;0;19;0;0;0;0;2022-08-06T14:33:41+00:00;2022-08-20T18:11:11+00:00;https://www.openstreetmap.org/user/massimo%20palmieri
314;10893865;Emanuele Lorenzo Corti;19;3954;3935;0,48;0;19;0;0;0;0;2022-07-15T18:41:16+00:00;2022-07-20T14:12:11+00:00;https://www.openstreetmap.org/user/Emanuele%20Lorenzo%20Corti
315;11066330;faan11;19;19;0;100,00;19;0;0;0;0;0;2021-09-01T16:21:11+00:00;2021-11-26T10:17:45+00:00;https://www.openstreetmap.org/user/faan11
316;14626354;DavideSpaletra;19;72;53;26,39;0;19;0;0;0;0;2022-06-30T14:15:32+00:00;2022-07-01T08:02:41+00:00;https://www.openstreetmap.org/user/DavideSpaletra
317;15228959;Corte_;19;19;0;100,00;0;19;0;0;0;0;2022-03-04T11:30:05+00:00;2022-03-05T11:03:37+00:00;https://www.openstreetmap.org/user/Corte_
318;19075609;riccardo omiccioli;19;22;3;86,36;0;0;3;13;0;3;2023-09-22T14:46:21+00:00;2026-07-04T13:36:03+00:00;https://www.openstreetmap.org/user/riccardo%20omiccioli
319;23832717;ANTOHH;19;25;6;76,00;0;0;0;0;0;19;2026-04-13T09:16:13+00:00;2026-05-26T19:42:51+00:00;https://www.openstreetmap.org/user/ANTOHH
320;196617;demetrio_m;18;50072;50054;0,04;0;0;2;0;16;0;2023-11-28T18:17:59+00:00;2025-06-02T14:29:46+00:00;https://www.openstreetmap.org/user/demetrio_m
321;322785;BCNorwich;18;47133;47115;0,04;0;0;0;0;16;2;2025-10-13T08:06:10+00:00;2026-06-29T09:10:43+00:00;https://www.openstreetmap.org/user/BCNorwich
322;1902578;mingo23;18;1151;1133;1,56;0;4;3;0;11;0;2022-09-19T07:33:34+00:00;2025-12-20T09:08:53+00:00;https://www.openstreetmap.org/user/mingo23
323;5408794;miclam60;18;774;756;2,33;0;0;0;0;8;10;2025-09-05T15:22:36+00:00;2026-08-26T10:19:39+00:00;https://www.openstreetmap.org/user/miclam60
324;9466404;bene_vanni;18;130;112;13,85;0;0;0;0;0;18;2026-04-20T12:32:15+00:00;2026-04-20T14:30:13+00:00;https://www.openstreetmap.org/user/bene_vanni
325;10396321;saunter;18;4000;3982;0,45;0;0;18;0;0;0;2023-05-02T15:04:00+00:00;2023-07-14T17:29:40+00:00;https://www.openstreetmap.org/user/saunter
326;17445709;Assadermanassa;18;18;0;100,00;0;4;0;13;1;0;2022-10-20T21:46:37+00:00;2025-01-04T03:40:41+00:00;https://www.openstreetmap.org/user/Assadermanassa
327;18530380;fschlaich;18;1107;1089;1,63;0;0;0;18;0;0;2024-09-04T20:28:04+00:00;2024-09-11T13:27:17+00:00;https://www.openstreetmap.org/user/fschlaich
328;19199876;harisont;18;981;963;1,83;0;0;0;0;18;0;2025-06-23T20:41:16+00:00;2025-06-25T11:14:02+00:00;https://www.openstreetmap.org/user/harisont
329;20630622;scati;18;399;381;4,51;0;0;0;4;10;4;2024-07-29T10:23:30+00:00;2026-09-21T14:07:05+00:00;https://www.openstreetmap.org/user/scati
330;23832747;_basii;18;20;2;90,00;0;0;0;0;0;18;2026-02-24T08:26:41+00:00;2026-05-19T14:20:29+00:00;https://www.openstreetmap.org/user/_basii
331;24116052;Gilberto Ficara;18;18;0;100,00;0;0;0;0;0;18;2026-05-10T15:39:48+00:00;2026-09-25T16:46:55+00:00;https://www.openstreetmap.org/user/Gilberto%20Ficara
332;3286661;LorenzoBassi_SICAI_Team;17;3498;3481;0,49;3;0;0;12;2;0;2021-06-22T14:05:22+00:00;2025-09-24T07:19:44+00:00;https://www.openstreetmap.org/user/LorenzoBassi_SICAI_Team
333;3396329;djsip;17;22;5;77,27;0;0;1;1;6;9;2023-03-12T15:09:05+00:00;2026-04-17T20:36:46+00:00;https://www.openstreetmap.org/user/djsip
334;4624362;marchemap;17;21;4;80,95;0;4;7;0;3;3;2022-09-17T06:51:50+00:00;2026-09-08T07:38:06+00:00;https://www.openstreetmap.org/user/marchemap
335;6269039;giocomai;17;3386;3369;0,50;5;4;8;0;0;0;2021-09-01T12:35:29+00:00;2023-06-22T13:10:23+00:00;https://www.openstreetmap.org/user/giocomai
336;12657122;tommasoamici;17;81;64;20,99;0;0;0;17;0;0;2024-09-01T07:45:18+00:00;2024-09-02T12:53:34+00:00;https://www.openstreetmap.org/user/tommasoamici
337;14874072;cri_cri58;17;17;0;100,00;0;0;0;15;2;0;2024-03-23T19:17:23+00:00;2025-05-25T18:54:58+00:00;https://www.openstreetmap.org/user/cri_cri58
338;14955996;Sanselmi;17;18;1;94,44;0;17;0;0;0;0;2022-01-27T17:19:25+00:00;2022-06-20T20:39:43+00:00;https://www.openstreetmap.org/user/Sanselmi
339;15383363;marcovannu;17;18;1;94,44;0;2;15;0;0;0;2022-03-22T18:56:53+00:00;2023-08-10T11:13:48+00:00;https://www.openstreetmap.org/user/marcovannu
340;16124154;riccardot87;17;17;0;100,00;0;1;7;0;9;0;2022-05-28T16:44:41+00:00;2025-08-26T17:30:28+00:00;https://www.openstreetmap.org/user/riccardot87
341;17280926;Pan_Nug;17;20452;20435;0,08;0;0;0;0;0;17;2026-04-29T09:07:26+00:00;2026-09-03T09:31:47+00:00;https://www.openstreetmap.org/user/Pan_Nug
342;20950951;Alfoanto02;17;30;13;56,67;0;0;0;15;2;0;2024-10-18T09:25:38+00:00;2025-01-06T18:49:34+00:00;https://www.openstreetmap.org/user/Alfoanto02
343;23829075;EmanueleDiGiacomo;17;27;10;62,96;0;0;0;0;0;17;2026-02-15T10:36:53+00:00;2026-02-28T15:25:04+00:00;https://www.openstreetmap.org/user/EmanueleDiGiacomo
344;23832737;dadograss;17;26;9;65,38;0;0;0;0;0;17;2026-03-30T08:25:26+00:00;2026-05-04T09:23:10+00:00;https://www.openstreetmap.org/user/dadograss
345;1288;Niels Elgaard Larsen;16;34957;34941;0,05;0;0;0;8;8;0;2024-03-27T13:24:42+00:00;2025-11-05T00:37:45+00:00;https://www.openstreetmap.org/user/Niels%20Elgaard%20Larsen
346;341486;Netdiver;16;16;0;100,00;14;0;2;0;0;0;2021-02-04T10:07:25+00:00;2023-08-21T11:40:48+00:00;https://www.openstreetmap.org/user/Netdiver
347;677188;Riccardo Galli;16;114;98;14,04;5;11;0;0;0;0;2021-03-27T09:21:48+00:00;2022-09-18T09:46:18+00:00;https://www.openstreetmap.org/user/Riccardo%20Galli
348;1983103;Jorisbo;16;39970;39954;0,04;7;3;0;4;0;2;2021-03-06T18:25:47+00:00;2026-03-24T17:20:55+00:00;https://www.openstreetmap.org/user/Jorisbo
349;9616185;LukeDH;16;642;626;2,49;0;0;0;11;5;0;2024-03-27T09:23:23+00:00;2025-08-13T08:15:28+00:00;https://www.openstreetmap.org/user/LukeDH
350;10826016;TheErJv;16;16;0;100,00;8;7;1;0;0;0;2021-01-08T12:43:15+00:00;2023-09-04T17:27:30+00:00;https://www.openstreetmap.org/user/TheErJv
351;10854013;laflormaria;16;66;50;24,24;0;0;0;0;16;0;2025-09-10T16:43:04+00:00;2025-09-13T17:07:51+00:00;https://www.openstreetmap.org/user/laflormaria
352;11570665;C_Matteo;16;16;0;100,00;0;16;0;0;0;0;2022-10-25T15:22:06+00:00;2022-10-29T06:21:55+00:00;https://www.openstreetmap.org/user/C_Matteo
353;13557670;Joebe;16;135;119;11,85;5;11;0;0;0;0;2021-11-18T12:51:32+00:00;2022-05-11T15:16:13+00:00;https://www.openstreetmap.org/user/Joebe
354;13789533;Pie_Editor;16;212;196;7,55;13;3;0;0;0;0;2021-08-07T13:32:49+00:00;2022-08-24T15:38:26+00:00;https://www.openstreetmap.org/user/Pie_Editor
355;14152900;Gianfranco De Rose;16;1108;1092;1,44;0;0;0;16;0;0;2024-05-20T10:58:32+00:00;2024-05-20T12:59:39+00:00;https://www.openstreetmap.org/user/Gianfranco%20De%20Rose
356;15625820;jarod82;16;16;0;100,00;0;16;0;0;0;0;2022-04-19T08:52:57+00:00;2022-04-25T19:12:56+00:00;https://www.openstreetmap.org/user/jarod82
357;18038465;pboscherini;16;3603;3587;0,44;0;0;16;0;0;0;2023-02-07T11:39:53+00:00;2023-09-04T11:25:47+00:00;https://www.openstreetmap.org/user/pboscherini
358;20089169;lobisquit;16;80;64;20,00;0;0;0;16;0;0;2024-07-18T18:02:05+00:00;2024-07-19T15:01:06+00:00;https://www.openstreetmap.org/user/lobisquit
359;21903060;danieleesatrail;16;17;1;94,12;0;0;0;9;7;0;2024-09-02T15:10:01+00:00;2025-05-05T14:57:50+00:00;https://www.openstreetmap.org/user/danieleesatrail
360;22295445;Thorbjørn Lindeijer;16;186;170;8,60;0;0;0;0;0;16;2026-07-29T16:58:16+00:00;2026-08-05T12:43:01+00:00;https://www.openstreetmap.org/user/Thorbj%C3%B8rn%20Lindeijer
361;22732625;Vanessa Chicchon Vasquez;16;16;0;100,00;0;0;0;0;16;0;2025-04-10T13:38:51+00:00;2025-04-10T14:02:27+00:00;https://www.openstreetmap.org/user/Vanessa%20Chicchon%20Vasquez
362;22909472;Milziade;16;976;960;1,64;0;0;0;0;15;1;2025-06-23T13:58:18+00:00;2026-08-04T08:58:37+00:00;https://www.openstreetmap.org/user/Milziade
363;23717762;Frugopondo;16;69;53;23,19;0;0;0;0;0;16;2026-07-26T07:08:32+00:00;2026-07-26T07:37:58+00:00;https://www.openstreetmap.org/user/Frugopondo
364;23957795;Maro314o;16;133;117;12,03;0;0;0;0;0;16;2026-07-27T17:49:05+00:00;2026-08-01T10:40:41+00:00;https://www.openstreetmap.org/user/Maro314o
365;454306;dega180;15;695;680;2,16;1;0;1;2;10;1;2021-08-25T11:20:35+00:00;2026-07-28T08:20:25+00:00;https://www.openstreetmap.org/user/dega180
366;602784;fedc;15;4532;4517;0,33;2;4;0;7;2;0;2021-10-28T12:58:14+00:00;2025-05-01T16:45:53+00:00;https://www.openstreetmap.org/user/fedc
367;1014350;+georgios+;15;19;4;78,95;0;15;0;0;0;0;2022-01-02T20:09:37+00:00;2022-03-21T20:19:03+00:00;https://www.openstreetmap.org/user/%2Bgeorgios%2B
368;4413023;realjep;15;2226;2211;0,67;6;8;0;0;0;1;2021-04-30T15:58:35+00:00;2026-02-02T13:36:17+00:00;https://www.openstreetmap.org/user/realjep
369;9433567;Stenux;15;155;140;9,68;0;0;0;0;0;15;2026-07-24T18:34:30+00:00;2026-07-25T07:41:01+00:00;https://www.openstreetmap.org/user/Stenux
370;11217457;write_the_map;15;20;5;75,00;4;11;0;0;0;0;2021-05-21T17:15:27+00:00;2022-03-22T19:37:06+00:00;https://www.openstreetmap.org/user/write_the_map
371;11299004;inlovewosm;15;29;14;51,72;5;0;4;6;0;0;2021-03-10T10:05:37+00:00;2024-07-25T06:49:43+00:00;https://www.openstreetmap.org/user/inlovewosm
372;11644547;Plaintelive;15;1587;1572;0,95;0;0;0;15;0;0;2024-01-05T16:17:24+00:00;2024-01-06T14:10:12+00:00;https://www.openstreetmap.org/user/Plaintelive
373;12985346;Alessandro Lepore;15;17;2;88,24;6;0;2;4;3;0;2021-04-02T12:46:20+00:00;2025-12-18T17:32:13+00:00;https://www.openstreetmap.org/user/Alessandro%20Lepore
374;13841144;Flamen_Sru;15;24040;24025;0,06;0;0;2;0;9;4;2023-08-29T12:14:58+00:00;2026-06-17T09:26:42+00:00;https://www.openstreetmap.org/user/Flamen_Sru
375;15484146;Antonio Angelozzi;15;85;70;17,65;0;14;0;0;1;0;2022-05-06T13:26:52+00:00;2025-01-25T23:48:54+00:00;https://www.openstreetmap.org/user/Antonio%20Angelozzi
376;17280203;Nature of Sal;15;102;87;14,71;0;0;15;0;0;0;2023-02-03T15:49:35+00:00;2023-05-25T12:05:23+00:00;https://www.openstreetmap.org/user/Nature%20of%20Sal
377;18439415;DamianoGhirardi;15;249;234;6,02;0;0;9;6;0;0;2023-07-13T09:15:22+00:00;2024-01-19T10:02:03+00:00;https://www.openstreetmap.org/user/DamianoGhirardi
378;18664193;Donaufelder;15;509;494;2,95;0;0;0;0;7;8;2025-08-06T13:28:31+00:00;2026-07-20T13:43:42+00:00;https://www.openstreetmap.org/user/Donaufelder
379;21174729;Chiara_Cintioni;15;15;0;100,00;0;0;0;15;0;0;2024-03-07T11:01:09+00:00;2024-03-07T14:08:29+00:00;https://www.openstreetmap.org/user/Chiara_Cintioni
380;22764359;bolsius;15;33;18;45,45;0;0;0;0;9;6;2025-04-18T13:54:50+00:00;2026-06-08T16:47:54+00:00;https://www.openstreetmap.org/user/bolsius
381;23354742;Aless Cerioni;15;28;13;53,57;0;0;0;0;14;1;2025-12-20T09:57:39+00:00;2026-01-01T11:47:51+00:00;https://www.openstreetmap.org/user/Aless%20Cerioni
382;66391;geozeisig;14;37634;37620;0,04;0;0;2;11;0;1;2023-02-27T07:32:22+00:00;2026-09-11T07:08:15+00:00;https://www.openstreetmap.org/user/geozeisig
383;380811;ThePhilemon;14;103;89;13,59;0;0;0;0;0;14;2026-09-05T14:43:09+00:00;2026-09-05T17:31:41+00:00;https://www.openstreetmap.org/user/ThePhilemon
384;2898171;GeoFrizz;14;345;331;4,06;0;14;0;0;0;0;2022-09-17T09:53:24+00:00;2022-09-18T14:53:38+00:00;https://www.openstreetmap.org/user/GeoFrizz
385;3432108;bigio;14;14;0;100,00;12;1;1;0;0;0;2021-07-18T07:02:42+00:00;2023-12-15T07:53:24+00:00;https://www.openstreetmap.org/user/bigio
386;5701090;Olly1240;14;104;90;13,46;0;0;1;10;3;0;2023-08-31T20:14:10+00:00;2025-04-23T14:40:41+00:00;https://www.openstreetmap.org/user/Olly1240
387;8612892;Cetereos;14;32;18;43,75;0;0;0;0;14;0;2025-04-22T20:26:16+00:00;2025-04-30T16:30:37+00:00;https://www.openstreetmap.org/user/Cetereos
388;11446690;Marethyu;14;26;12;53,85;0;1;0;10;3;0;2022-12-28T13:36:15+00:00;2025-10-18T13:19:50+00:00;https://www.openstreetmap.org/user/Marethyu
389;12215863;ItaloC;14;18;4;77,78;14;0;0;0;0;0;2021-01-20T22:21:19+00:00;2021-07-29T05:27:33+00:00;https://www.openstreetmap.org/user/ItaloC
390;12809908;darchway;14;14;0;100,00;14;0;0;0;0;0;2021-03-08T18:39:59+00:00;2021-03-15T20:52:44+00:00;https://www.openstreetmap.org/user/darchway
391;17171739;mattymatty76;14;15;1;93,33;0;7;7;0;0;0;2022-09-19T06:21:30+00:00;2023-06-06T12:30:52+00:00;https://www.openstreetmap.org/user/mattymatty76
392;19461905;Belagund;14;565;551;2,48;0;0;1;10;3;0;2023-08-22T18:37:36+00:00;2025-08-21T13:50:33+00:00;https://www.openstreetmap.org/user/Belagund
393;19875860;anonimo10291;14;38;24;36,84;0;0;14;0;0;0;2023-07-15T18:06:42+00:00;2023-12-20T16:27:15+00:00;https://www.openstreetmap.org/user/anonimo10291
394;20394671;vladislav471yakovlev;14;2997;2983;0,47;0;0;0;14;0;0;2024-07-23T06:40:46+00:00;2024-12-20T14:09:09+00:00;https://www.openstreetmap.org/user/vladislav471yakovlev
395;23337701;NikoAuso;14;16;2;87,50;0;0;0;0;10;4;2025-09-27T14:25:03+00:00;2026-01-05T22:22:05+00:00;https://www.openstreetmap.org/user/NikoAuso
396;24037717;pepi2030;14;20;6;70,00;0;0;0;0;0;14;2026-05-24T09:55:51+00:00;2026-05-26T07:52:29+00:00;https://www.openstreetmap.org/user/pepi2030
397;54561;jacopogg83;13;164;151;7,93;0;0;0;0;0;13;2026-07-03T16:56:39+00:00;2026-07-07T11:46:52+00:00;https://www.openstreetmap.org/user/jacopogg83
398;257767;mau59;13;5063;5050;0,26;0;13;0;0;0;0;2022-06-12T11:01:10+00:00;2022-06-15T14:49:09+00:00;https://www.openstreetmap.org/user/mau59
399;273212;Jakub Trojan;13;7532;7519;0,17;0;0;13;0;0;0;2023-07-07T12:04:07+00:00;2023-07-10T19:25:17+00:00;https://www.openstreetmap.org/user/Jakub%20Trojan
400;730682;Max1234-ITA;13;3364;3351;0,39;0;2;0;0;11;0;2022-09-19T12:46:00+00:00;2025-09-11T22:38:40+00:00;https://www.openstreetmap.org/user/Max1234-ITA
401;1515627;AlbertCohen;13;6129;6116;0,21;0;0;0;13;0;0;2024-08-29T14:07:59+00:00;2024-09-09T17:30:30+00:00;https://www.openstreetmap.org/user/AlbertCohen
402;1720269;IlBano;13;4099;4086;0,32;2;4;7;0;0;0;2021-04-05T15:50:20+00:00;2023-08-13T14:50:01+00:00;https://www.openstreetmap.org/user/IlBano
403;2464108;la terrazza ancona;13;13;0;100,00;6;1;6;0;0;0;2021-02-10T19:12:23+00:00;2023-06-21T12:16:03+00:00;https://www.openstreetmap.org/user/la%20terrazza%20ancona
404;2753343;ilagps;13;17;4;76,47;3;4;0;4;2;0;2021-01-04T09:24:27+00:00;2025-07-12T11:08:39+00:00;https://www.openstreetmap.org/user/ilagps
405;6136738;osmmichl;13;2397;2384;0,54;0;0;12;0;1;0;2023-01-14T21:03:33+00:00;2025-03-09T16:25:12+00:00;https://www.openstreetmap.org/user/osmmichl
406;7522075;Rockedf;13;13221;13208;0,10;0;0;1;5;7;0;2023-11-09T12:14:44+00:00;2025-08-11T16:46:57+00:00;https://www.openstreetmap.org/user/Rockedf
407;9641379;Pan Perníček;13;10099;10086;0,13;1;8;2;2;0;0;2021-10-05T09:55:47+00:00;2024-11-19T13:38:08+00:00;https://www.openstreetmap.org/user/Pan%20Pern%C3%AD%C4%8Dek
408;11992032;homnia;13;2645;2632;0,49;0;0;7;0;0;6;2023-05-20T09:15:46+00:00;2026-06-11T06:30:53+00:00;https://www.openstreetmap.org/user/homnia
409;12264982;Aleg Surta;13;7900;7887;0,16;10;0;3;0;0;0;2021-06-16T06:37:12+00:00;2023-10-19T11:44:35+00:00;https://www.openstreetmap.org/user/Aleg%20Surta
410;12294600;alessandrocarmeli;13;8731;8718;0,15;5;2;3;1;2;0;2021-02-26T22:20:44+00:00;2025-11-03T16:29:51+00:00;https://www.openstreetmap.org/user/alessandrocarmeli
411;12893183;KVI0n;13;8985;8972;0,14;4;9;0;0;0;0;2021-08-30T08:43:46+00:00;2022-10-10T08:41:41+00:00;https://www.openstreetmap.org/user/KVI0n
412;14196641;enigammi;13;322;309;4,04;13;0;0;0;0;0;2021-09-28T18:32:57+00:00;2021-10-03T11:04:40+00:00;https://www.openstreetmap.org/user/enigammi
413;15458629;Spare_AK;13;2355;2342;0,55;0;13;0;0;0;0;2022-06-08T05:09:42+00:00;2022-06-10T10:48:56+00:00;https://www.openstreetmap.org/user/Spare_AK
414;15505392;dicaeffe;13;76;63;17,11;0;0;0;13;0;0;2024-11-02T16:34:54+00:00;2024-11-03T14:58:12+00:00;https://www.openstreetmap.org/user/dicaeffe
415;19159788;bmdsbmds;13;273;260;4,76;0;0;12;1;0;0;2023-05-16T07:33:00+00:00;2024-02-06T12:32:11+00:00;https://www.openstreetmap.org/user/bmdsbmds
416;19611513;Felix Wohlfrom;13;327;314;3,98;0;0;0;13;0;0;2024-09-10T15:01:47+00:00;2024-09-11T20:58:27+00:00;https://www.openstreetmap.org/user/Felix%20Wohlfrom
417;21269818;Flobestin;13;25;12;52,00;0;0;0;0;0;13;2026-08-31T09:58:21+00:00;2026-09-01T09:36:25+00:00;https://www.openstreetmap.org/user/Flobestin
418;22242779;notmyproblem1;13;3206;3193;0,41;0;0;0;0;13;0;2025-01-20T21:07:49+00:00;2025-11-09T15:15:01+00:00;https://www.openstreetmap.org/user/notmyproblem1
419;23836332;CoolCastle561;13;14;1;92,86;0;0;0;0;0;13;2026-04-28T07:37:02+00:00;2026-05-05T07:42:08+00:00;https://www.openstreetmap.org/user/CoolCastle561
420;26333;wiselynx;12;439;427;2,73;12;0;0;0;0;0;2021-04-28T19:18:46+00:00;2021-08-31T18:15:35+00:00;https://www.openstreetmap.org/user/wiselynx
421;74746;vogelfreier;12;23934;23922;0,05;0;0;0;12;0;0;2024-11-28T14:57:04+00:00;2024-11-28T16:32:37+00:00;https://www.openstreetmap.org/user/vogelfreier
422;177389;user_177389;12;19429;19417;0,06;2;4;1;5;0;0;2021-04-09T15:15:29+00:00;2024-09-23T16:42:09+00:00;https://www.openstreetmap.org/user/user_177389
423;400143;v_martyanov;12;21929;21917;0,05;0;0;0;12;0;0;2024-02-23T13:57:51+00:00;2024-05-19T14:08:20+00:00;https://www.openstreetmap.org/user/v_martyanov
424;4179361;Latisana992;12;1030;1018;1,17;0;0;0;0;12;0;2025-09-09T17:16:35+00:00;2025-09-24T13:59:21+00:00;https://www.openstreetmap.org/user/Latisana992
425;4292387;Jaller;12;2470;2458;0,49;0;12;0;0;0;0;2022-06-22T06:58:04+00:00;2022-06-23T16:11:07+00:00;https://www.openstreetmap.org/user/Jaller
426;5690600;TOPONOMASTICAMC;12;12;0;100,00;7;3;2;0;0;0;2021-04-22T10:28:30+00:00;2023-09-26T13:12:37+00:00;https://www.openstreetmap.org/user/TOPONOMASTICAMC
427;8460117;curt1us;12;1005;993;1,19;12;0;0;0;0;0;2021-03-06T20:41:32+00:00;2021-06-01T23:32:42+00:00;https://www.openstreetmap.org/user/curt1us
428;10058689;stefano savelli;12;12;0;100,00;12;0;0;0;0;0;2021-09-10T13:52:10+00:00;2021-09-10T14:04:47+00:00;https://www.openstreetmap.org/user/stefano%20savelli
429;12531617;Gior7;12;6331;6319;0,19;0;12;0;0;0;0;2022-09-25T09:00:07+00:00;2022-11-16T10:53:17+00:00;https://www.openstreetmap.org/user/Gior7
430;14727368;A_dige;12;4390;4378;0,27;0;12;0;0;0;0;2022-06-09T05:01:25+00:00;2022-09-26T11:20:24+00:00;https://www.openstreetmap.org/user/A_dige
431;18230056;AwFi;12;2590;2578;0,46;0;0;0;0;9;3;2025-08-04T17:48:40+00:00;2026-05-01T20:07:44+00:00;https://www.openstreetmap.org/user/AwFi
432;18243212;Vera_D;12;2329;2317;0,52;0;0;12;0;0;0;2023-02-17T14:08:04+00:00;2023-02-20T11:43:34+00:00;https://www.openstreetmap.org/user/Vera_D
433;19648411;smezio;12;13;1;92,31;0;0;12;0;0;0;2023-06-26T14:22:45+00:00;2023-06-29T19:09:45+00:00;https://www.openstreetmap.org/user/smezio
434;20415342;Giuanne9;12;12;0;100,00;0;0;12;0;0;0;2023-10-09T15:02:18+00:00;2023-10-18T11:11:25+00:00;https://www.openstreetmap.org/user/Giuanne9
435;20415418;Gorger;12;17496;17484;0,07;0;0;0;0;1;11;2025-11-13T09:59:19+00:00;2026-08-11T13:51:50+00:00;https://www.openstreetmap.org/user/Gorger
436;21174905;mb097475;12;12;0;100,00;0;0;0;12;0;0;2024-03-07T11:00:44+00:00;2024-03-07T11:33:53+00:00;https://www.openstreetmap.org/user/mb097475
437;21175203;AlexDicy;12;12;0;100,00;0;0;0;12;0;0;2024-03-07T10:49:24+00:00;2024-03-07T11:44:51+00:00;https://www.openstreetmap.org/user/AlexDicy
438;21727059;AlexRacci;12;16;4;75,00;0;0;0;0;0;12;2026-01-19T12:47:54+00:00;2026-02-01T10:22:04+00:00;https://www.openstreetmap.org/user/AlexRacci
439;22159855;Aionna;12;13;1;92,31;0;0;0;0;11;1;2025-12-02T09:52:37+00:00;2026-05-19T12:52:22+00:00;https://www.openstreetmap.org/user/Aionna
440;22528471;ArtemisiaDaniele;12;12;0;100,00;0;0;0;0;9;3;2025-02-17T22:23:05+00:00;2026-01-19T17:27:19+00:00;https://www.openstreetmap.org/user/ArtemisiaDaniele
441;24114259;Ludovico Latini;12;16;4;75,00;0;0;0;0;0;12;2026-05-09T17:12:27+00:00;2026-06-01T06:50:45+00:00;https://www.openstreetmap.org/user/Ludovico%20Latini
442;55980;gimicky;11;1713;1702;0,64;0;6;0;0;5;0;2022-10-07T13:28:37+00:00;2025-08-14T06:29:03+00:00;https://www.openstreetmap.org/user/gimicky
443;78377;masterX244;11;24;13;45,83;1;10;0;0;0;0;2021-08-23T16:14:09+00:00;2022-07-11T13:09:29+00:00;https://www.openstreetmap.org/user/masterX244
444;370729;Jan Olieslagers;11;4969;4958;0,22;6;3;0;2;0;0;2021-05-19T17:10:11+00:00;2024-02-29T11:50:15+00:00;https://www.openstreetmap.org/user/Jan%20Olieslagers
445;1096195;Dardy;11;2183;2172;0,50;0;11;0;0;0;0;2022-08-16T17:22:23+00:00;2022-08-16T19:32:19+00:00;https://www.openstreetmap.org/user/Dardy
446;2533093;carciofo;11;2191;2180;0,50;0;0;0;0;0;11;2026-08-24T16:40:44+00:00;2026-08-24T20:43:52+00:00;https://www.openstreetmap.org/user/carciofo
447;5589496;willisturm;11;22684;22673;0,05;11;0;0;0;0;0;2021-04-01T16:40:13+00:00;2021-04-17T10:18:06+00:00;https://www.openstreetmap.org/user/willisturm
448;6970233;Pete27;11;564;553;1,95;8;2;0;0;1;0;2021-08-24T10:46:03+00:00;2025-04-01T15:14:41+00:00;https://www.openstreetmap.org/user/Pete27
449;10243052;tartopom2;11;20;9;55,00;0;11;0;0;0;0;2022-07-30T12:39:46+00:00;2022-12-23T17:51:58+00:00;https://www.openstreetmap.org/user/tartopom2
450;11018790;VanVeen;11;11;0;100,00;11;0;0;0;0;0;2021-03-31T20:55:35+00:00;2021-04-03T16:21:48+00:00;https://www.openstreetmap.org/user/VanVeen
451;12083900;2-B;11;1132;1121;0,97;11;0;0;0;0;0;2021-11-05T13:54:32+00:00;2021-11-05T14:02:27+00:00;https://www.openstreetmap.org/user/2-B
452;12409659;Pollastro99;11;618;607;1,78;0;11;0;0;0;0;2022-08-10T14:25:58+00:00;2022-08-10T15:49:08+00:00;https://www.openstreetmap.org/user/Pollastro99
453;13342981;Marco Paone;11;12;1;91,67;8;0;3;0;0;0;2021-05-23T17:10:03+00:00;2023-01-18T18:15:02+00:00;https://www.openstreetmap.org/user/Marco%20Paone
454;14287237;RivalgoAV;11;754;743;1,46;2;2;0;1;1;5;2021-11-07T14:16:54+00:00;2026-09-03T15:44:40+00:00;https://www.openstreetmap.org/user/RivalgoAV
455;16235068;Lars Vierbergen;11;22;11;50,00;0;11;0;0;0;0;2022-06-09T06:33:56+00:00;2022-06-27T08:45:08+00:00;https://www.openstreetmap.org/user/Lars%20Vierbergen
456;18416863;Anton_Klebanovich;11;17168;17157;0,06;0;0;7;2;1;1;2023-05-22T14:47:28+00:00;2026-03-25T15:26:18+00:00;https://www.openstreetmap.org/user/Anton_Klebanovich
457;19640575;dspina72;11;11;0;100,00;0;0;11;0;0;0;2023-06-21T08:11:55+00:00;2023-07-08T17:19:25+00:00;https://www.openstreetmap.org/user/dspina72
458;20432920;Metauro;11;17822;17811;0,06;0;0;0;8;0;3;2024-10-17T06:26:29+00:00;2026-04-23T10:34:53+00:00;https://www.openstreetmap.org/user/Metauro
459;20548888;Sergio Martelli;11;14;3;78,57;0;0;5;6;0;0;2023-11-04T17:21:27+00:00;2024-01-05T06:46:53+00:00;https://www.openstreetmap.org/user/Sergio%20Martelli
460;22674326;oh_pyt;11;12;1;91,67;0;0;0;0;10;1;2025-05-02T15:25:35+00:00;2026-01-13T00:09:17+00:00;https://www.openstreetmap.org/user/oh_pyt
461;22732601;Bakir3;11;11;0;100,00;0;0;0;0;11;0;2025-04-10T13:33:00+00:00;2025-04-10T13:53:18+00:00;https://www.openstreetmap.org/user/Bakir3
462;68540;paracetamolo;10;144;134;6,94;4;0;5;1;0;0;2021-01-02T15:05:32+00:00;2024-07-29T12:46:14+00:00;https://www.openstreetmap.org/user/paracetamolo
463;129060;Klenje;10;5206;5196;0,19;0;10;0;0;0;0;2022-08-28T14:12:24+00:00;2022-09-22T11:02:52+00:00;https://www.openstreetmap.org/user/Klenje
464;251543;ChrissW-R1;10;15250;15240;0,07;0;2;0;3;3;2;2022-06-15T11:25:00+00:00;2026-05-16T11:23:24+00:00;https://www.openstreetmap.org/user/ChrissW-R1
465;944876;servilius_ahala;10;3573;3563;0,28;2;0;3;3;2;0;2021-07-07T15:43:38+00:00;2025-06-21T21:54:19+00:00;https://www.openstreetmap.org/user/servilius_ahala
466;1069176;landfahrer;10;19134;19124;0,05;10;0;0;0;0;0;2021-04-07T10:01:08+00:00;2021-04-07T10:10:23+00:00;https://www.openstreetmap.org/user/landfahrer
467;3860151;Michele Aquilani;10;2767;2757;0,36;0;3;2;5;0;0;2022-09-24T08:13:28+00:00;2024-01-09T06:21:09+00:00;https://www.openstreetmap.org/user/Michele%20Aquilani
468;4075912;DavideSno;10;10;0;100,00;2;4;0;4;0;0;2021-05-12T09:21:36+00:00;2024-08-25T11:56:43+00:00;https://www.openstreetmap.org/user/DavideSno
469;8493663;fabfab38;10;696;686;1,44;0;0;0;4;6;0;2024-11-27T15:37:41+00:00;2025-07-29T07:22:42+00:00;https://www.openstreetmap.org/user/fabfab38
470;8781949;Antares73;10;902;892;1,11;0;10;0;0;0;0;2022-03-23T17:50:00+00:00;2022-04-08T21:24:01+00:00;https://www.openstreetmap.org/user/Antares73
471;12265621;wwunjo;10;3213;3203;0,31;10;0;0;0;0;0;2021-07-08T13:18:52+00:00;2021-09-19T18:54:03+00:00;https://www.openstreetmap.org/user/wwunjo
472;12329076;NonnaQuecia;10;10;0;100,00;10;0;0;0;0;0;2021-01-07T11:11:58+00:00;2021-01-18T09:41:52+00:00;https://www.openstreetmap.org/user/NonnaQuecia
473;12807368;Martin Walden;10;687;677;1,46;6;0;0;0;4;0;2021-03-22T08:52:19+00:00;2025-11-11T09:57:46+00:00;https://www.openstreetmap.org/user/Martin%20Walden
474;15276404;BjaPla;10;10;0;100,00;0;10;0;0;0;0;2022-03-09T21:05:36+00:00;2022-03-09T21:22:21+00:00;https://www.openstreetmap.org/user/BjaPla
475;16650598;frate79;10;11;1;90,91;0;10;0;0;0;0;2022-07-26T13:26:52+00:00;2022-07-26T13:38:19+00:00;https://www.openstreetmap.org/user/frate79
476;16680488;Pearpeearo;10;77;67;12,99;0;0;0;8;2;0;2024-07-09T08:25:58+00:00;2025-07-05T10:25:36+00:00;https://www.openstreetmap.org/user/Pearpeearo
477;20625479;Simone_ilpollo;10;79;69;12,66;0;0;0;9;1;0;2024-03-16T18:02:21+00:00;2025-10-05T17:02:00+00:00;https://www.openstreetmap.org/user/Simone_ilpollo
478;21051767;LCeresola;10;486;476;2,06;0;0;0;10;0;0;2024-06-07T18:24:53+00:00;2024-06-10T09:48:48+00:00;https://www.openstreetmap.org/user/LCeresola
479;21175007;GianlucaLanchini;10;10;0;100,00;0;0;0;10;0;0;2024-03-07T11:01:43+00:00;2024-03-07T11:40:35+00:00;https://www.openstreetmap.org/user/GianlucaLanchini
480;21434455;Angelo_ni;10;10;0;100,00;0;0;0;10;0;0;2024-05-06T17:24:02+00:00;2024-05-16T16:43:19+00:00;https://www.openstreetmap.org/user/Angelo_ni
481;21646218;giopera;10;3274;3264;0,31;0;0;0;0;0;10;2026-03-20T15:14:03+00:00;2026-09-25T10:47:56+00:00;https://www.openstreetmap.org/user/giopera
482;22266367;bbmc_GAE;10;795;785;1,26;0;0;0;0;9;1;2025-08-03T07:23:12+00:00;2026-01-01T13:25:45+00:00;https://www.openstreetmap.org/user/bbmc_GAE
483;22673427;Carlo Santini Comunicazione;10;10;0;100,00;0;0;0;0;8;2;2025-03-25T17:11:37+00:00;2026-02-17T15:46:52+00:00;https://www.openstreetmap.org/user/Carlo%20Santini%20Comunicazione
484;22732616;Esternn;10;10;0;100,00;0;0;0;0;10;0;2025-04-10T09:44:06+00:00;2025-04-10T13:58:44+00:00;https://www.openstreetmap.org/user/Esternn
485;23863900;Edino-plin-plin;10;13;3;76,92;0;0;0;0;0;10;2026-03-30T09:49:09+00:00;2026-05-11T19:20:56+00:00;https://www.openstreetmap.org/user/Edino-plin-plin
486;8339;mtmail;9;11314;11305;0,08;0;2;0;2;5;0;2022-08-20T16:31:03+00:00;2025-09-05T10:25:48+00:00;https://www.openstreetmap.org/user/mtmail
487;33407;Zaffo80;9;399;390;2,26;2;1;3;3;0;0;2021-04-08T21:52:19+00:00;2024-07-18T22:11:00+00:00;https://www.openstreetmap.org/user/Zaffo80
488;34088;Tri38;9;2454;2445;0,37;0;6;0;0;3;0;2022-01-31T08:26:29+00:00;2025-12-06T14:17:49+00:00;https://www.openstreetmap.org/user/Tri38
489;37791;Fradeve11;9;10264;10255;0,09;0;0;9;0;0;0;2023-07-21T13:37:49+00:00;2023-07-24T15:38:04+00:00;https://www.openstreetmap.org/user/Fradeve11
490;416478;giubar;9;4919;4910;0,18;1;0;0;6;2;0;2021-08-31T12:12:16+00:00;2025-05-11T19:08:45+00:00;https://www.openstreetmap.org/user/giubar
491;612312;Maredy;9;153;144;5,88;0;0;0;0;9;0;2025-04-23T08:31:45+00:00;2025-04-26T16:11:51+00:00;https://www.openstreetmap.org/user/Maredy
492;1261323;Pierfrancesco;9;9;0;100,00;2;1;1;0;0;5;2021-01-25T16:24:10+00:00;2026-05-25T13:26:30+00:00;https://www.openstreetmap.org/user/Pierfrancesco
493;1989686;sirleonheart89;9;9;0;100,00;0;0;0;0;0;9;2026-01-05T09:38:45+00:00;2026-01-20T21:48:58+00:00;https://www.openstreetmap.org/user/sirleonheart89
494;2108413;liamrocker;9;2814;2805;0,32;0;2;1;3;2;1;2022-03-13T16:08:19+00:00;2026-05-19T17:30:12+00:00;https://www.openstreetmap.org/user/liamrocker
495;3101280;gtfosm;9;229;220;3,93;0;9;0;0;0;0;2022-09-18T20:06:30+00:00;2022-09-19T13:28:05+00:00;https://www.openstreetmap.org/user/gtfosm
496;3383826;PaoLas;9;9;0;100,00;7;0;0;0;0;2;2021-01-31T08:38:29+00:00;2026-01-04T15:10:50+00:00;https://www.openstreetmap.org/user/PaoLas
497;3640738;Davide Albertini;9;9;0;100,00;0;8;0;0;0;1;2022-03-06T18:04:13+00:00;2026-06-09T14:44:20+00:00;https://www.openstreetmap.org/user/Davide%20Albertini
498;3665024;Alessandro Paoletti;9;9;0;100,00;0;0;0;0;9;0;2025-01-29T15:01:09+00:00;2025-01-30T18:40:13+00:00;https://www.openstreetmap.org/user/Alessandro%20Paoletti
499;6550856;andped;9;9;0;100,00;0;0;0;9;0;0;2024-04-28T13:06:59+00:00;2024-04-29T10:43:40+00:00;https://www.openstreetmap.org/user/andped
500;6794624;Comino;9;8169;8160;0,11;0;0;0;0;7;2;2025-05-12T19:38:35+00:00;2026-03-09T00:55:25+00:00;https://www.openstreetmap.org/user/Comino
501;8821717;CasGroenigen;9;15328;15319;0,06;0;0;0;1;0;8;2024-07-02T09:31:20+00:00;2026-07-01T22:35:46+00:00;https://www.openstreetmap.org/user/CasGroenigen
502;9098335;tapionx;9;9;0;100,00;9;0;0;0;0;0;2021-03-03T20:48:19+00:00;2021-05-25T15:07:22+00:00;https://www.openstreetmap.org/user/tapionx
503;12523329;BimBumBam;9;9;0;100,00;7;1;0;1;0;0;2021-01-21T13:49:42+00:00;2024-11-04T18:46:13+00:00;https://www.openstreetmap.org/user/BimBumBam
504;14328829;eli pala;9;9;0;100,00;9;0;0;0;0;0;2021-10-21T15:34:09+00:00;2021-11-02T20:01:30+00:00;https://www.openstreetmap.org/user/eli%20pala
505;14394078;Cristina Ciurlante;9;9;0;100,00;9;0;0;0;0;0;2021-11-21T17:00:10+00:00;2021-11-21T19:01:45+00:00;https://www.openstreetmap.org/user/Cristina%20Ciurlante
506;14471375;Mattia Pepe;9;9;0;100,00;9;0;0;0;0;0;2021-11-16T15:43:45+00:00;2021-11-21T19:13:31+00:00;https://www.openstreetmap.org/user/Mattia%20Pepe
507;14728681;Jebel_Hafeet;9;10749;10740;0,08;0;9;0;0;0;0;2022-06-08T05:38:15+00:00;2022-10-18T02:05:35+00:00;https://www.openstreetmap.org/user/Jebel_Hafeet
508;14728758;The_hazards;9;2304;2295;0,39;0;9;0;0;0;0;2022-06-07T09:00:08+00:00;2022-06-13T12:38:08+00:00;https://www.openstreetmap.org/user/The_hazards
509;14737946;VLD192;9;14731;14722;0,06;0;0;9;0;0;0;2023-09-28T19:35:48+00:00;2023-10-12T20:57:32+00:00;https://www.openstreetmap.org/user/VLD192
510;14922624;M-M_82;9;10;1;90,00;0;4;0;0;5;0;2022-02-05T17:08:27+00:00;2025-02-09T15:19:29+00:00;https://www.openstreetmap.org/user/M-M_82
511;15458704;TravetteR;9;2107;2098;0,43;0;9;0;0;0;0;2022-06-06T12:17:43+00:00;2022-06-09T05:05:07+00:00;https://www.openstreetmap.org/user/TravetteR
512;15458726;Swihail;9;26995;26986;0,03;0;8;0;0;0;1;2022-06-11T01:25:55+00:00;2026-06-09T13:23:31+00:00;https://www.openstreetmap.org/user/Swihail
513;15458800;NumisK;9;25245;25236;0,04;0;4;0;2;1;2;2022-06-08T06:16:59+00:00;2026-03-18T06:47:21+00:00;https://www.openstreetmap.org/user/NumisK
514;16146608;McCio;9;2639;2630;0,34;0;9;0;0;0;0;2022-09-17T10:17:57+00:00;2022-09-17T11:30:28+00:00;https://www.openstreetmap.org/user/McCio
515;16413147;fuligna stefano;9;9;0;100,00;0;4;2;0;2;1;2022-06-30T14:41:03+00:00;2026-09-10T07:11:58+00:00;https://www.openstreetmap.org/user/fuligna%20stefano
516;16694001;nonnomanu;9;14;5;64,29;0;7;2;0;0;0;2022-07-30T21:23:15+00:00;2023-06-27T13:02:24+00:00;https://www.openstreetmap.org/user/nonnomanu
517;17393437;pietrolombardo;9;177;168;5,08;0;0;0;8;1;0;2024-09-21T15:38:58+00:00;2025-08-16T11:04:15+00:00;https://www.openstreetmap.org/user/pietrolombardo
518;19211017;shifattest2;9;25;16;36,00;0;0;0;8;1;0;2024-10-04T08:52:12+00:00;2025-07-03T08:56:32+00:00;https://www.openstreetmap.org/user/shifattest2
519;21174047;sadly_aware;9;9;0;100,00;0;0;0;9;0;0;2024-03-07T10:51:37+00:00;2024-03-07T11:33:34+00:00;https://www.openstreetmap.org/user/sadly_aware
520;21174897;Andrea Cazzato;9;9;0;100,00;0;0;0;9;0;0;2024-03-07T10:53:39+00:00;2024-03-07T11:31:22+00:00;https://www.openstreetmap.org/user/Andrea%20Cazzato
521;21238254;Memole82;9;16;7;56,25;0;0;0;9;0;0;2024-03-24T19:58:12+00:00;2024-05-19T12:06:49+00:00;https://www.openstreetmap.org/user/Memole82
522;21864233;qwertzMA;9;5744;5735;0,16;0;0;0;0;9;0;2025-10-19T15:07:40+00:00;2025-10-26T08:54:27+00:00;https://www.openstreetmap.org/user/qwertzMA
523;22030291;HeChWa;9;17;8;52,94;0;0;0;0;9;0;2025-06-16T10:13:35+00:00;2025-06-16T10:43:18+00:00;https://www.openstreetmap.org/user/HeChWa
524;22073598;astom83;9;9;0;100,00;0;0;0;3;6;0;2024-10-16T10:43:53+00:00;2025-08-20T08:38:00+00:00;https://www.openstreetmap.org/user/astom83
525;23663733;GianlucaBelvedere;9;9;0;100,00;0;0;0;0;0;9;2026-01-01T19:25:16+00:00;2026-01-24T21:07:28+00:00;https://www.openstreetmap.org/user/GianlucaBelvedere
526;23928020;LeoLotus2407;9;85;76;10,59;0;0;0;0;0;9;2026-06-20T10:54:53+00:00;2026-07-02T11:58:24+00:00;https://www.openstreetmap.org/user/LeoLotus2407
527;251688;Molko;8;2179;2171;0,37;0;0;1;6;0;1;2023-09-01T20:46:11+00:00;2026-08-18T08:33:44+00:00;https://www.openstreetmap.org/user/Molko
528;473794;simoroc;8;8;0;100,00;2;3;3;0;0;0;2021-02-22T19:50:46+00:00;2023-05-12T22:08:19+00:00;https://www.openstreetmap.org/user/simoroc
529;481447;BTH;8;2036;2028;0,39;8;0;0;0;0;0;2021-05-08T20:35:52+00:00;2021-05-10T07:36:25+00:00;https://www.openstreetmap.org/user/BTH
530;513389;vegemap;8;1206;1198;0,66;0;0;0;0;8;0;2025-08-06T06:18:26+00:00;2025-08-26T08:19:45+00:00;https://www.openstreetmap.org/user/vegemap
531;525678;Ben9;8;59;51;13,56;0;0;0;0;7;1;2025-07-19T05:21:42+00:00;2026-02-02T06:05:24+00:00;https://www.openstreetmap.org/user/Ben9
532;557496;claudia10;8;12451;12443;0,06;0;0;0;7;1;0;2024-08-20T06:45:10+00:00;2025-08-04T11:41:51+00:00;https://www.openstreetmap.org/user/claudia10
533;1714220;luschi;8;5028;5020;0,16;0;1;7;0;0;0;2022-12-21T19:37:43+00:00;2023-02-20T17:41:34+00:00;https://www.openstreetmap.org/user/luschi
534;1751908;Blues Brothers;8;229;221;3,49;0;0;0;0;4;4;2025-09-09T14:18:26+00:00;2026-08-16T17:18:10+00:00;https://www.openstreetmap.org/user/Blues%20Brothers
535;3092246;manlio magnoni;8;9;1;88,89;0;0;1;2;0;5;2023-04-14T13:42:56+00:00;2026-07-28T07:58:38+00:00;https://www.openstreetmap.org/user/manlio%20magnoni
536;3861224;Bernard Delvaux;8;81;73;9,88;0;0;0;0;0;8;2026-05-10T08:38:35+00:00;2026-05-11T07:36:27+00:00;https://www.openstreetmap.org/user/Bernard%20Delvaux
537;6765127;Cristoffs;8;40563;40555;0,02;0;0;0;0;8;0;2025-04-19T10:58:59+00:00;2025-11-11T14:10:34+00:00;https://www.openstreetmap.org/user/Cristoffs
538;8545687;gbtest85;8;8;0;100,00;0;0;0;0;8;0;2025-03-20T20:55:32+00:00;2025-04-01T19:35:53+00:00;https://www.openstreetmap.org/user/gbtest85
539;9383353;LutherKopp;8;8;0;100,00;0;0;0;3;2;3;2024-04-24T23:00:34+00:00;2026-03-31T17:52:15+00:00;https://www.openstreetmap.org/user/LutherKopp
540;9497745;Andrea_hype;8;8;0;100,00;1;1;0;0;6;0;2021-04-03T13:45:05+00:00;2025-10-17T21:22:47+00:00;https://www.openstreetmap.org/user/Andrea_hype
541;9574218;n34s;8;127;119;6,30;7;1;0;0;0;0;2021-01-09T21:21:09+00:00;2022-11-28T03:48:35+00:00;https://www.openstreetmap.org/user/n34s
542;9659022;Pettisso;8;99;91;8,08;3;2;3;0;0;0;2021-05-31T09:36:03+00:00;2023-05-19T08:11:38+00:00;https://www.openstreetmap.org/user/Pettisso
543;10073688;Alby90;8;8;0;100,00;0;0;2;2;2;2;2023-10-25T07:07:15+00:00;2026-06-26T15:30:13+00:00;https://www.openstreetmap.org/user/Alby90
544;10183030;MapSpot;8;21619;21611;0,04;0;1;0;7;0;0;2022-07-29T20:40:02+00:00;2024-12-23T18:17:32+00:00;https://www.openstreetmap.org/user/MapSpot
545;11515391;witkoo;8;36669;36661;0,02;8;0;0;0;0;0;2021-09-16T13:32:11+00:00;2021-09-16T15:59:27+00:00;https://www.openstreetmap.org/user/witkoo
546;11773733;Keller7;8;10;2;80,00;0;0;4;1;2;1;2023-01-16T14:06:13+00:00;2026-06-04T08:41:43+00:00;https://www.openstreetmap.org/user/Keller7
547;11797874;Graziano Marchesani;8;8;0;100,00;8;0;0;0;0;0;2021-07-05T13:10:38+00:00;2021-10-06T10:45:24+00:00;https://www.openstreetmap.org/user/Graziano%20Marchesani
548;11978762;DzmitryBachkarou;8;2987;2979;0,27;8;0;0;0;0;0;2021-06-11T08:07:42+00:00;2021-06-12T13:12:29+00:00;https://www.openstreetmap.org/user/DzmitryBachkarou
549;12419411;Giovanni Scariati;8;8;0;100,00;8;0;0;0;0;0;2021-01-01T16:20:08+00:00;2021-05-12T09:58:52+00:00;https://www.openstreetmap.org/user/Giovanni%20Scariati
550;12458003;primocampo;8;8;0;100,00;8;0;0;0;0;0;2021-01-09T15:09:49+00:00;2021-01-10T13:34:59+00:00;https://www.openstreetmap.org/user/primocampo
551;12495047;Yan Bakhmat;8;3899;3891;0,21;0;0;5;0;3;0;2023-09-16T08:55:39+00:00;2025-07-17T18:59:26+00:00;https://www.openstreetmap.org/user/Yan%20Bakhmat
552;13261038;Ago1896;8;11;3;72,73;0;2;0;0;0;6;2022-05-02T11:36:09+00:00;2026-07-01T11:36:17+00:00;https://www.openstreetmap.org/user/Ago1896
553;13775078;HydrogenMan;8;546;538;1,47;4;4;0;0;0;0;2021-07-22T08:16:15+00:00;2022-07-12T08:46:45+00:00;https://www.openstreetmap.org/user/HydrogenMan
554;13901835;OneiricBotcelot;8;763;755;1,05;0;0;8;0;0;0;2023-08-12T10:58:54+00:00;2023-08-13T10:14:15+00:00;https://www.openstreetmap.org/user/OneiricBotcelot
555;14583171;VLD188;8;6523;6515;0,12;0;0;8;0;0;0;2023-09-12T16:58:20+00:00;2023-11-01T17:47:15+00:00;https://www.openstreetmap.org/user/VLD188
556;15070435;oVeRFLoW-ITA;8;8;0;100,00;0;8;0;0;0;0;2022-02-12T10:20:19+00:00;2022-02-14T07:18:26+00:00;https://www.openstreetmap.org/user/oVeRFLoW-ITA
557;16954108;mand05;8;9;1;88,89;0;8;0;0;0;0;2022-08-27T14:35:06+00:00;2022-08-28T22:15:24+00:00;https://www.openstreetmap.org/user/mand05
558;19698069;Valeryia_Yak;8;1650;1642;0,48;0;0;1;6;1;0;2023-12-08T15:58:42+00:00;2025-01-21T09:37:39+00:00;https://www.openstreetmap.org/user/Valeryia_Yak
559;21174895;Riccardo Raiola;8;8;0;100,00;0;0;0;8;0;0;2024-03-07T10:59:53+00:00;2024-03-07T11:32:30+00:00;https://www.openstreetmap.org/user/Riccardo%20Raiola
560;21175041;Matt_Quinn;8;8;0;100,00;0;0;0;8;0;0;2024-03-07T11:00:43+00:00;2024-03-07T14:00:13+00:00;https://www.openstreetmap.org/user/Matt_Quinn
561;21222236;medurix;8;8;0;100,00;0;0;0;3;3;2;2024-03-19T22:14:28+00:00;2026-03-20T15:09:12+00:00;https://www.openstreetmap.org/user/medurix
562;21291130;Cristiano Profeta;8;8;0;100,00;0;0;0;8;0;0;2024-04-09T13:36:35+00:00;2024-04-10T13:59:12+00:00;https://www.openstreetmap.org/user/Cristiano%20Profeta
563;22082046;Alessandro Aldè;8;318;310;2,52;0;0;0;2;4;2;2024-11-06T09:18:47+00:00;2026-05-15T13:43:32+00:00;https://www.openstreetmap.org/user/Alessandro%20Ald%C3%A8
564;22303946;mododomo;8;8;0;100,00;0;0;0;8;0;0;2024-12-19T15:19:29+00:00;2024-12-19T18:46:31+00:00;https://www.openstreetmap.org/user/mododomo
565;23635627;Marco Gagliardi;8;8;0;100,00;0;0;0;0;0;8;2026-02-09T19:16:44+00:00;2026-06-15T16:14:33+00:00;https://www.openstreetmap.org/user/Marco%20Gagliardi
566;23863763;Ghazikadii;8;15;7;53,33;0;0;0;0;0;8;2026-03-09T10:07:44+00:00;2026-03-30T08:56:23+00:00;https://www.openstreetmap.org/user/Ghazikadii
567;23937526;ADEF95;8;54;46;14,81;0;0;0;0;0;8;2026-04-09T17:40:34+00:00;2026-09-01T15:47:15+00:00;https://www.openstreetmap.org/user/ADEF95
568;24422899;milliro;8;9;1;88,89;0;0;0;0;0;8;2026-09-01T14:05:39+00:00;2026-09-02T12:59:02+00:00;https://www.openstreetmap.org/user/milliro
569;13259;charles;7;25;18;28,00;7;0;0;0;0;0;2021-10-11T12:40:05+00:00;2021-10-14T10:14:06+00:00;https://www.openstreetmap.org/user/charles
570;51019;indi37;7;1285;1278;0,54;0;0;0;0;7;0;2025-10-10T15:24:45+00:00;2025-10-10T18:38:28+00:00;https://www.openstreetmap.org/user/indi37
571;65211;MisterBen;7;610;603;1,15;0;0;7;0;0;0;2023-06-24T10:03:50+00:00;2023-06-25T07:01:32+00:00;https://www.openstreetmap.org/user/MisterBen
572;95387;rugamarcus;7;5257;5250;0,13;0;7;0;0;0;0;2022-09-24T08:03:46+00:00;2022-10-09T09:01:28+00:00;https://www.openstreetmap.org/user/rugamarcus
573;108044;tfsm;7;129;122;5,43;7;0;0;0;0;0;2021-08-27T12:22:37+00:00;2021-09-14T21:10:54+00:00;https://www.openstreetmap.org/user/tfsm
574;117165;ordex;7;42;35;16,67;6;1;0;0;0;0;2021-07-01T19:21:39+00:00;2022-06-03T19:44:57+00:00;https://www.openstreetmap.org/user/ordex
575;149337;leosaeba;7;7;0;100,00;0;3;0;4;0;0;2022-01-19T10:57:00+00:00;2024-03-20T14:48:01+00:00;https://www.openstreetmap.org/user/leosaeba
576;213763;floeschen;7;3894;3887;0,18;0;0;0;7;0;0;2024-06-14T08:32:28+00:00;2024-06-14T08:32:33+00:00;https://www.openstreetmap.org/user/floeschen
577;305001;voschix;7;4317;4310;0,16;0;0;0;7;0;0;2024-08-28T22:37:52+00:00;2024-10-09T17:13:09+00:00;https://www.openstreetmap.org/user/voschix
578;347747;Leonets;7;128;121;5,47;0;0;0;7;0;0;2024-08-24T16:55:35+00:00;2024-08-24T17:38:46+00:00;https://www.openstreetmap.org/user/Leonets
579;553558;klimakas;7;599;592;1,17;1;6;0;0;0;0;2021-08-15T14:52:06+00:00;2022-06-26T09:17:31+00:00;https://www.openstreetmap.org/user/klimakas
580;590349;loro;7;7;0;100,00;7;0;0;0;0;0;2021-03-17T10:17:34+00:00;2021-07-25T08:23:04+00:00;https://www.openstreetmap.org/user/loro
581;606555;marczoutendijk;7;19942;19935;0,04;0;3;0;1;3;0;2022-01-14T19:22:19+00:00;2025-09-16T07:05:19+00:00;https://www.openstreetmap.org/user/marczoutendijk
582;829302;Claudev8;7;692;685;1,01;6;0;1;0;0;0;2021-07-12T13:56:22+00:00;2023-03-28T07:11:33+00:00;https://www.openstreetmap.org/user/Claudev8
583;1719581;ironmarc75;7;61;54;11,48;0;0;0;7;0;0;2024-01-11T15:35:09+00:00;2024-01-11T15:45:05+00:00;https://www.openstreetmap.org/user/ironmarc75
584;1779173;carlop();7;9;2;77,78;0;0;4;0;3;0;2023-04-30T15:08:26+00:00;2025-07-20T14:56:44+00:00;https://www.openstreetmap.org/user/carlop%28%29
585;1864682;ualios;7;1340;1333;0,52;0;2;4;1;0;0;2022-08-28T15:15:48+00:00;2024-01-18T10:04:54+00:00;https://www.openstreetmap.org/user/ualios
586;1885866;wombatmaper;7;17431;17424;0,04;0;0;0;3;3;1;2024-09-13T18:11:48+00:00;2026-07-25T16:07:16+00:00;https://www.openstreetmap.org/user/wombatmaper
587;3268598;Una tantum;7;3764;3757;0,19;0;0;0;0;6;1;2025-02-26T09:04:26+00:00;2026-01-21T14:37:39+00:00;https://www.openstreetmap.org/user/Una%20tantum
588;3327036;wanderlustig;7;56;49;12,50;0;0;0;7;0;0;2024-05-10T20:36:09+00:00;2024-05-17T17:10:19+00:00;https://www.openstreetmap.org/user/wanderlustig
589;3455425;Matteo Calosi;7;628;621;1,11;0;7;0;0;0;0;2022-10-14T15:59:15+00:00;2022-10-14T16:26:14+00:00;https://www.openstreetmap.org/user/Matteo%20Calosi
590;4430457;stillhart;7;14556;14549;0,05;0;0;0;0;1;6;2025-06-02T13:32:20+00:00;2026-03-14T17:19:15+00:00;https://www.openstreetmap.org/user/stillhart
591;4476288;africandando;7;7;0;100,00;0;0;2;5;0;0;2023-01-13T13:26:39+00:00;2024-02-28T15:14:49+00:00;https://www.openstreetmap.org/user/africandando
592;6407636;deltapir;7;1138;1131;0,62;0;0;0;0;7;0;2025-04-23T10:32:27+00:00;2025-04-24T21:17:30+00:00;https://www.openstreetmap.org/user/deltapir
593;6549455;conradoos;7;20047;20040;0,03;0;0;4;0;3;0;2023-08-27T12:21:39+00:00;2025-09-09T18:40:57+00:00;https://www.openstreetmap.org/user/conradoos
594;10477650;Ermanno Cavallini;7;11;4;63,64;0;0;3;1;3;0;2023-10-22T10:27:44+00:00;2025-08-03T16:14:11+00:00;https://www.openstreetmap.org/user/Ermanno%20Cavallini
595;11623162;surveyorgirl;7;121;114;5,79;7;0;0;0;0;0;2021-07-29T17:47:39+00:00;2021-07-30T02:15:34+00:00;https://www.openstreetmap.org/user/surveyorgirl
596;12492444;Maria Luisa Pisanelli;7;122;115;5,74;0;7;0;0;0;0;2022-09-19T07:44:04+00:00;2022-09-19T09:35:57+00:00;https://www.openstreetmap.org/user/Maria%20Luisa%20Pisanelli
597;12604514;Diana Soldatkina;7;6201;6194;0,11;7;0;0;0;0;0;2021-06-01T12:15:58+00:00;2021-10-08T15:21:00+00:00;https://www.openstreetmap.org/user/Diana%20Soldatkina
598;12638075;elucci;7;3060;3053;0,23;1;0;0;4;0;2;2021-04-22T16:41:08+00:00;2026-09-20T19:34:20+00:00;https://www.openstreetmap.org/user/elucci
599;12820340;KozaK69;7;3856;3849;0,18;0;0;0;0;0;7;2026-01-05T20:09:53+00:00;2026-03-11T22:10:51+00:00;https://www.openstreetmap.org/user/KozaK69
600;13375419;salva01;7;16;9;43,75;7;0;0;0;0;0;2021-05-20T13:01:47+00:00;2021-05-31T07:28:00+00:00;https://www.openstreetmap.org/user/salva01
601;14471974;Stefano Marconi;7;8;1;87,50;7;0;0;0;0;0;2021-11-16T17:47:06+00:00;2021-11-21T18:55:38+00:00;https://www.openstreetmap.org/user/Stefano%20Marconi
602;14727398;Nar_ach;7;20123;20116;0,03;0;3;1;0;0;3;2022-06-08T05:31:57+00:00;2026-07-24T15:49:27+00:00;https://www.openstreetmap.org/user/Nar_ach
603;17976365;Silvio Vallorani;7;7;0;100,00;0;7;0;0;0;0;2022-12-13T14:57:58+00:00;2022-12-13T15:45:25+00:00;https://www.openstreetmap.org/user/Silvio%20Vallorani
604;18411784;SS82;7;1792;1785;0,39;0;0;0;0;7;0;2025-05-18T06:15:26+00:00;2025-06-19T20:59:40+00:00;https://www.openstreetmap.org/user/SS82
605;18655433;fabian_somewhere;7;20;13;35,00;0;0;0;0;7;0;2025-09-07T20:37:57+00:00;2025-09-08T09:39:48+00:00;https://www.openstreetmap.org/user/fabian_somewhere
606;19626388;os_osm;7;167;160;4,19;0;0;0;7;0;0;2024-07-20T05:36:41+00:00;2024-07-20T05:37:22+00:00;https://www.openstreetmap.org/user/os_osm
607;20432991;Kaduna;7;12546;12539;0,06;0;0;0;3;3;1;2024-09-13T09:24:01+00:00;2026-06-19T17:24:50+00:00;https://www.openstreetmap.org/user/Kaduna
608;20574418;jampabhi;7;938;931;0,75;0;0;0;1;6;0;2024-10-29T09:41:37+00:00;2025-08-18T10:45:57+00:00;https://www.openstreetmap.org/user/jampabhi
609;20605899;gopredd;7;382;375;1,83;0;0;0;0;7;0;2025-07-01T15:53:35+00:00;2025-09-24T11:41:33+00:00;https://www.openstreetmap.org/user/gopredd
610;20828150;VLD316;7;4118;4111;0,17;0;0;0;7;0;0;2024-03-25T14:21:59+00:00;2024-03-25T14:57:10+00:00;https://www.openstreetmap.org/user/VLD316
611;20832388;andrea felicetti;7;8;1;87,50;0;0;0;6;1;0;2024-01-22T00:48:21+00:00;2025-02-24T12:25:45+00:00;https://www.openstreetmap.org/user/andrea%20felicetti
612;20920534;Thonyusa;7;8;1;87,50;0;0;0;7;0;0;2024-01-20T20:24:58+00:00;2024-01-20T20:30:24+00:00;https://www.openstreetmap.org/user/Thonyusa
613;20965715;Armando Hasanbelliu;7;2234;2227;0,31;0;0;0;7;0;0;2024-12-11T14:48:37+00:00;2024-12-11T15:43:13+00:00;https://www.openstreetmap.org/user/Armando%20Hasanbelliu
614;21222189;pier_ascolipiceno;7;7;0;100,00;0;0;0;7;0;0;2024-03-28T09:42:07+00:00;2024-05-08T21:05:01+00:00;https://www.openstreetmap.org/user/pier_ascolipiceno
615;21642938;tvmpch;7;670;663;1,04;0;0;0;4;3;0;2024-10-09T13:33:47+00:00;2025-04-08T15:05:11+00:00;https://www.openstreetmap.org/user/tvmpch
616;21721774;AlbyF90;7;7;0;100,00;0;0;0;6;1;0;2024-07-04T10:32:27+00:00;2025-06-24T08:32:45+00:00;https://www.openstreetmap.org/user/AlbyF90
617;21736638;Maria Sole Moretti;7;11;4;63,64;0;0;0;1;6;0;2024-07-09T07:39:17+00:00;2025-03-26T16:07:16+00:00;https://www.openstreetmap.org/user/Maria%20Sole%20Moretti
618;22282689;ItaliA1delSole;7;247;240;2,83;0;0;0;0;0;7;2026-03-15T18:41:08+00:00;2026-04-24T11:03:33+00:00;https://www.openstreetmap.org/user/ItaliA1delSole
619;22934955;fabiolinux73;7;110;103;6,36;0;0;0;0;0;7;2026-06-10T17:21:48+00:00;2026-07-25T06:21:55+00:00;https://www.openstreetmap.org/user/fabiolinux73
620;23008374;Nickkduca;7;50;43;14,00;0;0;0;0;0;7;2026-01-21T10:15:28+00:00;2026-01-23T21:09:19+00:00;https://www.openstreetmap.org/user/Nickkduca
621;23069395;Falansterio;7;32;25;21,88;0;0;0;0;0;7;2026-02-27T14:21:00+00:00;2026-06-19T18:39:17+00:00;https://www.openstreetmap.org/user/Falansterio
622;23474891;Andrea_cc;7;7;0;100,00;0;0;0;0;7;0;2025-11-05T21:39:02+00:00;2025-12-03T17:13:37+00:00;https://www.openstreetmap.org/user/Andrea_cc
623;23904016;Hiker2978;7;131;124;5,34;0;0;0;0;0;7;2026-03-12T08:09:02+00:00;2026-03-20T11:20:00+00:00;https://www.openstreetmap.org/user/Hiker2978
624;24108631;Giulia Jobert Fritz;7;7;0;100,00;0;0;0;0;0;7;2026-05-07T12:28:36+00:00;2026-05-07T12:29:30+00:00;https://www.openstreetmap.org/user/Giulia%20Jobert%20Fritz
625;24207516;matcap94;7;7;0;100,00;0;0;0;0;0;7;2026-06-11T10:17:07+00:00;2026-06-11T10:19:06+00:00;https://www.openstreetmap.org/user/matcap94
626;24235546;Danilodg75;7;7;0;100,00;0;0;0;0;0;7;2026-06-21T12:49:56+00:00;2026-06-21T13:12:41+00:00;https://www.openstreetmap.org/user/Danilodg75
627;24260032;dottPepe;7;40;33;17,50;0;0;0;0;0;7;2026-07-05T18:10:49+00:00;2026-07-06T07:30:11+00:00;https://www.openstreetmap.org/user/dottPepe
628;71862;ALu68;6;14828;14822;0,04;5;0;1;0;0;0;2021-01-31T13:46:43+00:00;2023-05-15T13:15:59+00:00;https://www.openstreetmap.org/user/ALu68
629;103705;testman;6;412;406;1,46;0;0;0;6;0;0;2024-05-18T04:59:07+00:00;2024-05-18T04:59:49+00:00;https://www.openstreetmap.org/user/testman
630;184969;EvanE;6;2399;2393;0,25;3;2;1;0;0;0;2021-10-31T21:41:36+00:00;2023-03-26T01:39:49+00:00;https://www.openstreetmap.org/user/EvanE
631;445671;flierfy;6;6645;6639;0,09;0;0;0;0;6;0;2025-01-28T18:14:35+00:00;2025-01-28T23:11:40+00:00;https://www.openstreetmap.org/user/flierfy
632;1211510;arcanma;6;2310;2304;0,26;0;1;2;1;2;0;2022-11-18T17:24:27+00:00;2025-10-22T14:09:44+00:00;https://www.openstreetmap.org/user/arcanma
633;1477895;Renato Lapio;6;1565;1559;0,38;0;0;4;0;2;0;2023-03-03T07:51:39+00:00;2025-04-02T14:52:34+00:00;https://www.openstreetmap.org/user/Renato%20Lapio
634;1786987;alesmuc;6;40;34;15,00;6;0;0;0;0;0;2021-08-27T14:06:31+00:00;2021-09-11T17:00:11+00:00;https://www.openstreetmap.org/user/alesmuc
635;1958492;lucha29;6;6;0;100,00;1;3;0;0;2;0;2021-03-11T16:53:22+00:00;2025-04-02T06:57:32+00:00;https://www.openstreetmap.org/user/lucha29
636;2104834;Igor Bubelov;6;6849;6843;0,09;0;0;4;2;0;0;2023-03-03T11:03:58+00:00;2024-05-03T03:31:38+00:00;https://www.openstreetmap.org/user/Igor%20Bubelov
637;2352517;carths81;6;6;0;100,00;6;0;0;0;0;0;2021-09-01T20:47:38+00:00;2021-10-08T20:32:45+00:00;https://www.openstreetmap.org/user/carths81
638;2374241;Emiliano Vavassori;6;26;20;23,08;0;0;5;1;0;0;2023-05-14T10:13:01+00:00;2024-03-06T22:51:26+00:00;https://www.openstreetmap.org/user/Emiliano%20Vavassori
639;3341187;Pepilepioux;6;4121;4115;0,15;0;0;0;0;0;6;2026-02-09T20:02:55+00:00;2026-02-14T20:41:46+00:00;https://www.openstreetmap.org/user/Pepilepioux
640;3524812;SWF8;6;2330;2324;0,26;6;0;0;0;0;0;2021-11-04T21:18:40+00:00;2021-11-10T15:02:20+00:00;https://www.openstreetmap.org/user/SWF8
641;4862063;tars4815;6;2130;2124;0,28;0;3;3;0;0;0;2022-09-19T10:06:02+00:00;2023-09-14T15:29:55+00:00;https://www.openstreetmap.org/user/tars4815
642;5225732;keyusb;6;6;0;100,00;2;0;0;4;0;0;2021-08-25T21:11:13+00:00;2024-12-13T00:49:18+00:00;https://www.openstreetmap.org/user/keyusb
643;5683195;sneike;6;148;142;4,05;0;0;6;0;0;0;2023-04-11T14:39:01+00:00;2023-05-08T12:09:07+00:00;https://www.openstreetmap.org/user/sneike
644;6220204;Ysogo;6;2188;2182;0,27;0;0;1;0;5;0;2023-07-01T11:34:42+00:00;2025-09-09T11:52:14+00:00;https://www.openstreetmap.org/user/Ysogo
645;7288112;Debora Di Francesco;6;6;0;100,00;6;0;0;0;0;0;2021-10-06T10:45:15+00:00;2021-11-25T18:34:34+00:00;https://www.openstreetmap.org/user/Debora%20Di%20Francesco
646;8899504;Edoardo Cataldi;6;84;78;7,14;0;0;0;0;0;6;2026-08-14T06:39:40+00:00;2026-09-23T07:47:00+00:00;https://www.openstreetmap.org/user/Edoardo%20Cataldi
647;9265159;grawal;6;1955;1949;0,31;0;0;0;3;3;0;2024-12-23T15:23:41+00:00;2025-01-08T15:33:48+00:00;https://www.openstreetmap.org/user/grawal
648;9452949;GreatPier;6;976;970;0,61;0;6;0;0;0;0;2022-08-20T17:09:03+00:00;2022-08-22T17:01:32+00:00;https://www.openstreetmap.org/user/GreatPier
649;10411345;Daniele Pangaro;6;83;77;7,23;0;0;0;0;6;0;2025-03-17T14:53:55+00:00;2025-04-17T19:29:38+00:00;https://www.openstreetmap.org/user/Daniele%20Pangaro
650;10647130;Steno79;6;13;7;46,15;1;0;0;5;0;0;2021-05-16T14:40:40+00:00;2024-03-24T16:46:11+00:00;https://www.openstreetmap.org/user/Steno79
651;10819825;Vika_Nosovich;6;12227;12221;0,05;3;3;0;0;0;0;2021-08-05T11:52:28+00:00;2022-06-20T05:49:19+00:00;https://www.openstreetmap.org/user/Vika_Nosovich
652;10994824;edobez;6;7;1;85,71;6;0;0;0;0;0;2021-09-07T15:00:24+00:00;2021-09-14T12:27:42+00:00;https://www.openstreetmap.org/user/edobez
653;11023021;Leonte_Zhavoronkov;6;1818;1812;0,33;6;0;0;0;0;0;2021-06-01T11:45:54+00:00;2021-06-01T12:20:17+00:00;https://www.openstreetmap.org/user/Leonte_Zhavoronkov
654;11508442;Ruggieri;6;77;71;7,79;6;0;0;0;0;0;2021-08-12T12:33:27+00:00;2021-08-22T08:19:35+00:00;https://www.openstreetmap.org/user/Ruggieri
655;11979968;Francesco Zanaboni;6;2666;2660;0,23;1;0;0;0;1;4;2021-11-18T09:31:40+00:00;2026-04-30T13:22:06+00:00;https://www.openstreetmap.org/user/Francesco%20Zanaboni
656;12116568;Roman Oleynik;6;2184;2178;0,27;6;0;0;0;0;0;2021-01-27T11:05:46+00:00;2021-12-07T12:20:02+00:00;https://www.openstreetmap.org/user/Roman%20Oleynik
657;12448818;marinaankon;6;7;1;85,71;6;0;0;0;0;0;2021-01-07T18:40:13+00:00;2021-03-22T13:19:05+00:00;https://www.openstreetmap.org/user/marinaankon
658;13035513;Gmonamour;6;6;0;100,00;6;0;0;0;0;0;2021-04-09T05:27:21+00:00;2021-04-09T06:00:39+00:00;https://www.openstreetmap.org/user/Gmonamour
659;13714709;Federic00;6;6;0;100,00;5;0;1;0;0;0;2021-07-07T09:31:56+00:00;2023-11-07T09:40:57+00:00;https://www.openstreetmap.org/user/Federic00
660;14029503;Rockfollower;6;441;435;1,36;0;0;0;6;0;0;2024-08-09T13:40:39+00:00;2024-08-20T08:59:24+00:00;https://www.openstreetmap.org/user/Rockfollower
661;14330447;ElDavo;6;1535;1529;0,39;0;6;0;0;0;0;2022-03-05T14:30:12+00:00;2022-09-23T11:52:43+00:00;https://www.openstreetmap.org/user/ElDavo
662;14334502;Simone Lavosi;6;6;0;100,00;6;0;0;0;0;0;2021-10-22T14:48:38+00:00;2021-10-26T15:59:26+00:00;https://www.openstreetmap.org/user/Simone%20Lavosi
663;14550990;Madi-Red;6;12304;12298;0,05;0;0;0;6;0;0;2024-10-17T13:48:49+00:00;2024-10-18T12:25:27+00:00;https://www.openstreetmap.org/user/Madi-Red
664;14729115;Ekaterina Butskevich;6;4871;4865;0,12;0;2;1;3;0;0;2022-05-04T11:24:39+00:00;2024-01-04T12:58:42+00:00;https://www.openstreetmap.org/user/Ekaterina%20Butskevich
665;15134260;Nath_Art;6;2629;2623;0,23;0;6;0;0;0;0;2022-10-10T04:48:49+00:00;2022-11-28T09:32:42+00:00;https://www.openstreetmap.org/user/Nath_Art
666;15211144;Francesca Berteotti;6;168;162;3,57;0;3;3;0;0;0;2022-08-22T20:14:10+00:00;2023-06-24T11:58:11+00:00;https://www.openstreetmap.org/user/Francesca%20Berteotti
667;15742286;pavemula;6;1831;1825;0,33;0;0;0;4;2;0;2024-11-01T10:37:57+00:00;2025-05-23T04:11:20+00:00;https://www.openstreetmap.org/user/pavemula
668;15894391;lollo4682;6;6;0;100,00;0;0;0;6;0;0;2024-01-28T12:38:51+00:00;2024-04-30T07:19:58+00:00;https://www.openstreetmap.org/user/lollo4682
669;16383826;Me_hyn;6;3020;3014;0,20;0;6;0;0;0;0;2022-08-03T12:36:14+00:00;2022-11-22T10:28:27+00:00;https://www.openstreetmap.org/user/Me_hyn
670;16544420;user_16544420;6;957;951;0,63;0;6;0;0;0;0;2022-11-10T12:11:08+00:00;2022-11-12T15:08:09+00:00;https://www.openstreetmap.org/user/user_16544420
671;16917875;StefanoAimar;6;244;238;2,46;0;0;6;0;0;0;2023-03-14T10:41:00+00:00;2023-07-04T13:18:31+00:00;https://www.openstreetmap.org/user/StefanoAimar
672;17172716;Diego Bazzani;6;9;3;66,67;0;6;0;0;0;0;2022-09-19T14:09:39+00:00;2022-09-19T15:46:41+00:00;https://www.openstreetmap.org/user/Diego%20Bazzani
673;17281421;Ky_AT;6;16662;16656;0,04;0;0;0;3;2;1;2024-10-18T12:47:48+00:00;2026-04-22T11:37:52+00:00;https://www.openstreetmap.org/user/Ky_AT
674;18872222;Andrea7576;6;6;0;100,00;0;0;0;0;6;0;2025-04-02T08:55:21+00:00;2025-04-02T13:28:18+00:00;https://www.openstreetmap.org/user/Andrea7576
675;19805734;karlottobenz;6;189;183;3,17;0;0;1;0;0;5;2023-08-22T12:26:44+00:00;2026-08-07T14:36:54+00:00;https://www.openstreetmap.org/user/karlottobenz
676;20088776;Matteo Cavalletti;6;6;0;100,00;0;0;2;0;4;0;2023-08-18T07:35:38+00:00;2025-11-14T16:19:19+00:00;https://www.openstreetmap.org/user/Matteo%20Cavalletti
677;20415005;Sangro;6;5825;5819;0,10;0;0;0;6;0;0;2024-10-17T12:31:50+00:00;2024-10-17T13:28:37+00:00;https://www.openstreetmap.org/user/Sangro
678;20516914;checifaccioqui;6;63;57;9,52;0;0;0;0;6;0;2025-08-29T10:52:25+00:00;2025-08-29T11:25:24+00:00;https://www.openstreetmap.org/user/checifaccioqui
679;21107148;gianlurosse;6;6;0;100,00;0;0;0;6;0;0;2024-02-27T12:55:14+00:00;2024-03-08T09:07:46+00:00;https://www.openstreetmap.org/user/gianlurosse
680;21175045;Nabil Nablotech;6;6;0;100,00;0;0;0;6;0;0;2024-03-07T10:47:25+00:00;2024-03-07T11:39:09+00:00;https://www.openstreetmap.org/user/Nabil%20Nablotech
681;21222218;Stelucky;6;6;0;100,00;0;0;0;6;0;0;2024-03-22T11:15:27+00:00;2024-03-28T09:33:38+00:00;https://www.openstreetmap.org/user/Stelucky
682;21249463;LorenzoZanarelli;6;6;0;100,00;0;0;0;0;6;0;2025-03-22T14:49:35+00:00;2025-09-24T20:10:30+00:00;https://www.openstreetmap.org/user/LorenzoZanarelli
683;21403236;LibreItalia;6;43;37;13,95;0;0;0;6;0;0;2024-05-04T08:12:43+00:00;2024-05-04T09:38:36+00:00;https://www.openstreetmap.org/user/LibreItalia
684;21646602;TerminalFedora;6;11;5;54,55;0;0;0;6;0;0;2024-06-14T07:16:56+00:00;2024-06-14T07:41:31+00:00;https://www.openstreetmap.org/user/TerminalFedora
685;22037065;Eleonora33;6;8;2;75,00;0;0;0;6;0;0;2024-10-06T22:39:12+00:00;2024-10-21T14:35:27+00:00;https://www.openstreetmap.org/user/Eleonora33
686;22876381;Tirrenum;6;13;7;46,15;0;0;0;0;6;0;2025-05-08T08:39:32+00:00;2025-07-03T17:36:25+00:00;https://www.openstreetmap.org/user/Tirrenum
687;23121212;Ollolanda;6;15;9;40,00;0;0;0;0;6;0;2025-07-24T16:10:10+00:00;2025-08-03T09:08:40+00:00;https://www.openstreetmap.org/user/Ollolanda
688;23405320;Lovy01rm;6;45;39;13,33;0;0;0;0;5;1;2025-10-26T15:12:01+00:00;2026-01-14T19:47:26+00:00;https://www.openstreetmap.org/user/Lovy01rm
689;23832721;li_lucarini;6;11;5;54,55;0;0;0;0;0;6;2026-03-16T10:26:20+00:00;2026-05-26T07:53:39+00:00;https://www.openstreetmap.org/user/li_lucarini
690;23934246;reaperdoder;6;6;0;100,00;0;0;0;0;0;6;2026-03-13T11:23:06+00:00;2026-03-13T13:11:57+00:00;https://www.openstreetmap.org/user/reaperdoder
691;23993537;Dani Petru;6;9;3;66,67;0;0;0;0;0;6;2026-03-30T08:56:31+00:00;2026-04-21T07:49:32+00:00;https://www.openstreetmap.org/user/Dani%20Petru
692;24277790;ROBY16;6;6;0;100,00;0;0;0;0;0;6;2026-07-04T06:54:45+00:00;2026-08-31T15:25:46+00:00;https://www.openstreetmap.org/user/ROBY16
693;18069;Claudius Henrichs;5;41234;41229;0,01;2;0;1;1;1;0;2021-11-18T11:14:30+00:00;2025-08-18T07:08:46+00:00;https://www.openstreetmap.org/user/Claudius%20Henrichs
694;67931;theonlytruth;5;206;201;2,43;0;0;5;0;0;0;2023-08-01T11:23:15+00:00;2023-08-07T06:50:24+00:00;https://www.openstreetmap.org/user/theonlytruth
695;90379;Andrea Musuruane;5;8247;8242;0,06;0;1;0;1;3;0;2022-11-26T17:24:44+00:00;2025-04-22T17:44:47+00:00;https://www.openstreetmap.org/user/Andrea%20Musuruane
696;191128;marcobanal;5;1395;1390;0,36;2;3;0;0;0;0;2021-11-23T16:22:08+00:00;2022-01-09T21:43:01+00:00;https://www.openstreetmap.org/user/marcobanal
697;284259;batty;5;7;2;71,43;3;0;0;1;1;0;2021-03-04T13:54:10+00:00;2025-07-02T07:00:48+00:00;https://www.openstreetmap.org/user/batty
698;504241;lupoingegnoso;5;5;0;100,00;0;0;1;1;3;0;2023-01-26T16:44:44+00:00;2025-02-02T15:53:16+00:00;https://www.openstreetmap.org/user/lupoingegnoso
699;1161293;Umberto Casadio;5;557;552;0,90;2;0;1;0;0;2;2021-03-08T21:56:28+00:00;2026-09-14T13:01:03+00:00;https://www.openstreetmap.org/user/Umberto%20Casadio
700;1624486;thetornado76;5;12581;12576;0,04;2;1;1;1;0;0;2021-02-06T14:26:25+00:00;2024-04-13T12:25:35+00:00;https://www.openstreetmap.org/user/thetornado76
701;1713634;b-unicycling;5;104979;104974;0,00;0;5;0;0;0;0;2022-10-14T22:01:11+00:00;2022-12-07T22:32:43+00:00;https://www.openstreetmap.org/user/b-unicycling
702;1780735;rolvos;5;42;37;11,90;0;0;0;0;0;5;2026-09-05T16:07:28+00:00;2026-09-09T15:44:23+00:00;https://www.openstreetmap.org/user/rolvos
703;1781464;lorysbt;5;5;0;100,00;5;0;0;0;0;0;2021-05-12T13:21:30+00:00;2021-05-15T21:47:30+00:00;https://www.openstreetmap.org/user/lorysbt
704;1893120;Zerrossetto;5;134;129;3,73;0;0;4;0;0;1;2023-06-10T12:06:59+00:00;2026-06-29T06:32:46+00:00;https://www.openstreetmap.org/user/Zerrossetto
705;2249955;bianchi1952;5;42;37;11,90;0;0;0;0;5;0;2025-07-15T07:52:55+00:00;2025-07-20T10:22:05+00:00;https://www.openstreetmap.org/user/bianchi1952
706;2757894;giacomomensio;5;49;44;10,20;0;0;0;0;5;0;2025-08-14T10:47:50+00:00;2025-08-14T13:47:23+00:00;https://www.openstreetmap.org/user/giacomomensio
707;2801969;09038319;5;5;0;100,00;0;0;0;5;0;0;2024-04-17T07:43:08+00:00;2024-04-17T08:02:56+00:00;https://www.openstreetmap.org/user/09038319
708;3028811;Tommi Boom;5;184;179;2,72;0;0;0;0;0;5;2026-05-07T11:59:20+00:00;2026-05-17T12:58:14+00:00;https://www.openstreetmap.org/user/Tommi%20Boom
709;3249777;opendcc;5;28284;28279;0,02;3;1;1;0;0;0;2021-01-21T09:07:45+00:00;2023-09-22T02:12:33+00:00;https://www.openstreetmap.org/user/opendcc
710;3417876;5R-MFT;5;45596;45591;0,01;0;0;0;1;0;4;2024-09-26T13:15:01+00:00;2026-09-10T17:32:26+00:00;https://www.openstreetmap.org/user/5R-MFT
711;3554729;DL1EKC;5;249;244;2,01;0;0;0;0;5;0;2025-09-21T08:26:05+00:00;2025-09-28T12:20:06+00:00;https://www.openstreetmap.org/user/DL1EKC
712;3737064;DaDiC_88;5;182;177;2,75;0;5;0;0;0;0;2022-07-04T07:55:14+00:00;2022-09-19T10:37:35+00:00;https://www.openstreetmap.org/user/DaDiC_88
713;3842919;Emilio Eugenio;5;534;529;0,94;5;0;0;0;0;0;2021-02-23T22:00:34+00:00;2021-02-25T21:05:08+00:00;https://www.openstreetmap.org/user/Emilio%20Eugenio
714;4887311;mapperue;5;51032;51027;0,01;0;0;0;2;3;0;2024-02-28T11:02:09+00:00;2025-09-23T17:07:00+00:00;https://www.openstreetmap.org/user/mapperue
715;4891666;deejayphil;5;5;0;100,00;0;1;2;2;0;0;2022-11-05T09:50:39+00:00;2024-05-08T10:28:38+00:00;https://www.openstreetmap.org/user/deejayphil
716;4977838;geobrass;5;9;4;55,56;0;0;5;0;0;0;2023-08-27T20:40:40+00:00;2023-09-05T11:59:06+00:00;https://www.openstreetmap.org/user/geobrass
717;4982323;de_sphaera;5;7;2;71,43;5;0;0;0;0;0;2021-06-29T09:44:20+00:00;2021-06-29T09:51:02+00:00;https://www.openstreetmap.org/user/de_sphaera
718;6618492;fulip;5;12;7;41,67;0;0;0;0;5;0;2025-01-25T21:36:23+00:00;2025-01-25T21:38:52+00:00;https://www.openstreetmap.org/user/fulip
719;9010613;NSkyer;5;5;0;100,00;3;0;0;2;0;0;2021-08-02T18:28:28+00:00;2024-02-05T20:51:30+00:00;https://www.openstreetmap.org/user/NSkyer
720;9465790;ZinaidaZ;5;11203;11198;0,04;0;5;0;0;0;0;2022-07-25T09:29:22+00:00;2022-07-29T15:35:10+00:00;https://www.openstreetmap.org/user/ZinaidaZ
721;9475258;Aranc;5;4989;4984;0,10;2;1;2;0;0;0;2021-11-12T10:52:19+00:00;2023-05-08T16:59:51+00:00;https://www.openstreetmap.org/user/Aranc
722;9482421;Always_Dreamin;5;4141;4136;0,12;0;0;0;5;0;0;2024-09-21T17:46:34+00:00;2024-11-15T04:39:00+00:00;https://www.openstreetmap.org/user/Always_Dreamin
723;9607862;ChiaraN23;5;291;286;1,72;5;0;0;0;0;0;2021-11-12T09:26:10+00:00;2021-11-12T17:04:14+00:00;https://www.openstreetmap.org/user/ChiaraN23
724;11052147;pippo6;5;3748;3743;0,13;1;0;0;0;4;0;2021-06-20T15:57:34+00:00;2025-03-07T14:46:13+00:00;https://www.openstreetmap.org/user/pippo6
725;11404081;Panpa;5;600;595;0,83;0;0;0;0;5;0;2025-03-10T19:18:05+00:00;2025-03-11T18:35:54+00:00;https://www.openstreetmap.org/user/Panpa
726;11944764;basten9;5;6;1;83,33;5;0;0;0;0;0;2021-03-11T15:25:09+00:00;2021-04-06T06:46:31+00:00;https://www.openstreetmap.org/user/basten9
727;12444112;Luigi Cirillo;5;5;0;100,00;5;0;0;0;0;0;2021-02-13T07:39:01+00:00;2021-02-13T18:56:37+00:00;https://www.openstreetmap.org/user/Luigi%20Cirillo
728;12462071;Stefano Fabbri;5;44;39;11,36;0;4;1;0;0;0;2022-12-03T23:55:11+00:00;2023-06-06T14:14:10+00:00;https://www.openstreetmap.org/user/Stefano%20Fabbri
729;12546948;Alebenni;5;5;0;100,00;5;0;0;0;0;0;2021-01-25T17:43:08+00:00;2021-02-06T17:50:22+00:00;https://www.openstreetmap.org/user/Alebenni
730;12551044;Matteo Girola;5;5;0;100,00;5;0;0;0;0;0;2021-01-26T10:57:49+00:00;2021-01-26T11:10:12+00:00;https://www.openstreetmap.org/user/Matteo%20Girola
731;12604637;Mapiate;5;7512;7507;0,07;0;0;0;0;2;3;2025-12-15T12:13:33+00:00;2026-06-04T20:30:52+00:00;https://www.openstreetmap.org/user/Mapiate
732;12742307;eupeptico;5;735;730;0,68;0;0;5;0;0;0;2023-01-05T13:35:40+00:00;2023-01-06T11:41:52+00:00;https://www.openstreetmap.org/user/eupeptico
733;14054933;Fetzewheel;5;1051;1046;0,48;0;5;0;0;0;0;2022-03-06T10:52:55+00:00;2022-09-21T06:15:23+00:00;https://www.openstreetmap.org/user/Fetzewheel
734;14225680;Pia Perricci;5;5;0;100,00;5;0;0;0;0;0;2021-10-03T06:46:37+00:00;2021-10-03T07:19:41+00:00;https://www.openstreetmap.org/user/Pia%20Perricci
735;14484969;Luca Matt;5;5;0;100,00;0;3;2;0;0;0;2022-08-13T15:39:51+00:00;2023-11-26T15:31:15+00:00;https://www.openstreetmap.org/user/Luca%20Matt
736;14827393;Tobias235;5;7799;7794;0,06;0;0;0;5;0;0;2024-06-03T13:42:09+00:00;2024-10-07T12:56:36+00:00;https://www.openstreetmap.org/user/Tobias235
737;14946924;Smirra City;5;5;0;100,00;0;3;0;0;2;0;2022-01-26T15:26:41+00:00;2025-03-01T03:01:46+00:00;https://www.openstreetmap.org/user/Smirra%20City
738;16301837;lucarchi1;5;6;1;83,33;0;0;5;0;0;0;2023-07-10T08:15:55+00:00;2023-07-20T14:45:11+00:00;https://www.openstreetmap.org/user/lucarchi1
739;16761163;radishfabio;5;5;0;100,00;0;0;0;0;0;5;2026-07-02T10:50:41+00:00;2026-07-02T16:10:44+00:00;https://www.openstreetmap.org/user/radishfabio
740;16832873;Snibblenosh;5;7;2;71,43;0;0;0;0;0;5;2026-07-27T18:02:44+00:00;2026-07-28T16:21:03+00:00;https://www.openstreetmap.org/user/Snibblenosh
741;16923280;Edoardo Brovero;5;5;0;100,00;0;5;0;0;0;0;2022-09-19T10:26:13+00:00;2022-09-19T15:12:31+00:00;https://www.openstreetmap.org/user/Edoardo%20Brovero
742;17047428;Emanuelex;5;2492;2487;0,20;0;5;0;0;0;0;2022-09-29T08:19:13+00:00;2022-09-29T14:55:31+00:00;https://www.openstreetmap.org/user/Emanuelex
743;17802633;sashokv36;5;922;917;0,54;0;0;0;0;3;2;2025-04-18T19:09:45+00:00;2026-06-01T09:18:51+00:00;https://www.openstreetmap.org/user/sashokv36
744;18830808;Knocxxx;5;5;0;100,00;0;0;5;0;0;0;2023-04-02T10:53:08+00:00;2023-04-11T17:06:32+00:00;https://www.openstreetmap.org/user/Knocxxx
745;19202881;oleaD;5;11;6;45,45;0;0;2;3;0;0;2023-05-08T19:55:29+00:00;2024-04-04T21:53:43+00:00;https://www.openstreetmap.org/user/oleaD
746;19321321;Frapperr;5;32;27;15,62;0;0;0;0;5;0;2025-08-25T14:43:17+00:00;2025-08-25T15:43:55+00:00;https://www.openstreetmap.org/user/Frapperr
747;19739044;desoter;5;287;282;1,74;0;0;5;0;0;0;2023-07-05T19:28:07+00:00;2023-08-17T15:20:43+00:00;https://www.openstreetmap.org/user/desoter
748;19756954;TastefullElm548;5;148;143;3,38;0;0;0;5;0;0;2024-08-14T11:26:38+00:00;2024-08-23T13:13:58+00:00;https://www.openstreetmap.org/user/TastefullElm548
749;19795811;Aldo Omiccioli;5;5;0;100,00;0;0;5;0;0;0;2023-07-07T14:22:54+00:00;2023-07-08T07:08:52+00:00;https://www.openstreetmap.org/user/Aldo%20Omiccioli
750;19857719;VLD277;5;10256;10251;0,05;0;0;0;4;1;0;2024-02-09T18:35:58+00:00;2025-12-24T17:58:11+00:00;https://www.openstreetmap.org/user/VLD277
751;20227858;Maksim Hradaboyeu;5;12867;12862;0,04;0;0;0;0;0;5;2026-02-17T08:58:17+00:00;2026-05-25T11:56:39+00:00;https://www.openstreetmap.org/user/Maksim%20Hradaboyeu
752;20900475;Paolitosss;5;8962;8957;0,06;0;0;0;0;5;0;2025-09-24T06:23:00+00:00;2025-09-24T15:42:08+00:00;https://www.openstreetmap.org/user/Paolitosss
753;21222140;EmanueleDAn78;5;5;0;100,00;0;0;0;5;0;0;2024-03-19T21:47:42+00:00;2024-04-05T14:42:57+00:00;https://www.openstreetmap.org/user/EmanueleDAn78
754;21249681;Paolo Serenelli;5;5;0;100,00;0;0;0;5;0;0;2024-03-27T20:06:08+00:00;2024-03-27T20:25:42+00:00;https://www.openstreetmap.org/user/Paolo%20Serenelli
755;21312565;andreapier;5;5;0;100,00;0;0;0;5;0;0;2024-04-16T09:27:33+00:00;2024-04-16T09:41:22+00:00;https://www.openstreetmap.org/user/andreapier
756;21347775;Magnet2648;5;389;384;1,29;0;0;0;5;0;0;2024-08-20T20:44:58+00:00;2024-08-24T13:04:32+00:00;https://www.openstreetmap.org/user/Magnet2648
757;21382353;Cammini Lauretani;5;5;0;100,00;0;0;0;5;0;0;2024-07-08T10:00:46+00:00;2024-07-08T10:08:11+00:00;https://www.openstreetmap.org/user/Cammini%20Lauretani
758;21580036;giocaccia91;5;5;0;100,00;0;0;0;5;0;0;2024-05-26T18:37:06+00:00;2024-05-26T19:03:25+00:00;https://www.openstreetmap.org/user/giocaccia91
759;21638060;JohnGrester;5;5;0;100,00;0;0;0;5;0;0;2024-06-08T15:50:03+00:00;2024-06-08T16:21:38+00:00;https://www.openstreetmap.org/user/JohnGrester
760;21642935;arniman;5;249;244;2,01;0;0;0;2;3;0;2024-10-30T12:49:28+00:00;2025-03-10T10:09:24+00:00;https://www.openstreetmap.org/user/arniman
761;21642937;ashijade;5;528;523;0,95;0;0;0;3;2;0;2024-10-04T05:55:18+00:00;2025-09-29T08:47:01+00:00;https://www.openstreetmap.org/user/ashijade
762;21693124;Christian Mancini;5;699;694;0,72;0;0;0;0;0;5;2026-08-11T09:17:19+00:00;2026-08-11T09:17:31+00:00;https://www.openstreetmap.org/user/Christian%20Mancini
763;22181925;Via Panoramica;5;5;0;100,00;0;0;0;5;0;0;2024-11-15T12:01:56+00:00;2024-11-15T12:35:07+00:00;https://www.openstreetmap.org/user/Via%20Panoramica
764;22249042;viktoriia_frolova;5;760;755;0,66;0;0;0;0;0;5;2026-02-19T10:47:11+00:00;2026-03-20T14:28:33+00:00;https://www.openstreetmap.org/user/viktoriia_frolova
765;22360406;Daniele Bontempo;5;5;0;100,00;0;0;0;0;5;0;2025-01-08T12:12:43+00:00;2025-01-09T05:51:21+00:00;https://www.openstreetmap.org/user/Daniele%20Bontempo
766;23832727;tonyboy1999;5;5;0;100,00;0;0;0;0;0;5;2026-04-13T09:34:13+00:00;2026-05-26T07:15:37+00:00;https://www.openstreetmap.org/user/tonyboy1999
767;23849966;Electrocalpen67;5;29;24;17,24;0;0;0;0;0;5;2026-09-11T11:39:18+00:00;2026-09-11T11:41:16+00:00;https://www.openstreetmap.org/user/Electrocalpen67
768;24006657;NicolaCCN;5;5;0;100,00;0;0;0;0;0;5;2026-04-08T14:17:10+00:00;2026-07-08T14:57:24+00:00;https://www.openstreetmap.org/user/NicolaCCN
769;24037791;therealfang;5;5;0;100,00;0;0;0;0;0;5;2026-05-20T15:57:40+00:00;2026-05-26T07:03:55+00:00;https://www.openstreetmap.org/user/therealfang
770;24040557;Cesare Venturini;5;15;10;33,33;0;0;0;0;0;5;2026-04-14T07:06:02+00:00;2026-04-14T07:24:09+00:00;https://www.openstreetmap.org/user/Cesare%20Venturini
771;24201361;Stray_is;5;5;0;100,00;0;0;0;0;0;5;2026-06-09T13:04:12+00:00;2026-06-21T16:15:53+00:00;https://www.openstreetmap.org/user/Stray_is
772;24225808;azienda agricola fiorano;5;5;0;100,00;0;0;0;0;0;5;2026-06-17T16:50:21+00:00;2026-06-22T18:28:04+00:00;https://www.openstreetmap.org/user/azienda%20agricola%20fiorano
773;24543698;Riccardo Fiorani;5;5;0;100,00;0;0;0;0;0;5;2026-09-15T08:17:40+00:00;2026-09-19T16:28:33+00:00;https://www.openstreetmap.org/user/Riccardo%20Fiorani
774;546;Alessandro Frigeri;4;370;366;1,08;0;3;1;0;0;0;2022-05-23T12:30:13+00:00;2023-02-20T00:10:13+00:00;https://www.openstreetmap.org/user/Alessandro%20Frigeri
775;1380;markusN;4;2073;2069;0,19;0;0;0;0;0;4;2026-03-02T13:04:27+00:00;2026-03-02T13:38:19+00:00;https://www.openstreetmap.org/user/markusN
776;13591;lucadelu;4;1425;1421;0,28;0;0;0;0;4;0;2025-09-24T07:26:03+00:00;2025-09-24T07:39:50+00:00;https://www.openstreetmap.org/user/lucadelu
777;45952;plexi32;4;598;594;0,67;0;4;0;0;0;0;2022-12-28T20:59:37+00:00;2022-12-31T16:07:11+00:00;https://www.openstreetmap.org/user/plexi32
778;85218;Aleks-Berlin;4;8872;8868;0,05;0;0;1;1;1;1;2023-11-15T08:20:58+00:00;2026-01-23T09:43:52+00:00;https://www.openstreetmap.org/user/Aleks-Berlin
779;85650;DerMoment;4;408;404;0,98;0;0;0;4;0;0;2024-03-25T20:46:23+00:00;2024-03-25T20:46:43+00:00;https://www.openstreetmap.org/user/DerMoment
780;243846;alex-pd-an-it;4;4;0;100,00;0;0;0;4;0;0;2024-02-14T14:42:49+00:00;2024-02-20T10:28:20+00:00;https://www.openstreetmap.org/user/alex-pd-an-it
781;332223;bernardo60;4;607;603;0,66;0;0;0;0;4;0;2025-04-26T15:46:57+00:00;2025-06-03T16:38:11+00:00;https://www.openstreetmap.org/user/bernardo60
782;375305;uepple;4;5;1;80,00;0;0;4;0;0;0;2023-05-25T06:51:07+00:00;2023-05-26T12:29:27+00:00;https://www.openstreetmap.org/user/uepple
783;392060;Francesco91;4;7;3;57,14;1;0;0;3;0;0;2021-04-29T12:54:36+00:00;2024-08-04T08:36:52+00:00;https://www.openstreetmap.org/user/Francesco91
784;398010;rm_;4;622;618;0,64;0;0;0;0;4;0;2025-07-28T06:47:32+00:00;2025-07-28T06:59:18+00:00;https://www.openstreetmap.org/user/rm_
785;761877;bertogatti;4;44;40;9,09;0;0;0;0;0;4;2026-07-13T09:02:50+00:00;2026-07-16T14:52:40+00:00;https://www.openstreetmap.org/user/bertogatti
786;1123304;ryoiida;4;4;0;100,00;0;0;0;2;0;2;2024-10-14T19:40:28+00:00;2026-07-04T08:41:15+00:00;https://www.openstreetmap.org/user/ryoiida
787;1337478;Ekki_df4or;4;494;490;0,81;0;4;0;0;0;0;2022-08-29T19:07:01+00:00;2022-08-29T19:07:40+00:00;https://www.openstreetmap.org/user/Ekki_df4or
788;1496865;mauropili;4;165;161;2,42;0;0;0;4;0;0;2024-07-05T19:57:27+00:00;2024-08-21T16:10:54+00:00;https://www.openstreetmap.org/user/mauropili
789;1661196;ovunquista;4;128;124;3,12;0;0;4;0;0;0;2023-02-06T12:07:40+00:00;2023-02-06T18:43:13+00:00;https://www.openstreetmap.org/user/ovunquista
790;1722488;Mateusz Konieczny;4;55714;55710;0,01;0;0;1;0;3;0;2023-01-18T09:07:08+00:00;2025-12-19T07:39:29+00:00;https://www.openstreetmap.org/user/Mateusz%20Konieczny
791;1751359;andrea_bussi;4;265;261;1,51;0;4;0;0;0;0;2022-06-05T07:45:14+00:00;2022-06-06T12:31:05+00:00;https://www.openstreetmap.org/user/andrea_bussi
792;1806050;mfortini;4;655;651;0,61;0;0;0;0;3;1;2025-07-25T15:35:29+00:00;2026-07-18T18:17:38+00:00;https://www.openstreetmap.org/user/mfortini
793;2201521;quibitcoin;4;163;159;2,45;2;2;0;0;0;0;2021-01-25T23:46:13+00:00;2022-03-03T13:39:20+00:00;https://www.openstreetmap.org/user/quibitcoin
794;2331851;Datová žurnalistika;4;2047;2043;0,20;0;0;0;0;4;0;2025-04-13T14:01:40+00:00;2025-04-13T16:01:23+00:00;https://www.openstreetmap.org/user/Datov%C3%A1%20%C5%BEurnalistika
795;2666431;MissAnnabelleLee;4;263;259;1,52;0;0;0;0;4;0;2025-06-09T11:32:56+00:00;2025-06-09T11:33:02+00:00;https://www.openstreetmap.org/user/MissAnnabelleLee
796;2733258;5bird;4;499;495;0,80;0;0;0;0;0;4;2026-06-05T12:33:03+00:00;2026-06-05T12:34:39+00:00;https://www.openstreetmap.org/user/5bird
797;2968325;der seth;4;154;150;2,60;0;0;4;0;0;0;2023-08-30T10:35:39+00:00;2023-08-30T22:17:39+00:00;https://www.openstreetmap.org/user/der%20seth
798;3544979;Jotar74;4;4;0;100,00;1;2;0;1;0;0;2021-12-23T09:08:25+00:00;2024-01-23T15:36:12+00:00;https://www.openstreetmap.org/user/Jotar74
799;5305603;tappoz;4;49;45;8,16;0;4;0;0;0;0;2022-06-02T17:21:47+00:00;2022-06-14T14:33:30+00:00;https://www.openstreetmap.org/user/tappoz
800;5317920;HrsAppDevelopment;4;250;246;1,60;0;1;3;0;0;0;2022-12-03T15:20:54+00:00;2023-06-26T22:06:02+00:00;https://www.openstreetmap.org/user/HrsAppDevelopment
801;5581160;Mauro 61;4;9;5;44,44;4;0;0;0;0;0;2021-06-15T16:40:33+00:00;2021-06-15T17:10:07+00:00;https://www.openstreetmap.org/user/Mauro%2061
802;5721717;Stefano Manfredini;4;1364;1360;0,29;0;0;0;0;3;1;2025-03-07T17:19:49+00:00;2026-02-04T15:26:35+00:00;https://www.openstreetmap.org/user/Stefano%20Manfredini
803;6259189;CrikCrok;4;4;0;100,00;0;0;0;0;4;0;2025-05-15T16:01:03+00:00;2025-05-15T16:17:58+00:00;https://www.openstreetmap.org/user/CrikCrok
804;8123953;Davileci;4;23068;23064;0,02;0;0;0;4;0;0;2024-11-17T23:24:19+00:00;2024-11-17T23:34:41+00:00;https://www.openstreetmap.org/user/Davileci
805;8301655;Carlo Melito;4;69;65;5,80;1;1;2;0;0;0;2021-05-19T17:21:03+00:00;2023-02-15T21:31:46+00:00;https://www.openstreetmap.org/user/Carlo%20Melito
806;8650769;Viki_travel_weak;4;3854;3850;0,10;4;0;0;0;0;0;2021-11-24T13:01:44+00:00;2021-11-24T13:43:57+00:00;https://www.openstreetmap.org/user/Viki_travel_weak
807;9451594;Gabriele Parisini;4;4;0;100,00;0;0;0;1;3;0;2024-12-05T17:31:07+00:00;2025-07-20T09:07:43+00:00;https://www.openstreetmap.org/user/Gabriele%20Parisini
808;9454141;il-Brando;4;107;103;3,74;0;0;0;4;0;0;2024-10-04T09:30:32+00:00;2024-10-04T13:42:06+00:00;https://www.openstreetmap.org/user/il-Brando
809;9473121;Red Zeppelin;4;2709;2705;0,15;0;0;0;0;0;4;2026-08-06T17:26:19+00:00;2026-08-06T17:37:50+00:00;https://www.openstreetmap.org/user/Red%20Zeppelin
810;10061533;TheRukk;4;230;226;1,74;0;4;0;0;0;0;2022-09-18T18:08:56+00:00;2022-09-18T18:13:50+00:00;https://www.openstreetmap.org/user/TheRukk
811;10110833;annegru*234;4;7;3;57,14;4;0;0;0;0;0;2021-07-08T20:13:07+00:00;2021-07-16T15:35:17+00:00;https://www.openstreetmap.org/user/annegru%2A234
812;10253650;ivan calamelli;4;56;52;7,14;0;0;0;4;0;0;2024-03-26T16:39:44+00:00;2024-06-11T05:56:09+00:00;https://www.openstreetmap.org/user/ivan%20calamelli
813;10291543;Babbe;4;5517;5513;0,07;0;0;0;4;0;0;2024-06-13T20:29:24+00:00;2024-06-14T12:31:47+00:00;https://www.openstreetmap.org/user/Babbe
814;10370394;Skydive Sunrise;4;4;0;100,00;4;0;0;0;0;0;2021-05-22T09:59:11+00:00;2021-05-22T10:02:37+00:00;https://www.openstreetmap.org/user/Skydive%20Sunrise
815;10948218;Giorgio Marinelli;4;9;5;44,44;0;0;0;0;4;0;2025-06-09T21:17:17+00:00;2025-08-09T07:27:25+00:00;https://www.openstreetmap.org/user/Giorgio%20Marinelli
816;11276832;HaPe-CZ;4;63023;63019;0,01;0;0;4;0;0;0;2023-10-20T20:32:15+00:00;2023-10-20T20:41:49+00:00;https://www.openstreetmap.org/user/HaPe-CZ
817;11452275;VLD171;4;19268;19264;0,02;0;0;0;4;0;0;2024-01-04T19:56:27+00:00;2024-01-04T22:42:44+00:00;https://www.openstreetmap.org/user/VLD171
818;11792377;kolasau;4;9545;9541;0,04;3;1;0;0;0;0;2021-09-10T09:47:43+00:00;2022-07-26T09:38:16+00:00;https://www.openstreetmap.org/user/kolasau
819;12315592;Manuela Moreschini;4;4;0;100,00;4;0;0;0;0;0;2021-03-06T19:15:45+00:00;2021-03-11T17:02:40+00:00;https://www.openstreetmap.org/user/Manuela%20Moreschini
820;12646296;KinGaume;4;4;0;100,00;4;0;0;0;0;0;2021-03-19T13:00:12+00:00;2021-03-19T13:18:49+00:00;https://www.openstreetmap.org/user/KinGaume
821;12682146;Dmithry;4;1396;1392;0,29;4;0;0;0;0;0;2021-12-07T10:14:04+00:00;2021-12-08T08:17:21+00:00;https://www.openstreetmap.org/user/Dmithry
822;12893226;Nikogeko;4;4;0;100,00;4;0;0;0;0;0;2021-03-25T17:03:10+00:00;2021-03-28T15:59:20+00:00;https://www.openstreetmap.org/user/Nikogeko
823;14277619;NastiaP1;4;807;803;0,50;3;0;1;0;0;0;2021-12-08T07:38:34+00:00;2023-05-13T10:25:21+00:00;https://www.openstreetmap.org/user/NastiaP1
824;14309561;kmpoppe (@ Mapillary Update);4;189110;189106;0,00;0;4;0;0;0;0;2022-10-14T05:10:30+00:00;2022-10-31T03:45:42+00:00;https://www.openstreetmap.org/user/kmpoppe%20%28%40%20Mapillary%20Update%29
825;14442329;MaryiaKuklis1111;4;692;688;0,58;4;0;0;0;0;0;2021-12-06T16:50:52+00:00;2021-12-08T14:16:28+00:00;https://www.openstreetmap.org/user/MaryiaKuklis1111
826;14486574;Norsetto;4;49;45;8,16;0;4;0;0;0;0;2022-03-08T15:17:44+00:00;2022-11-13T14:11:52+00:00;https://www.openstreetmap.org/user/Norsetto
827;14562823;Federico Massi;4;4;0;100,00;0;2;0;0;2;0;2022-08-24T11:50:20+00:00;2025-08-09T08:52:13+00:00;https://www.openstreetmap.org/user/Federico%20Massi
828;14728720;Saa_dani;4;4270;4266;0,09;0;4;0;0;0;0;2022-09-27T05:25:12+00:00;2022-09-30T11:22:20+00:00;https://www.openstreetmap.org/user/Saa_dani
829;14728722;Kallar_N;4;8123;8119;0,05;0;4;0;0;0;0;2022-11-24T03:32:02+00:00;2022-12-19T11:34:20+00:00;https://www.openstreetmap.org/user/Kallar_N
830;14728752;Schnee_berg;4;2592;2588;0,15;0;4;0;0;0;0;2022-07-18T11:31:51+00:00;2022-07-25T05:54:39+00:00;https://www.openstreetmap.org/user/Schnee_berg
831;15049287;Marika_;4;106;102;3,77;0;4;0;0;0;0;2022-05-02T12:54:45+00:00;2022-05-02T13:04:52+00:00;https://www.openstreetmap.org/user/Marika_
832;15204658;Ra_colate;4;23279;23275;0,02;0;1;3;0;0;0;2022-10-10T07:06:16+00:00;2023-11-17T11:23:28+00:00;https://www.openstreetmap.org/user/Ra_colate
833;15268367;Marcomar91;4;4;0;100,00;0;4;0;0;0;0;2022-03-08T23:45:11+00:00;2022-03-18T19:37:47+00:00;https://www.openstreetmap.org/user/Marcomar91
834;15667876;wagi88;4;4;0;100,00;0;4;0;0;0;0;2022-04-22T20:54:08+00:00;2022-06-08T21:07:26+00:00;https://www.openstreetmap.org/user/wagi88
835;16198103;marco marziani;4;4;0;100,00;0;4;0;0;0;0;2022-06-04T12:48:55+00:00;2022-06-21T09:49:48+00:00;https://www.openstreetmap.org/user/marco%20marziani
836;16296562;Picchio34532;4;4;0;100,00;0;4;0;0;0;0;2022-06-16T16:53:08+00:00;2022-06-17T07:22:28+00:00;https://www.openstreetmap.org/user/Picchio34532
837;16368906;4ngelus85;4;21;17;19,05;0;0;4;0;0;0;2023-12-25T04:59:41+00:00;2023-12-25T05:01:26+00:00;https://www.openstreetmap.org/user/4ngelus85
838;16493796;Pillolola;4;4;0;100,00;0;4;0;0;0;0;2022-07-09T12:33:06+00:00;2022-07-09T12:45:44+00:00;https://www.openstreetmap.org/user/Pillolola
839;17280747;Pow_AR;4;1798;1794;0,22;0;4;0;0;0;0;2022-11-29T05:00:29+00:00;2022-11-29T06:15:17+00:00;https://www.openstreetmap.org/user/Pow_AR
840;17384396;Killaking;4;885;881;0,45;0;4;0;0;0;0;2022-10-12T16:12:12+00:00;2022-10-12T16:49:51+00:00;https://www.openstreetmap.org/user/Killaking
841;17397802;Shaforenko_Anastasiya;4;992;988;0,40;0;4;0;0;0;0;2022-11-03T14:52:42+00:00;2022-12-16T13:45:39+00:00;https://www.openstreetmap.org/user/Shaforenko_Anastasiya
842;17866617;Nip22;4;4;0;100,00;0;4;0;0;0;0;2022-12-02T15:05:42+00:00;2022-12-02T15:37:28+00:00;https://www.openstreetmap.org/user/Nip22
843;18045123;Cristina Monterisi_poliba;4;16;12;25,00;0;0;4;0;0;0;2023-06-22T11:24:19+00:00;2023-06-26T12:11:22+00:00;https://www.openstreetmap.org/user/Cristina%20Monterisi_poliba
844;18063623;DomeF;4;1018;1014;0,39;0;0;0;0;4;0;2025-09-24T13:58:56+00:00;2025-09-24T14:38:38+00:00;https://www.openstreetmap.org/user/DomeF
845;18399395;Dragos Simion;4;5;1;80,00;0;0;0;4;0;0;2024-07-16T09:24:15+00:00;2024-07-16T09:38:06+00:00;https://www.openstreetmap.org/user/Dragos%20Simion
846;18921561;DS402;4;25;21;16,00;0;0;4;0;0;0;2023-04-11T23:00:07+00:00;2023-04-12T17:26:22+00:00;https://www.openstreetmap.org/user/DS402
847;19174018;AdamWest;4;1388;1384;0,29;0;0;0;0;4;0;2025-08-05T09:12:51+00:00;2025-08-05T12:52:40+00:00;https://www.openstreetmap.org/user/AdamWest
848;20087331;J12345678901234567890;4;4;0;100,00;0;0;4;0;0;0;2023-08-19T10:13:34+00:00;2023-08-19T16:13:41+00:00;https://www.openstreetmap.org/user/J12345678901234567890
849;20195239;EmmeP1;4;102;98;3,92;0;0;4;0;0;0;2023-09-08T15:53:18+00:00;2023-09-08T15:56:47+00:00;https://www.openstreetmap.org/user/EmmeP1
850;20440024;tatsiana-krauchanka;4;973;969;0,41;0;0;0;0;3;1;2025-06-13T14:22:48+00:00;2026-03-13T07:48:54+00:00;https://www.openstreetmap.org/user/tatsiana-krauchanka
851;20440591;Anton Kasheuski;4;4674;4670;0,09;0;0;0;4;0;0;2024-01-19T14:25:52+00:00;2024-04-16T15:06:22+00:00;https://www.openstreetmap.org/user/Anton%20Kasheuski
852;20554641;FrOsmap;4;6;2;66,67;0;0;1;3;0;0;2023-11-05T17:14:44+00:00;2024-03-22T18:08:29+00:00;https://www.openstreetmap.org/user/FrOsmap
853;20574409;pafgoku;4;274;270;1,46;0;0;0;3;1;0;2024-08-01T03:28:30+00:00;2025-06-19T10:15:06+00:00;https://www.openstreetmap.org/user/pafgoku
854;20576258;climaria;4;4;0;100,00;0;0;4;0;0;0;2023-12-24T23:25:55+00:00;2023-12-25T22:09:51+00:00;https://www.openstreetmap.org/user/climaria
855;20805495;traveler365;4;6;2;66,67;0;0;0;4;0;0;2024-01-02T17:40:39+00:00;2024-01-02T18:00:27+00:00;https://www.openstreetmap.org/user/traveler365
856;20939392;tarpano;4;4;0;100,00;0;0;0;2;2;0;2024-01-26T17:21:54+00:00;2025-12-11T10:35:55+00:00;https://www.openstreetmap.org/user/tarpano
857;21174902;Babins;4;4;0;100,00;0;0;0;4;0;0;2024-03-07T11:00:05+00:00;2024-03-07T11:28:21+00:00;https://www.openstreetmap.org/user/Babins
858;21175322;sndrx;4;4;0;100,00;0;0;0;4;0;0;2024-03-07T10:52:31+00:00;2024-03-07T11:18:32+00:00;https://www.openstreetmap.org/user/sndrx
859;21445501;Riky_94;4;40;36;10,00;0;0;0;0;4;0;2025-12-28T16:35:56+00:00;2025-12-29T15:17:15+00:00;https://www.openstreetmap.org/user/Riky_94
860;21505435;miki130504;4;4;0;100,00;0;0;0;4;0;0;2024-05-15T08:41:04+00:00;2024-10-07T10:12:35+00:00;https://www.openstreetmap.org/user/miki130504
861;21857983;Maxim Cognigni;4;4;0;100,00;0;0;0;4;0;0;2024-08-17T14:21:44+00:00;2024-08-26T17:50:42+00:00;https://www.openstreetmap.org/user/Maxim%20Cognigni
862;21883044;edobenfe;4;670;666;0,60;0;0;0;0;0;4;2026-03-27T20:08:27+00:00;2026-09-15T18:23:45+00:00;https://www.openstreetmap.org/user/edobenfe
863;22094720;Vitalina Hryharkevich;4;8160;8156;0,05;0;0;0;0;4;0;2025-05-05T15:24:39+00:00;2025-05-05T15:48:14+00:00;https://www.openstreetmap.org/user/Vitalina%20Hryharkevich
864;22195032;MarcoCJesi;4;4;0;100,00;0;0;0;3;1;0;2024-11-19T08:00:17+00:00;2025-05-21T08:57:05+00:00;https://www.openstreetmap.org/user/MarcoCJesi
865;22259596;Simona Lucchetti;4;85;81;4,71;0;0;0;4;0;0;2024-12-05T19:53:56+00:00;2024-12-08T11:18:37+00:00;https://www.openstreetmap.org/user/Simona%20Lucchetti
866;22474879;LeoPeo;4;15;11;26,67;0;0;0;0;4;0;2025-05-17T08:23:59+00:00;2025-08-20T08:08:22+00:00;https://www.openstreetmap.org/user/LeoPeo
867;22537488;ivo mooskeau;4;4;0;100,00;0;0;0;0;4;0;2025-02-19T18:29:45+00:00;2025-06-29T09:26:07+00:00;https://www.openstreetmap.org/user/ivo%20mooskeau
868;22548853;FilippoPalmucci;4;4;0;100,00;0;0;0;0;4;0;2025-02-22T14:11:27+00:00;2025-02-22T14:49:48+00:00;https://www.openstreetmap.org/user/FilippoPalmucci
869;22614977;pavelito;4;1451;1447;0,28;0;0;0;0;0;4;2026-03-11T08:23:16+00:00;2026-07-07T15:25:36+00:00;https://www.openstreetmap.org/user/pavelito
870;22716101;BenDm86;4;51;47;7,84;0;0;0;0;4;0;2025-08-02T09:59:58+00:00;2025-08-08T04:37:47+00:00;https://www.openstreetmap.org/user/BenDm86
871;22732628;Silvianddd;4;4;0;100,00;0;0;0;0;4;0;2025-04-10T13:42:08+00:00;2025-04-10T13:48:41+00:00;https://www.openstreetmap.org/user/Silvianddd
872;22734330;m_fuhrmann;4;6048;6044;0,07;0;0;0;0;0;4;2026-02-25T14:55:38+00:00;2026-02-25T19:43:55+00:00;https://www.openstreetmap.org/user/m_fuhrmann
873;22937323;RobStr75;4;152;148;2,63;0;0;0;0;4;0;2025-05-31T17:39:33+00:00;2025-05-31T17:41:28+00:00;https://www.openstreetmap.org/user/RobStr75
874;22954076;Accalappia;4;948;944;0,42;0;0;0;0;1;3;2025-06-16T21:10:28+00:00;2026-08-31T21:07:35+00:00;https://www.openstreetmap.org/user/Accalappia
875;22965509;Borghi Italia;4;4;0;100,00;0;0;0;0;4;0;2025-06-03T11:08:39+00:00;2025-06-03T11:12:55+00:00;https://www.openstreetmap.org/user/Borghi%20Italia
876;22989935;luciano egidi;4;4;0;100,00;0;0;0;0;0;4;2026-03-26T10:43:47+00:00;2026-04-09T15:18:30+00:00;https://www.openstreetmap.org/user/luciano%20egidi
877;23379837;Jonathan_Compagnucci;4;4;0;100,00;0;0;0;0;3;1;2025-10-09T14:58:10+00:00;2026-01-17T18:01:04+00:00;https://www.openstreetmap.org/user/Jonathan_Compagnucci
878;23711873;Heisen Park;4;4;0;100,00;0;0;0;0;0;4;2026-01-15T10:45:30+00:00;2026-01-15T10:46:57+00:00;https://www.openstreetmap.org/user/Heisen%20Park
879;23763533;ElenaPaniccia;4;4;0;100,00;0;0;0;0;0;4;2026-01-28T19:52:05+00:00;2026-01-28T20:20:37+00:00;https://www.openstreetmap.org/user/ElenaPaniccia
880;23832743;Ghazi khadija;4;11;7;36,36;0;0;0;0;0;4;2026-03-31T07:13:02+00:00;2026-05-04T09:15:04+00:00;https://www.openstreetmap.org/user/Ghazi%20khadija
881;23832795;Jaddd;4;7;3;57,14;0;0;0;0;0;4;2026-03-30T09:45:17+00:00;2026-05-26T07:27:08+00:00;https://www.openstreetmap.org/user/Jaddd
882;23863896;Davide marangoni;4;9;5;44,44;0;0;0;0;0;4;2026-03-30T09:05:13+00:00;2026-05-05T08:03:32+00:00;https://www.openstreetmap.org/user/Davide%20marangoni
883;23915031;Cristhàlia;4;4;0;100,00;0;0;0;0;0;4;2026-03-08T17:40:20+00:00;2026-03-08T17:55:59+00:00;https://www.openstreetmap.org/user/Cristh%C3%A0lia
884;24124182;Pambianchi Daniel;4;4;0;100,00;0;0;0;0;0;4;2026-05-14T06:34:46+00:00;2026-05-14T08:32:27+00:00;https://www.openstreetmap.org/user/Pambianchi%20Daniel
885;24233968;Rudolf_W;4;4;0;100,00;0;0;0;0;0;4;2026-06-20T11:56:59+00:00;2026-06-23T06:25:03+00:00;https://www.openstreetmap.org/user/Rudolf_W
886;24239500;Viottausen;4;4;0;100,00;0;0;0;0;0;4;2026-06-22T13:30:27+00:00;2026-06-22T13:40:19+00:00;https://www.openstreetmap.org/user/Viottausen
887;24366914;jpewww;4;4;0;100,00;0;0;0;0;0;4;2026-07-30T11:17:46+00:00;2026-08-03T12:03:41+00:00;https://www.openstreetmap.org/user/jpewww
888;24548215;Erres61;4;6;2;66,67;0;0;0;0;0;4;2026-09-13T09:27:37+00:00;2026-09-17T16:47:52+00:00;https://www.openstreetmap.org/user/Erres61
889;3114;chippy;3;187;184;1,60;0;3;0;0;0;0;2022-04-29T19:33:39+00:00;2022-04-29T19:44:32+00:00;https://www.openstreetmap.org/user/chippy
890;4732;iandees;3;4398;4395;0,07;0;0;0;0;0;3;2026-03-09T13:22:44+00:00;2026-03-30T13:40:36+00:00;https://www.openstreetmap.org/user/iandees
891;9176;Maarten Deen;3;4259;4256;0,07;2;0;0;1;0;0;2021-10-03T10:08:04+00:00;2024-05-04T11:53:18+00:00;https://www.openstreetmap.org/user/Maarten%20Deen
892;42123;Ropino;3;70239;70236;0,00;0;1;0;1;1;0;2022-09-15T09:26:04+00:00;2025-04-25T08:31:25+00:00;https://www.openstreetmap.org/user/Ropino
893;45347;eriosw;3;1381;1378;0,22;0;3;0;0;0;0;2022-07-24T12:40:05+00:00;2022-07-24T13:00:03+00:00;https://www.openstreetmap.org/user/eriosw
894;53188;Enrico Rossi;3;228;225;1,32;0;0;2;0;1;0;2023-08-08T12:44:14+00:00;2025-07-20T16:20:11+00:00;https://www.openstreetmap.org/user/Enrico%20Rossi
895;118311;FraMauro;3;353;350;0,85;3;0;0;0;0;0;2021-10-04T15:24:17+00:00;2021-10-13T19:40:30+00:00;https://www.openstreetmap.org/user/FraMauro
896;173909;kittykat3756;3;90;87;3,33;0;3;0;0;0;0;2022-06-25T22:25:52+00:00;2022-11-12T18:22:40+00:00;https://www.openstreetmap.org/user/kittykat3756
897;178610;Pab09;3;538;535;0,56;0;0;0;2;1;0;2024-07-23T14:27:44+00:00;2025-11-03T08:07:03+00:00;https://www.openstreetmap.org/user/Pab09
898;379560;trahflow;3;661;658;0,45;0;0;0;0;0;3;2026-09-10T07:30:19+00:00;2026-09-10T07:31:02+00:00;https://www.openstreetmap.org/user/trahflow
899;483075;lyctkel;3;21864;21861;0,01;0;3;0;0;0;0;2022-05-21T20:18:49+00:00;2022-06-23T18:18:58+00:00;https://www.openstreetmap.org/user/lyctkel
900;507006;Pietro Magnanini;3;13;10;23,08;0;0;0;0;3;0;2025-03-22T20:00:55+00:00;2025-06-10T10:56:25+00:00;https://www.openstreetmap.org/user/Pietro%20Magnanini
901;519916;googlenaut;3;97344;97341;0,00;0;0;3;0;0;0;2023-03-01T08:49:10+00:00;2023-03-01T08:53:13+00:00;https://www.openstreetmap.org/user/googlenaut
902;542131;splisp;3;3;0;100,00;1;1;0;0;1;0;2021-06-26T15:19:10+00:00;2025-04-15T17:15:24+00:00;https://www.openstreetmap.org/user/splisp
903;544235;cuzi;3;24459;24456;0,01;0;0;0;0;1;2;2025-05-05T16:42:48+00:00;2026-09-14T21:47:35+00:00;https://www.openstreetmap.org/user/cuzi
904;579620;Luport;3;9;6;33,33;0;2;0;0;1;0;2022-12-05T09:59:02+00:00;2025-04-22T08:47:37+00:00;https://www.openstreetmap.org/user/Luport
905;670683;nerimic;3;35;32;8,57;0;0;0;1;2;0;2024-12-27T14:31:30+00:00;2025-05-06T11:56:39+00:00;https://www.openstreetmap.org/user/nerimic
906;701800;bdsklo;3;5;2;60,00;0;0;0;0;3;0;2025-06-01T16:26:49+00:00;2025-06-02T11:24:06+00:00;https://www.openstreetmap.org/user/bdsklo
907;744907;Andrea Cerquozzi;3;4;1;75,00;3;0;0;0;0;0;2021-05-09T17:38:23+00:00;2021-05-09T18:14:18+00:00;https://www.openstreetmap.org/user/Andrea%20Cerquozzi
908;1036998;maxiclimb;3;94;91;3,19;3;0;0;0;0;0;2021-04-27T14:31:33+00:00;2021-04-29T12:18:43+00:00;https://www.openstreetmap.org/user/maxiclimb
909;1337142;Nordpfeil;3;20992;20989;0,01;1;0;0;1;1;0;2021-06-24T11:05:59+00:00;2025-10-24T07:39:07+00:00;https://www.openstreetmap.org/user/Nordpfeil
910;1595233;gnastyle;3;50;47;6,00;3;0;0;0;0;0;2021-02-19T14:14:19+00:00;2021-09-30T12:07:37+00:00;https://www.openstreetmap.org/user/gnastyle
911;1894171;PaoloRosati;3;117;114;2,56;0;3;0;0;0;0;2022-12-02T13:55:36+00:00;2022-12-02T15:55:45+00:00;https://www.openstreetmap.org/user/PaoloRosati
912;1904925;malaerba;3;228;225;1,32;0;2;0;0;1;0;2022-10-31T13:15:07+00:00;2025-09-07T19:54:37+00:00;https://www.openstreetmap.org/user/malaerba
913;1923366;maxculver;3;343;340;0,87;0;0;0;0;3;0;2025-11-08T12:11:31+00:00;2025-11-08T12:58:31+00:00;https://www.openstreetmap.org/user/maxculver
914;2221475;Sambu83;3;3;0;100,00;0;0;3;0;0;0;2023-05-12T11:59:55+00:00;2023-05-12T12:05:18+00:00;https://www.openstreetmap.org/user/Sambu83
915;2360444;rikmede;3;2124;2121;0,14;0;0;0;3;0;0;2024-02-01T09:47:43+00:00;2024-03-07T14:06:36+00:00;https://www.openstreetmap.org/user/rikmede
916;2509745;dvdkon;3;243;240;1,23;0;3;0;0;0;0;2022-07-12T08:07:10+00:00;2022-07-13T14:22:39+00:00;https://www.openstreetmap.org/user/dvdkon
917;2912045;Pankowradler;3;2346;2343;0,13;0;0;0;3;0;0;2024-05-18T18:02:15+00:00;2024-05-18T18:05:27+00:00;https://www.openstreetmap.org/user/Pankowradler
918;3041369;ogghi;3;171;168;1,75;0;0;3;0;0;0;2023-01-13T10:43:54+00:00;2023-01-13T10:44:34+00:00;https://www.openstreetmap.org/user/ogghi
919;3206305;HiddeWie;3;1609;1606;0,19;0;0;0;0;0;3;2026-07-10T15:47:19+00:00;2026-08-01T15:21:55+00:00;https://www.openstreetmap.org/user/HiddeWie
920;3335735;nick1993;3;10105;10102;0,03;0;0;0;0;3;0;2025-09-09T21:33:39+00:00;2025-09-24T19:39:55+00:00;https://www.openstreetmap.org/user/nick1993
921;3478535;lumacraft;3;4441;4438;0,07;0;1;0;0;1;1;2022-06-19T09:18:50+00:00;2026-02-13T17:32:04+00:00;https://www.openstreetmap.org/user/lumacraft
922;3557184;lobanon;3;604;601;0,50;3;0;0;0;0;0;2021-01-02T11:51:23+00:00;2021-01-02T11:52:08+00:00;https://www.openstreetmap.org/user/lobanon
923;3666419;pavlina88;3;428;425;0,70;0;0;0;0;0;3;2026-08-04T07:18:24+00:00;2026-09-15T14:33:01+00:00;https://www.openstreetmap.org/user/pavlina88
924;4024048;OpenKartograph;3;381;378;0,79;3;0;0;0;0;0;2021-06-02T19:33:03+00:00;2021-06-02T20:01:08+00:00;https://www.openstreetmap.org/user/OpenKartograph
925;4085576;Luca Venegoni;3;78;75;3,85;3;0;0;0;0;0;2021-07-01T17:26:48+00:00;2021-07-09T14:02:50+00:00;https://www.openstreetmap.org/user/Luca%20Venegoni
926;4238703;paso92;3;669;666;0,45;0;0;2;0;1;0;2023-04-16T08:15:30+00:00;2025-02-18T13:59:48+00:00;https://www.openstreetmap.org/user/paso92
927;4439645;gs3§zba;3;1935;1932;0,16;0;0;3;0;0;0;2023-04-15T09:25:00+00:00;2023-04-15T11:37:20+00:00;https://www.openstreetmap.org/user/gs3%C2%A7zba
928;4945883;StefanoConti;3;3;0;100,00;0;0;0;3;0;0;2024-05-10T02:30:26+00:00;2024-05-10T02:32:57+00:00;https://www.openstreetmap.org/user/StefanoConti
929;5396927;Lorenz J;3;13;10;23,08;0;0;3;0;0;0;2023-05-26T07:12:01+00:00;2023-05-31T08:11:06+00:00;https://www.openstreetmap.org/user/Lorenz%20J
930;6201821;Walter Mayeku;3;10192;10189;0,03;0;0;0;0;2;1;2025-08-13T16:10:29+00:00;2026-06-01T18:42:13+00:00;https://www.openstreetmap.org/user/Walter%20Mayeku
931;6373786;Piacevole;3;4;1;75,00;2;1;0;0;0;0;2021-10-20T11:05:10+00:00;2022-09-16T16:39:16+00:00;https://www.openstreetmap.org/user/Piacevole
932;7014121;ArWe1970;3;8;5;37,50;0;0;0;0;3;0;2025-06-16T16:37:21+00:00;2025-06-18T11:34:43+00:00;https://www.openstreetmap.org/user/ArWe1970
933;7416191;Ivobart;3;4;1;75,00;2;1;0;0;0;0;2021-10-22T18:23:59+00:00;2022-02-06T20:23:11+00:00;https://www.openstreetmap.org/user/Ivobart
934;7457996;Juma93;3;7;4;42,86;0;0;0;3;0;0;2024-06-06T19:47:01+00:00;2024-06-06T19:55:02+00:00;https://www.openstreetmap.org/user/Juma93
935;8265165;Discostu36;3;3690;3687;0,08;0;0;0;0;3;0;2025-08-26T12:27:54+00:00;2025-08-26T14:05:09+00:00;https://www.openstreetmap.org/user/Discostu36
936;8726248;traveleditor;3;6578;6575;0,05;0;3;0;0;0;0;2022-11-25T12:19:58+00:00;2022-12-05T13:20:03+00:00;https://www.openstreetmap.org/user/traveleditor
937;8844626;Marewani;3;3;0;100,00;0;0;0;1;0;2;2024-12-19T15:27:05+00:00;2026-07-15T13:11:45+00:00;https://www.openstreetmap.org/user/Marewani
938;8955470;Minilepre;3;517;514;0,58;0;0;0;0;3;0;2025-06-21T16:48:31+00:00;2025-07-04T14:34:16+00:00;https://www.openstreetmap.org/user/Minilepre
939;9006927;francians;3;2925;2922;0,10;2;0;0;0;1;0;2021-12-24T17:48:22+00:00;2025-05-04T16:47:25+00:00;https://www.openstreetmap.org/user/francians
940;9075256;Von Grunf;3;7;4;42,86;0;3;0;0;0;0;2022-09-17T22:00:41+00:00;2022-09-22T14:55:09+00:00;https://www.openstreetmap.org/user/Von%20Grunf
941;9964866;Ross67;3;5;2;60,00;0;0;3;0;0;0;2023-06-28T07:57:05+00:00;2023-06-28T08:00:32+00:00;https://www.openstreetmap.org/user/Ross67
942;10074430;helgela;3;1988;1985;0,15;3;0;0;0;0;0;2021-07-13T14:18:50+00:00;2021-07-17T19:04:00+00:00;https://www.openstreetmap.org/user/helgela
943;10153698;Francesco Cioria;3;230;227;1,30;0;0;0;3;0;0;2024-08-10T19:22:03+00:00;2024-08-11T08:25:22+00:00;https://www.openstreetmap.org/user/Francesco%20Cioria
944;10200706;Bojan023;3;22;19;13,64;0;0;3;0;0;0;2023-07-24T08:39:11+00:00;2023-07-24T08:52:28+00:00;https://www.openstreetmap.org/user/Bojan023
945;10212167;kupube;3;125;122;2,40;0;3;0;0;0;0;2022-07-30T09:53:21+00:00;2022-08-13T07:59:30+00:00;https://www.openstreetmap.org/user/kupube
946;10470011;iagomago;3;41;38;7,32;0;0;0;3;0;0;2024-07-05T09:39:25+00:00;2024-11-21T07:14:14+00:00;https://www.openstreetmap.org/user/iagomago
947;10613119;chalkandsun;3;15;12;20,00;0;0;0;0;0;3;2026-06-16T18:08:25+00:00;2026-06-18T13:18:07+00:00;https://www.openstreetmap.org/user/chalkandsun
948;10814441;egordobatovkin;3;2831;2828;0,11;0;3;0;0;0;0;2022-12-13T18:19:45+00:00;2022-12-13T19:15:19+00:00;https://www.openstreetmap.org/user/egordobatovkin
949;10861203;Nicola Pez;3;3;0;100,00;0;0;3;0;0;0;2023-05-08T11:27:12+00:00;2023-05-08T11:39:36+00:00;https://www.openstreetmap.org/user/Nicola%20Pez
950;10893436;Dimitar155;3;40770;40767;0,01;1;1;0;1;0;0;2021-06-15T11:57:15+00:00;2024-01-10T15:38:12+00:00;https://www.openstreetmap.org/user/Dimitar155
951;11437083;czebureks;3;14457;14454;0,02;0;0;0;0;3;0;2025-07-10T17:56:08+00:00;2025-07-18T16:07:56+00:00;https://www.openstreetmap.org/user/czebureks
952;11563061;Michał Mitrosz;3;293;290;1,02;0;0;3;0;0;0;2023-06-07T07:19:14+00:00;2023-06-07T07:21:33+00:00;https://www.openstreetmap.org/user/Micha%C5%82%20Mitrosz
953;11645399;davidoskky;3;3153;3150;0,10;0;3;0;0;0;0;2022-02-19T15:36:28+00:00;2022-09-24T18:48:29+00:00;https://www.openstreetmap.org/user/davidoskky
954;11758604;map per;3;15145;15142;0,02;0;2;0;0;1;0;2022-11-13T08:30:42+00:00;2025-07-14T13:01:48+00:00;https://www.openstreetmap.org/user/map%20per
955;11776477;hugepanic;3;43;40;6,98;0;0;0;3;0;0;2024-03-20T19:25:11+00:00;2024-03-21T08:57:11+00:00;https://www.openstreetmap.org/user/hugepanic
956;11780163;Amerigo D;3;3;0;100,00;2;1;0;0;0;0;2021-01-08T11:25:32+00:00;2022-11-06T21:45:31+00:00;https://www.openstreetmap.org/user/Amerigo%20D
957;11832442;Marco Colombera;3;6;3;50,00;3;0;0;0;0;0;2021-04-14T07:57:46+00:00;2021-04-14T08:09:53+00:00;https://www.openstreetmap.org/user/Marco%20Colombera
958;11898577;Scorbutico;3;9;6;33,33;3;0;0;0;0;0;2021-04-20T07:29:43+00:00;2021-04-20T08:05:12+00:00;https://www.openstreetmap.org/user/Scorbutico
959;12237194;Shhhhhh18873;3;3;0;100,00;3;0;0;0;0;0;2021-11-03T16:08:36+00:00;2021-11-04T09:30:31+00:00;https://www.openstreetmap.org/user/Shhhhhh18873
960;12279252;Argo13;3;3;0;100,00;3;0;0;0;0;0;2021-03-08T08:30:36+00:00;2021-03-14T18:36:33+00:00;https://www.openstreetmap.org/user/Argo13
961;12305705;Ciasco;3;3;0;100,00;3;0;0;0;0;0;2021-01-17T17:05:30+00:00;2021-01-17T17:05:46+00:00;https://www.openstreetmap.org/user/Ciasco
962;12387555;user_12387555;3;349;346;0,86;0;2;1;0;0;0;2022-05-09T23:15:17+00:00;2023-01-25T20:03:59+00:00;https://www.openstreetmap.org/user/user_12387555
963;12478216;earthlydelight;3;27;24;11,11;0;0;0;0;3;0;2025-08-14T12:38:11+00:00;2025-08-14T12:39:39+00:00;https://www.openstreetmap.org/user/earthlydelight
964;12511136;Sebasawk;3;5854;5851;0,05;0;0;3;0;0;0;2023-07-17T10:26:58+00:00;2023-09-11T11:24:11+00:00;https://www.openstreetmap.org/user/Sebasawk
965;12841818;StefoXP;3;3;0;100,00;3;0;0;0;0;0;2021-03-13T13:32:43+00:00;2021-03-19T17:16:33+00:00;https://www.openstreetmap.org/user/StefoXP
966;12889133;Emanuele C96;3;98;95;3,06;0;0;2;1;0;0;2023-10-15T11:59:20+00:00;2024-06-18T06:45:55+00:00;https://www.openstreetmap.org/user/Emanuele%20C96
967;13146925;Marcello Papi;3;5;2;60,00;0;1;0;2;0;0;2022-02-13T21:39:48+00:00;2024-05-15T10:13:33+00:00;https://www.openstreetmap.org/user/Marcello%20Papi
968;13178633;Niccolò Tacconi;3;3;0;100,00;3;0;0;0;0;0;2021-04-26T09:10:10+00:00;2021-04-26T09:29:03+00:00;https://www.openstreetmap.org/user/Niccol%C3%B2%20Tacconi
969;13187245;marpac79;3;3;0;100,00;1;0;0;2;0;0;2021-04-27T08:58:55+00:00;2024-10-03T07:17:53+00:00;https://www.openstreetmap.org/user/marpac79
970;13273577;UffaSissi;3;3;0;100,00;3;0;0;0;0;0;2021-05-07T15:30:09+00:00;2021-05-25T15:53:03+00:00;https://www.openstreetmap.org/user/UffaSissi
971;13273880;SaraV95;3;3;0;100,00;3;0;0;0;0;0;2021-05-07T16:38:48+00:00;2021-05-14T15:43:49+00:00;https://www.openstreetmap.org/user/SaraV95
972;13412547;DeltaSfotware;3;5;2;60,00;1;2;0;0;0;0;2021-08-31T15:50:21+00:00;2022-05-10T00:21:13+00:00;https://www.openstreetmap.org/user/DeltaSfotware
973;13855316;maxmaz80;3;3;0;100,00;3;0;0;0;0;0;2021-08-01T09:58:00+00:00;2021-08-01T10:24:22+00:00;https://www.openstreetmap.org/user/maxmaz80
974;13855769;Gregor Sturm;3;76;73;3,95;3;0;0;0;0;0;2021-11-04T13:53:30+00:00;2021-11-05T14:44:05+00:00;https://www.openstreetmap.org/user/Gregor%20Sturm
975;13980575;Cristiano Ascolani;3;149;146;2,01;1;0;0;2;0;0;2021-08-24T09:00:18+00:00;2024-08-30T13:54:25+00:00;https://www.openstreetmap.org/user/Cristiano%20Ascolani
976;14025424;Hill_Risso;3;3756;3753;0,08;0;3;0;0;0;0;2022-06-13T06:42:59+00:00;2022-06-14T04:45:47+00:00;https://www.openstreetmap.org/user/Hill_Risso
977;14032633;anurasij;3;533;530;0,56;0;0;0;3;0;0;2024-06-28T12:01:45+00:00;2024-09-23T06:24:55+00:00;https://www.openstreetmap.org/user/anurasij
978;14177602;Angelika Langer;3;12;9;25,00;0;0;0;3;0;0;2024-06-09T18:01:34+00:00;2024-06-09T18:21:01+00:00;https://www.openstreetmap.org/user/Angelika%20Langer
979;14237543;Mattman994;3;3;0;100,00;3;0;0;0;0;0;2021-10-05T08:31:40+00:00;2021-10-05T08:32:10+00:00;https://www.openstreetmap.org/user/Mattman994
980;14285376;Lorena Daidone;3;3;0;100,00;3;0;0;0;0;0;2021-10-13T14:18:34+00:00;2021-11-19T15:57:52+00:00;https://www.openstreetmap.org/user/Lorena%20Daidone
981;14377998;Luk3;3;3;0;100,00;3;0;0;0;0;0;2021-10-30T12:44:33+00:00;2021-10-30T13:05:26+00:00;https://www.openstreetmap.org/user/Luk3
982;14381527;faviehma;3;43;40;6,98;0;0;3;0;0;0;2023-09-07T18:22:09+00:00;2023-09-07T18:22:30+00:00;https://www.openstreetmap.org/user/faviehma
983;14471159;FARMACIA PALOMBINA;3;3;0;100,00;2;1;0;0;0;0;2021-11-16T14:58:50+00:00;2022-05-02T10:20:41+00:00;https://www.openstreetmap.org/user/FARMACIA%20PALOMBINA
984;14489756;Gessica Luciani;3;3;0;100,00;3;0;0;0;0;0;2021-11-19T18:12:23+00:00;2021-11-21T11:32:08+00:00;https://www.openstreetmap.org/user/Gessica%20Luciani
985;14782492;Fabbretti Alessio;3;3;0;100,00;0;1;2;0;0;0;2022-01-05T10:25:04+00:00;2023-11-18T19:32:00+00:00;https://www.openstreetmap.org/user/Fabbretti%20Alessio
986;14828866;LBond93;3;1487;1484;0,20;0;3;0;0;0;0;2022-07-06T13:16:00+00:00;2022-08-31T14:48:13+00:00;https://www.openstreetmap.org/user/LBond93
987;14928266;AS EDF;3;24;21;12,50;0;3;0;0;0;0;2022-03-11T09:30:54+00:00;2022-03-15T09:14:46+00:00;https://www.openstreetmap.org/user/AS%20EDF
988;15204683;Gan_toon;3;7545;7542;0,04;0;2;1;0;0;0;2022-06-13T11:17:31+00:00;2023-01-13T07:16:25+00:00;https://www.openstreetmap.org/user/Gan_toon
989;15348059;user_15348059;3;3;0;100,00;0;3;0;0;0;0;2022-11-14T10:53:59+00:00;2022-11-14T11:32:33+00:00;https://www.openstreetmap.org/user/user_15348059
990;15458667;Meh_aR;3;7874;7871;0,04;0;3;0;0;0;0;2022-06-09T08:49:56+00:00;2022-06-13T10:43:18+00:00;https://www.openstreetmap.org/user/Meh_aR
991;15533306;brtll;3;63;60;4,76;0;0;3;0;0;0;2023-08-20T14:06:20+00:00;2023-08-20T15:33:52+00:00;https://www.openstreetmap.org/user/brtll
992;15567969;matteo994;3;3;0;100,00;0;0;0;0;3;0;2025-07-14T12:13:59+00:00;2025-09-28T08:47:18+00:00;https://www.openstreetmap.org/user/matteo994
993;16061279;YellowSoul;3;4794;4791;0,06;0;0;0;2;0;1;2024-06-11T08:35:01+00:00;2026-02-02T12:05:34+00:00;https://www.openstreetmap.org/user/YellowSoul
994;16121101;Henry572;3;7969;7966;0,04;0;3;0;0;0;0;2022-08-25T10:49:45+00:00;2022-08-25T10:50:51+00:00;https://www.openstreetmap.org/user/Henry572
995;16143884;alephconzero;3;10;7;30,00;0;0;0;0;0;3;2026-01-23T16:02:13+00:00;2026-01-23T16:39:18+00:00;https://www.openstreetmap.org/user/alephconzero
996;16160130;ClaudioPicchi86;3;25;22;12,00;0;0;0;0;1;2;2025-05-09T06:44:22+00:00;2026-03-23T19:50:55+00:00;https://www.openstreetmap.org/user/ClaudioPicchi86
997;16894869;ElisabettaPrandi;3;51;48;5,88;0;3;0;0;0;0;2022-08-21T08:57:40+00:00;2022-08-21T09:52:04+00:00;https://www.openstreetmap.org/user/ElisabettaPrandi
998;17280666;Lav_SN;3;1758;1755;0,17;0;3;0;0;0;0;2022-11-25T07:14:02+00:00;2022-11-25T07:43:45+00:00;https://www.openstreetmap.org/user/Lav_SN
999;17290205;Marcus113;3;19;16;15,79;0;0;3;0;0;0;2023-05-21T07:41:23+00:00;2023-06-03T13:18:07+00:00;https://www.openstreetmap.org/user/Marcus113
1000;17310220;VLD273;3;7741;7738;0,04;0;0;0;3;0;0;2024-03-26T14:33:12+00:00;2024-03-26T17:39:59+00:00;https://www.openstreetmap.org/user/VLD273
1001;17865869;Maurizio Romeo;3;5;2;60,00;0;3;0;0;0;0;2022-12-02T15:09:33+00:00;2022-12-02T15:48:13+00:00;https://www.openstreetmap.org/user/Maurizio%20Romeo
1002;17866044;liza canalini;3;4;1;75,00;0;3;0;0;0;0;2022-12-02T15:04:35+00:00;2022-12-02T15:11:09+00:00;https://www.openstreetmap.org/user/liza%20canalini
1003;18172663;Chizevefhlen;3;1614;1611;0,19;0;0;0;0;0;3;2026-04-08T10:23:52+00:00;2026-04-10T11:08:28+00:00;https://www.openstreetmap.org/user/Chizevefhlen
1004;18245565;Norzclock;3;435;432;0,69;0;0;0;0;0;3;2026-02-13T21:49:28+00:00;2026-02-14T13:30:30+00:00;https://www.openstreetmap.org/user/Norzclock
1005;18450934;provaaccount001;3;3;0;100,00;0;0;3;0;0;0;2023-02-11T18:03:13+00:00;2023-02-11T20:50:06+00:00;https://www.openstreetmap.org/user/provaaccount001
1006;18570335;GiAnMMV;3;3;0;100,00;0;0;3;0;0;0;2023-02-28T18:28:29+00:00;2023-02-28T18:40:15+00:00;https://www.openstreetmap.org/user/GiAnMMV
1007;18803341;Massimilianosantini;3;3;0;100,00;0;0;3;0;0;0;2023-03-27T14:22:54+00:00;2023-03-27T15:18:29+00:00;https://www.openstreetmap.org/user/Massimilianosantini
1008;19282577;Aleh Aliakseyenka;3;1976;1973;0,15;0;0;2;1;0;0;2023-06-07T12:14:43+00:00;2024-06-21T09:35:52+00:00;https://www.openstreetmap.org/user/Aleh%20Aliakseyenka
1009;19326974;burningbluestar;3;5;2;60,00;0;0;3;0;0;0;2023-06-27T06:56:26+00:00;2023-06-27T08:46:18+00:00;https://www.openstreetmap.org/user/burningbluestar
1010;19754042;clay_c@gem;3;2352;2349;0,13;0;0;3;0;0;0;2023-09-06T20:15:29+00:00;2023-09-08T14:02:05+00:00;https://www.openstreetmap.org/user/clay_c%40gem
1011;19759792;pravnagc;3;16;13;18,75;0;0;3;0;0;0;2023-08-18T03:05:10+00:00;2023-08-18T04:36:03+00:00;https://www.openstreetmap.org/user/pravnagc
1012;20081625;Bertzbee;3;99;96;3,03;0;0;3;0;0;0;2023-08-19T21:28:04+00:00;2023-08-20T17:09:01+00:00;https://www.openstreetmap.org/user/Bertzbee
1013;20265265;idolino;3;3;0;100,00;0;0;3;0;0;0;2023-09-16T15:08:13+00:00;2023-09-16T15:15:18+00:00;https://www.openstreetmap.org/user/idolino
1014;20273312;JumpingFox;3;350;347;0,86;0;0;0;3;0;0;2024-03-31T01:03:21+00:00;2024-03-31T23:56:34+00:00;https://www.openstreetmap.org/user/JumpingFox
1015;20366470;PinRPG;3;3313;3310;0,09;0;0;0;1;0;2;2024-04-03T17:46:20+00:00;2026-07-24T17:35:12+00:00;https://www.openstreetmap.org/user/PinRPG
1016;20432891;Murrumbidgee;3;8281;8278;0,04;0;0;0;3;0;0;2024-10-18T08:25:51+00:00;2024-10-18T08:42:13+00:00;https://www.openstreetmap.org/user/Murrumbidgee
1017;20443176;morrismorris111;3;3;0;100,00;0;0;3;0;0;0;2023-10-10T13:27:02+00:00;2023-10-14T16:00:20+00:00;https://www.openstreetmap.org/user/morrismorris111
1018;20542683;LeoMos10;3;3;0;100,00;0;0;1;0;0;2;2023-11-03T20:23:05+00:00;2026-07-20T11:12:30+00:00;https://www.openstreetmap.org/user/LeoMos10
1019;20583432;Nicola Paone;3;3;0;100,00;0;0;3;0;0;0;2023-11-12T21:31:38+00:00;2023-11-27T21:07:43+00:00;https://www.openstreetmap.org/user/Nicola%20Paone
1020;20605888;malledis;3;339;336;0,88;0;0;0;1;2;0;2024-09-27T10:58:10+00:00;2025-01-17T02:00:06+00:00;https://www.openstreetmap.org/user/malledis
1021;20924743;LucaBlackDragon;3;3;0;100,00;0;0;0;3;0;0;2024-01-22T11:50:01+00:00;2024-01-24T12:29:37+00:00;https://www.openstreetmap.org/user/LucaBlackDragon
1022;20993491;Andreapen;3;3;0;100,00;0;0;0;3;0;0;2024-06-30T05:33:01+00:00;2024-06-30T05:40:44+00:00;https://www.openstreetmap.org/user/Andreapen
1023;21222137;Mario Bettucci;3;3;0;100,00;0;0;0;3;0;0;2024-03-19T21:28:57+00:00;2024-03-19T21:59:26+00:00;https://www.openstreetmap.org/user/Mario%20Bettucci
1024;21243039;squeaker_andrus;3;4196;4193;0,07;0;0;0;0;1;2;2025-07-09T15:28:39+00:00;2026-07-13T11:36:02+00:00;https://www.openstreetmap.org/user/squeaker_andrus
1025;21280948;MenteVagante;3;5;2;60,00;0;0;0;2;0;1;2024-04-06T12:21:56+00:00;2026-07-20T06:11:27+00:00;https://www.openstreetmap.org/user/MenteVagante
1026;21293326;EZ_TT;3;216;213;1,39;0;0;0;0;3;0;2025-03-13T13:00:38+00:00;2025-03-13T13:11:13+00:00;https://www.openstreetmap.org/user/EZ_TT
1027;21642929;sofikhat;3;143;140;2,10;0;0;0;3;0;0;2024-08-28T16:30:50+00:00;2024-09-11T05:41:55+00:00;https://www.openstreetmap.org/user/sofikhat
1028;21838111;Bierlaster;3;22;19;13,64;0;0;0;3;0;0;2024-09-11T12:03:24+00:00;2024-09-11T14:00:54+00:00;https://www.openstreetmap.org/user/Bierlaster
1029;21991761;UnusualWorld;3;2863;2860;0,10;0;0;0;0;3;0;2025-03-24T00:32:04+00:00;2025-03-24T00:32:36+00:00;https://www.openstreetmap.org/user/UnusualWorld
1030;22314720;InfinityGb;3;9;6;33,33;0;0;0;0;0;3;2026-08-17T08:26:48+00:00;2026-08-17T11:40:32+00:00;https://www.openstreetmap.org/user/InfinityGb
1031;22325839;Timothy Brownlee;3;3;0;100,00;0;0;0;3;0;0;2024-12-27T11:24:35+00:00;2024-12-27T11:30:34+00:00;https://www.openstreetmap.org/user/Timothy%20Brownlee
1032;22393151;Domenico1900;3;10;7;30,00;0;0;0;0;3;0;2025-02-09T12:40:40+00:00;2025-02-09T12:50:35+00:00;https://www.openstreetmap.org/user/Domenico1900
1033;22397567;Lorenzo Fratesi - MenoPancia;3;3;0;100,00;0;0;0;0;2;1;2025-01-18T14:56:14+00:00;2026-09-11T07:08:59+00:00;https://www.openstreetmap.org/user/Lorenzo%20Fratesi%20-%20MenoPancia
1034;22506540;Margadarshi;3;593;590;0,51;0;0;0;0;2;1;2025-05-01T19:19:04+00:00;2026-05-05T12:29:28+00:00;https://www.openstreetmap.org/user/Margadarshi
1035;22731125;Ducati102;3;3;0;100,00;0;0;0;0;3;0;2025-04-10T13:51:44+00:00;2025-04-10T14:05:15+00:00;https://www.openstreetmap.org/user/Ducati102
1036;22732225;MacMat;3;3;0;100,00;0;0;0;0;3;0;2025-04-10T11:21:50+00:00;2025-06-22T15:47:29+00:00;https://www.openstreetmap.org/user/MacMat
1037;22832471;Andypicio;3;3;0;100,00;0;0;0;0;3;0;2025-04-25T16:41:30+00:00;2025-04-26T16:34:31+00:00;https://www.openstreetmap.org/user/Andypicio
1038;22943217;AboutVenia;3;1713;1710;0,18;0;0;0;0;3;0;2025-09-24T08:18:06+00:00;2025-09-24T09:00:23+00:00;https://www.openstreetmap.org/user/AboutVenia
1039;23272223;mtb_93;3;1995;1992;0,15;0;0;0;0;0;3;2026-05-26T07:11:53+00:00;2026-08-23T09:10:25+00:00;https://www.openstreetmap.org/user/mtb_93
1040;23305271;FapFlamingo;3;8;5;37,50;0;0;0;0;3;0;2025-09-18T10:59:56+00:00;2025-09-19T05:22:27+00:00;https://www.openstreetmap.org/user/FapFlamingo
1041;23389941;lavio995;3;3;0;100,00;0;0;0;0;3;0;2025-10-12T20:32:58+00:00;2025-10-12T20:43:16+00:00;https://www.openstreetmap.org/user/lavio995
1042;23396370;Tommizanot;3;914;911;0,33;0;0;0;0;0;3;2026-07-28T15:40:09+00:00;2026-08-23T23:14:11+00:00;https://www.openstreetmap.org/user/Tommizanot
1043;23493463;Valentino_Frisoni;3;3;0;100,00;0;0;0;0;3;0;2025-11-11T11:58:28+00:00;2025-11-18T10:06:05+00:00;https://www.openstreetmap.org/user/Valentino_Frisoni
1044;23672622;rec1978;3;3;0;100,00;0;0;0;0;0;3;2026-09-07T22:08:11+00:00;2026-09-25T18:03:33+00:00;https://www.openstreetmap.org/user/rec1978
1045;23811571;User93095;3;7;4;42,86;0;0;0;0;0;3;2026-05-28T18:15:45+00:00;2026-07-03T14:07:43+00:00;https://www.openstreetmap.org/user/User93095
1046;24026911;Chris1904;3;3;0;100,00;0;0;0;0;0;3;2026-04-09T09:25:30+00:00;2026-05-21T09:36:19+00:00;https://www.openstreetmap.org/user/Chris1904
1047;24048783;holzius;3;13;10;23,08;0;0;0;0;0;3;2026-04-16T10:09:52+00:00;2026-04-22T05:46:01+00:00;https://www.openstreetmap.org/user/holzius
1048;24087087;Flavio 79;3;3;0;100,00;0;0;0;0;0;3;2026-04-29T13:33:19+00:00;2026-06-16T15:16:32+00:00;https://www.openstreetmap.org/user/Flavio%2079
1049;24089392;dnohr;3;18;15;16,67;0;0;0;0;0;3;2026-08-26T08:36:06+00:00;2026-09-17T12:30:04+00:00;https://www.openstreetmap.org/user/dnohr
1050;864;Niccolo;2;115;113;1,74;1;0;0;0;1;0;2021-05-03T06:06:50+00:00;2025-06-14T16:09:06+00:00;https://www.openstreetmap.org/user/Niccolo
1051;1987;niubii;2;291;289;0,69;0;0;1;0;1;0;2023-12-20T23:18:16+00:00;2025-09-05T05:48:38+00:00;https://www.openstreetmap.org/user/niubii
1052;25427;rabanne;2;4;2;50,00;2;0;0;0;0;0;2021-04-04T18:53:13+00:00;2021-04-04T18:57:29+00:00;https://www.openstreetmap.org/user/rabanne
1053;25561;Gobik;2;3929;3927;0,05;0;1;1;0;0;0;2022-08-22T12:16:39+00:00;2023-10-13T06:54:24+00:00;https://www.openstreetmap.org/user/Gobik
1054;25867;adamos;2;14523;14521;0,01;0;0;0;2;0;0;2024-02-07T09:28:48+00:00;2024-03-12T10:00:42+00:00;https://www.openstreetmap.org/user/adamos
1055;35814;bingo;2;3354;3352;0,06;2;0;0;0;0;0;2021-02-18T07:06:54+00:00;2021-02-18T07:07:53+00:00;https://www.openstreetmap.org/user/bingo
1056;40405;georgandreas;2;535;533;0,37;0;0;0;2;0;0;2024-03-20T08:43:31+00:00;2024-04-09T12:02:42+00:00;https://www.openstreetmap.org/user/georgandreas
1057;47978;Christoph Lotz;2;1782;1780;0,11;0;0;0;1;0;1;2024-11-17T19:11:31+00:00;2026-04-29T15:53:00+00:00;https://www.openstreetmap.org/user/Christoph%20Lotz
1058;69388;newpinco;2;14;12;14,29;0;0;0;0;0;2;2026-01-08T08:54:48+00:00;2026-01-09T16:16:49+00:00;https://www.openstreetmap.org/user/newpinco
1059;70012;Jinx71;2;1844;1842;0,11;0;2;0;0;0;0;2022-06-19T07:09:18+00:00;2022-06-19T07:33:07+00:00;https://www.openstreetmap.org/user/Jinx71
1060;78656;Walter Schlögl;2;6432;6430;0,03;0;0;0;2;0;0;2024-03-03T16:01:27+00:00;2024-05-23T15:11:19+00:00;https://www.openstreetmap.org/user/Walter%20Schl%C3%B6gl
1061;116394;Ermanon;2;3;1;66,67;0;0;0;0;2;0;2025-06-23T07:31:06+00:00;2025-06-23T07:51:38+00:00;https://www.openstreetmap.org/user/Ermanon
1062;118185;albertux;2;553;551;0,36;0;0;2;0;0;0;2023-07-04T16:10:17+00:00;2023-07-04T16:13:08+00:00;https://www.openstreetmap.org/user/albertux
1063;132740;Creando;2;6812;6810;0,03;0;2;0;0;0;0;2022-01-27T21:16:43+00:00;2022-01-27T21:41:59+00:00;https://www.openstreetmap.org/user/Creando
1064;156258;PatrickT80;2;2;0;100,00;0;0;0;2;0;0;2024-10-12T15:58:04+00:00;2024-10-12T16:14:10+00:00;https://www.openstreetmap.org/user/PatrickT80
1065;192618;pierzale;2;3;1;66,67;0;0;2;0;0;0;2023-07-19T14:59:02+00:00;2023-07-19T15:26:47+00:00;https://www.openstreetmap.org/user/pierzale
1066;196556;Awo;2;11075;11073;0,02;0;0;2;0;0;0;2023-05-24T14:31:42+00:00;2023-05-24T15:01:43+00:00;https://www.openstreetmap.org/user/Awo
1067;203156;Olikos;2;1445;1443;0,14;0;1;0;0;1;0;2022-07-20T20:52:34+00:00;2025-01-09T21:01:45+00:00;https://www.openstreetmap.org/user/Olikos
1068;224440;Syl;2;27496;27494;0,01;2;0;0;0;0;0;2021-01-31T11:02:26+00:00;2021-02-07T15:58:13+00:00;https://www.openstreetmap.org/user/Syl
1069;281269;alisseo;2;119;117;1,68;0;0;1;0;1;0;2023-08-15T16:03:55+00:00;2025-11-13T06:03:05+00:00;https://www.openstreetmap.org/user/alisseo
1070;348648;flo2154;2;4760;4758;0,04;0;0;0;0;0;2;2026-05-22T14:45:05+00:00;2026-05-22T14:47:17+00:00;https://www.openstreetmap.org/user/flo2154
1071;351940;jcn706;2;446;444;0,45;0;0;2;0;0;0;2023-10-11T20:38:00+00:00;2023-10-16T20:30:04+00:00;https://www.openstreetmap.org/user/jcn706
1072;370745;grafter;2;2180;2178;0,09;0;0;2;0;0;0;2023-07-21T07:51:19+00:00;2023-07-30T14:26:02+00:00;https://www.openstreetmap.org/user/grafter
1073;388123;dez;2;6222;6220;0,03;2;0;0;0;0;0;2021-11-11T21:09:30+00:00;2021-11-11T21:10:01+00:00;https://www.openstreetmap.org/user/dez
1074;416514;sundemon;2;1445;1443;0,14;2;0;0;0;0;0;2021-08-05T16:54:01+00:00;2021-08-06T15:26:03+00:00;https://www.openstreetmap.org/user/sundemon
1075;579545;Aury88;2;2544;2542;0,08;0;1;0;0;1;0;2022-08-19T13:44:14+00:00;2025-10-09T20:38:06+00:00;https://www.openstreetmap.org/user/Aury88
1076;589904;Miroslav Suchý;2;2050;2048;0,10;0;0;2;0;0;0;2023-05-31T18:09:56+00:00;2023-11-22T08:01:52+00:00;https://www.openstreetmap.org/user/Miroslav%20Such%C3%BD
1077;623198;hemme;2;2;0;100,00;0;0;2;0;0;0;2023-10-22T17:50:26+00:00;2023-10-22T18:40:27+00:00;https://www.openstreetmap.org/user/hemme
1078;641998;Stefano Falappa;2;2;0;100,00;0;0;0;2;0;0;2024-05-16T20:34:50+00:00;2024-06-11T20:42:28+00:00;https://www.openstreetmap.org/user/Stefano%20Falappa
1079;683102;NonnEmilia;2;1407;1405;0,14;0;0;2;0;0;0;2023-08-05T13:25:38+00:00;2023-08-06T07:31:14+00:00;https://www.openstreetmap.org/user/NonnEmilia
1080;703517;Iowa Kid;2;4478;4476;0,04;0;0;2;0;0;0;2023-05-25T15:58:48+00:00;2023-05-26T03:13:12+00:00;https://www.openstreetmap.org/user/Iowa%20Kid
1081;801916;ANKONBIKE TOUR ANCONA;2;2;0;100,00;1;0;1;0;0;0;2021-05-19T11:41:53+00:00;2023-04-11T19:35:49+00:00;https://www.openstreetmap.org/user/ANKONBIKE%20TOUR%20ANCONA
1082;1054945;AnnaZanke;2;1946;1944;0,10;0;2;0;0;0;0;2022-09-20T19:57:15+00:00;2022-09-21T13:28:09+00:00;https://www.openstreetmap.org/user/AnnaZanke
1083;1060438;ffierm;2;40;38;5,00;0;2;0;0;0;0;2022-09-20T08:41:31+00:00;2022-09-20T08:46:57+00:00;https://www.openstreetmap.org/user/ffierm
1084;1204984;north79;2;2041;2039;0,10;0;0;0;0;2;0;2025-02-08T06:53:12+00:00;2025-02-08T06:58:02+00:00;https://www.openstreetmap.org/user/north79
1085;1293386;Sal73x;2;19132;19130;0,01;0;0;2;0;0;0;2023-07-19T18:21:56+00:00;2023-12-05T12:20:54+00:00;https://www.openstreetmap.org/user/Sal73x
1086;1362028;Piersoft;2;95;93;2,11;0;0;2;0;0;0;2023-01-31T16:09:28+00:00;2023-01-31T16:25:58+00:00;https://www.openstreetmap.org/user/Piersoft
1087;1467637;SimonTheGolds;2;1632;1630;0,12;0;0;0;0;0;2;2026-08-28T15:50:37+00:00;2026-09-03T17:10:17+00:00;https://www.openstreetmap.org/user/SimonTheGolds
1088;1476146;Alecs01;2;766;764;0,26;2;0;0;0;0;0;2021-02-13T11:06:03+00:00;2021-02-20T16:08:51+00:00;https://www.openstreetmap.org/user/Alecs01
1089;1672007;xbirra;2;2;0;100,00;0;0;2;0;0;0;2023-07-13T12:08:41+00:00;2023-07-13T12:16:13+00:00;https://www.openstreetmap.org/user/xbirra
1090;1781586;fick89;2;1829;1827;0,11;2;0;0;0;0;0;2021-08-18T18:58:14+00:00;2021-08-18T19:07:01+00:00;https://www.openstreetmap.org/user/fick89
1091;1967477;bubix;2;1564;1562;0,13;0;2;0;0;0;0;2022-02-09T08:48:39+00:00;2022-02-09T08:55:07+00:00;https://www.openstreetmap.org/user/bubix
1092;2009312;Privits;2;493;491;0,41;2;0;0;0;0;0;2021-08-08T16:25:02+00:00;2021-08-08T16:27:48+00:00;https://www.openstreetmap.org/user/Privits
1093;2021175;matteo466;2;3;1;66,67;0;0;0;0;0;2;2026-05-03T14:15:42+00:00;2026-06-15T23:15:48+00:00;https://www.openstreetmap.org/user/matteo466
1094;2025491;pt_map;2;945;943;0,21;2;0;0;0;0;0;2021-09-21T18:24:22+00:00;2021-09-21T18:31:08+00:00;https://www.openstreetmap.org/user/pt_map
1095;2029680;enricamp;2;8;6;25,00;0;0;0;0;2;0;2025-03-20T09:29:57+00:00;2025-03-20T13:22:43+00:00;https://www.openstreetmap.org/user/enricamp
1096;2044927;Mariusz Staniszewski;2;1466;1464;0,14;0;2;0;0;0;0;2022-10-04T23:28:08+00:00;2022-10-04T23:29:30+00:00;https://www.openstreetmap.org/user/Mariusz%20Staniszewski
1097;2109841;Macumba Macaca;2;5797;5795;0,03;0;2;0;0;0;0;2022-07-15T16:54:02+00:00;2022-08-17T19:29:55+00:00;https://www.openstreetmap.org/user/Macumba%20Macaca
1098;2261380;rgpnfvg;2;35;33;5,71;2;0;0;0;0;0;2021-01-08T16:38:09+00:00;2021-01-09T15:46:41+00:00;https://www.openstreetmap.org/user/rgpnfvg
1099;2684847;doc2rep;2;2;0;100,00;0;0;0;0;0;2;2026-07-23T13:00:32+00:00;2026-07-23T13:10:03+00:00;https://www.openstreetmap.org/user/doc2rep
1100;2801665;Luca Cicconi;2;2;0;100,00;0;0;0;0;0;2;2026-07-15T15:29:53+00:00;2026-07-15T15:43:07+00:00;https://www.openstreetmap.org/user/Luca%20Cicconi
1101;2842498;Igorzo;2;3048;3046;0,07;0;0;0;0;2;0;2025-01-12T12:33:23+00:00;2025-01-12T12:35:12+00:00;https://www.openstreetmap.org/user/Igorzo
1102;3260722;costacox;2;2;0;100,00;2;0;0;0;0;0;2021-05-25T15:37:28+00:00;2021-05-26T08:57:33+00:00;https://www.openstreetmap.org/user/costacox
1103;3301825;Grauer Elefant;2;95;93;2,11;0;2;0;0;0;0;2022-12-22T11:08:49+00:00;2022-12-25T10:49:35+00:00;https://www.openstreetmap.org/user/Grauer%20Elefant
1104;3430332;minamo;2;190;188;1,05;0;0;0;0;0;2;2026-05-05T17:15:25+00:00;2026-05-06T04:06:21+00:00;https://www.openstreetmap.org/user/minamo
1105;3653077;Carlettoo;2;2;0;100,00;2;0;0;0;0;0;2021-08-23T11:49:41+00:00;2021-08-23T11:51:49+00:00;https://www.openstreetmap.org/user/Carlettoo
1106;3914050;Fedor Filimonov;2;1972;1970;0,10;0;0;0;2;0;0;2024-06-05T18:00:47+00:00;2024-06-05T18:01:14+00:00;https://www.openstreetmap.org/user/Fedor%20Filimonov
1107;3960801;Rinaldo Petracca;2;63;61;3,17;0;0;2;0;0;0;2023-03-26T16:57:21+00:00;2023-03-26T17:33:48+00:00;https://www.openstreetmap.org/user/Rinaldo%20Petracca
1108;4067009;KaiPankrath;2;3382;3380;0,06;0;1;1;0;0;0;2022-03-10T16:59:47+00:00;2023-02-18T13:19:14+00:00;https://www.openstreetmap.org/user/KaiPankrath
1109;4091332;MICHELE PETRACCI;2;2;0;100,00;0;2;0;0;0;0;2022-06-13T09:04:12+00:00;2022-06-14T11:40:04+00:00;https://www.openstreetmap.org/user/MICHELE%20PETRACCI
1110;4192908;Lord Yoruno;2;2;0;100,00;0;0;0;0;0;2;2026-07-07T08:53:02+00:00;2026-07-07T08:57:55+00:00;https://www.openstreetmap.org/user/Lord%20Yoruno
1111;4350810;Marco Colaneri;2;41;39;4,88;0;0;2;0;0;0;2023-07-22T21:24:40+00:00;2023-07-22T21:46:51+00:00;https://www.openstreetmap.org/user/Marco%20Colaneri
1112;4804397;SteBernd;2;453;451;0,44;0;0;1;1;0;0;2023-06-17T23:59:02+00:00;2024-06-22T23:53:21+00:00;https://www.openstreetmap.org/user/SteBernd
1113;5563252;GioSar;2;274;272;0,73;0;0;2;0;0;0;2023-02-12T02:52:08+00:00;2023-02-12T02:54:08+00:00;https://www.openstreetmap.org/user/GioSar
1114;5643333;anzelmo;2;2;0;100,00;0;0;0;2;0;0;2024-05-13T20:07:00+00:00;2024-05-18T07:17:01+00:00;https://www.openstreetmap.org/user/anzelmo
1115;5800005;b-jazz;2;39898;39896;0,01;0;0;0;2;0;0;2024-11-15T00:58:51+00:00;2024-11-15T00:59:14+00:00;https://www.openstreetmap.org/user/b-jazz
1116;6176231;tacra98;2;6;4;33,33;2;0;0;0;0;0;2021-09-04T11:01:16+00:00;2021-09-04T11:04:31+00:00;https://www.openstreetmap.org/user/tacra98
1117;6645382;canfe;2;9801;9799;0,02;0;0;0;0;0;2;2026-06-17T11:49:30+00:00;2026-06-17T11:50:16+00:00;https://www.openstreetmap.org/user/canfe
1118;6654756;simon_geovelo;2;5675;5673;0,04;0;0;0;0;0;2;2026-05-22T14:08:59+00:00;2026-05-22T14:09:59+00:00;https://www.openstreetmap.org/user/simon_geovelo
1119;6816132;CjMalone;2;25027;25025;0,01;0;0;0;2;0;0;2024-01-23T14:58:18+00:00;2024-05-01T11:21:00+00:00;https://www.openstreetmap.org/user/CjMalone
1120;7182636;Nico Nardi;2;2;0;100,00;0;0;0;2;0;0;2024-06-08T16:44:55+00:00;2024-06-09T07:55:36+00:00;https://www.openstreetmap.org/user/Nico%20Nardi
1121;7495444;gismountains;2;172;170;1,16;0;0;1;1;0;0;2023-01-21T15:53:35+00:00;2024-10-18T21:11:55+00:00;https://www.openstreetmap.org/user/gismountains
1122;7837403;pmarini;2;18;16;11,11;0;2;0;0;0;0;2022-08-06T14:16:13+00:00;2022-08-13T19:25:36+00:00;https://www.openstreetmap.org/user/pmarini
1123;8221397;fvagnoni;2;2;0;100,00;0;0;0;2;0;0;2024-02-29T15:52:25+00:00;2024-02-29T15:57:19+00:00;https://www.openstreetmap.org/user/fvagnoni
1124;8257857;Boza22;2;442;440;0,45;0;0;0;0;2;0;2025-04-16T10:26:55+00:00;2025-04-23T16:01:43+00:00;https://www.openstreetmap.org/user/Boza22
1125;8460768;kl15;2;166;164;1,20;0;0;0;0;0;2;2026-07-09T14:28:59+00:00;2026-07-09T14:34:52+00:00;https://www.openstreetmap.org/user/kl15
1126;8536374;Cesare Maragnano;2;2;0;100,00;0;0;0;0;1;1;2025-12-19T10:36:32+00:00;2026-02-26T21:48:28+00:00;https://www.openstreetmap.org/user/Cesare%20Maragnano
1127;8631574;andreasalvucci;2;2;0;100,00;2;0;0;0;0;0;2021-04-03T14:18:13+00:00;2021-04-03T14:18:49+00:00;https://www.openstreetmap.org/user/andreasalvucci
1128;8661250;Alessandro Gill Valentine;2;12;10;16,67;0;2;0;0;0;0;2022-05-09T20:51:55+00:00;2022-05-21T17:13:42+00:00;https://www.openstreetmap.org/user/Alessandro%20Gill%20Valentine
1129;8683376;soumybha;2;1328;1326;0,15;2;0;0;0;0;0;2021-04-20T10:30:38+00:00;2021-04-21T06:27:55+00:00;https://www.openstreetmap.org/user/soumybha
1130;8758904;Spaghetti Monster🍝;2;16104;16102;0,01;0;0;0;0;2;0;2025-06-04T22:43:39+00:00;2025-06-04T22:44:06+00:00;https://www.openstreetmap.org/user/Spaghetti%20Monster%F0%9F%8D%9D
1131;8804143;Mauro_P;2;2;0;100,00;0;1;1;0;0;0;2022-07-28T08:07:11+00:00;2023-01-12T14:53:39+00:00;https://www.openstreetmap.org/user/Mauro_P
1132;8967083;Lexxz;2;2;0;100,00;2;0;0;0;0;0;2021-10-16T16:49:59+00:00;2021-10-17T14:19:17+00:00;https://www.openstreetmap.org/user/Lexxz
1133;9019904;lallo1995;2;184;182;1,09;0;0;2;0;0;0;2023-06-21T16:23:48+00:00;2023-06-23T13:01:01+00:00;https://www.openstreetmap.org/user/lallo1995
1134;9045419;Alberto-V;2;495;493;0,40;0;0;0;0;2;0;2025-09-05T19:22:49+00:00;2025-09-06T09:08:20+00:00;https://www.openstreetmap.org/user/Alberto-V
1135;9436824;rumbrummer;2;1854;1852;0,11;0;0;0;0;2;0;2025-04-23T05:38:24+00:00;2025-04-23T07:21:37+00:00;https://www.openstreetmap.org/user/rumbrummer
1136;9605640;nopra;2;90;88;2,22;0;0;0;0;0;2;2026-07-13T06:34:00+00:00;2026-07-16T10:34:17+00:00;https://www.openstreetmap.org/user/nopra
1137;9632668;InnaSumskaya;2;583;581;0,34;1;0;0;0;0;1;2021-04-07T07:55:36+00:00;2026-03-27T11:23:54+00:00;https://www.openstreetmap.org/user/InnaSumskaya
1138;9641463;branib;2;834;832;0,24;2;0;0;0;0;0;2021-01-20T05:38:34+00:00;2021-01-20T05:48:59+00:00;https://www.openstreetmap.org/user/branib
1139;9716524;murdok-it;2;2;0;100,00;1;0;0;1;0;0;2021-03-21T16:41:16+00:00;2024-06-06T15:40:43+00:00;https://www.openstreetmap.org/user/murdok-it
1140;10074887;gippiesse;2;389;387;0,51;0;0;0;2;0;0;2024-03-01T09:57:09+00:00;2024-03-11T23:19:52+00:00;https://www.openstreetmap.org/user/gippiesse
1141;10252559;swaverma;2;574;572;0,35;2;0;0;0;0;0;2021-06-22T18:50:43+00:00;2021-06-24T07:00:05+00:00;https://www.openstreetmap.org/user/swaverma
1142;10260526;jmty8;2;6453;6451;0,03;2;0;0;0;0;0;2021-06-10T08:34:28+00:00;2021-09-13T15:36:40+00:00;https://www.openstreetmap.org/user/jmty8
1143;10281880;snowdriver88;2;17;15;11,76;0;2;0;0;0;0;2022-06-29T14:32:59+00:00;2022-06-29T19:16:39+00:00;https://www.openstreetmap.org/user/snowdriver88
1144;10318941;Alanantos;2;3313;3311;0,06;0;0;0;0;2;0;2025-02-24T23:20:35+00:00;2025-02-24T23:35:51+00:00;https://www.openstreetmap.org/user/Alanantos
1145;10480293;mzamam;2;5531;5529;0,04;2;0;0;0;0;0;2021-04-26T08:29:44+00:00;2021-04-26T08:34:11+00:00;https://www.openstreetmap.org/user/mzamam
1146;10622169;osmandino;2;32;30;6,25;0;1;0;0;1;0;2022-01-12T18:24:16+00:00;2025-09-30T22:34:35+00:00;https://www.openstreetmap.org/user/osmandino
1147;10627331;ChillyDL;2;3232;3230;0,06;0;0;2;0;0;0;2023-07-17T20:53:30+00:00;2023-07-18T20:22:26+00:00;https://www.openstreetmap.org/user/ChillyDL
1148;10732704;joseph83;2;2757;2755;0,07;0;0;0;0;2;0;2025-10-22T13:03:47+00:00;2025-10-22T15:33:44+00:00;https://www.openstreetmap.org/user/joseph83
1149;10800953;sebastiano104;2;2;0;100,00;1;1;0;0;0;0;2021-12-09T10:55:15+00:00;2022-01-05T18:43:31+00:00;https://www.openstreetmap.org/user/sebastiano104
1150;11066413;mimi_fr;2;2;0;100,00;0;0;2;0;0;0;2023-08-04T09:45:33+00:00;2023-08-04T11:00:15+00:00;https://www.openstreetmap.org/user/mimi_fr
1151;11121607;Eric Merlin;2;2;0;100,00;2;0;0;0;0;0;2021-07-26T08:01:17+00:00;2021-09-16T14:55:14+00:00;https://www.openstreetmap.org/user/Eric%20Merlin
1152;11236721;bsvka;2;5111;5109;0,04;0;0;0;0;2;0;2025-09-12T20:07:41+00:00;2025-09-15T13:07:09+00:00;https://www.openstreetmap.org/user/bsvka
1153;11282982;AndreaDp271;2;3564;3562;0,06;0;0;0;0;0;2;2026-02-03T09:48:29+00:00;2026-02-03T09:48:52+00:00;https://www.openstreetmap.org/user/AndreaDp271
1154;11348323;Agostino Zanutto;2;2;0;100,00;2;0;0;0;0;0;2021-06-04T20:42:39+00:00;2021-06-23T16:36:03+00:00;https://www.openstreetmap.org/user/Agostino%20Zanutto
1155;11433856;Meike Ophelia;2;4;2;50,00;0;0;2;0;0;0;2023-11-23T20:28:19+00:00;2023-11-23T20:44:35+00:00;https://www.openstreetmap.org/user/Meike%20Ophelia
1156;11522644;elQuero;2;12;10;16,67;0;1;0;1;0;0;2022-08-05T17:04:59+00:00;2024-07-06T11:27:59+00:00;https://www.openstreetmap.org/user/elQuero
1157;11571754;JriSv250;2;6034;6032;0,03;0;0;0;1;0;1;2024-02-09T23:36:37+00:00;2026-02-08T23:31:46+00:00;https://www.openstreetmap.org/user/JriSv250
1158;11617344;Emanuele Bertolero;2;2;0;100,00;0;0;0;2;0;0;2024-02-25T16:53:11+00:00;2024-02-25T16:54:29+00:00;https://www.openstreetmap.org/user/Emanuele%20Bertolero
1159;11688067;Willi_Gross;2;16;14;12,50;0;0;0;0;2;0;2025-08-12T08:16:19+00:00;2025-08-12T08:46:38+00:00;https://www.openstreetmap.org/user/Willi_Gross
1160;11808064;krjayakr;2;6387;6385;0,03;2;0;0;0;0;0;2021-04-14T06:34:46+00:00;2021-04-14T06:39:33+00:00;https://www.openstreetmap.org/user/krjayakr
1161;11849084;taurodomina;2;6;4;33,33;2;0;0;0;0;0;2021-08-12T10:45:41+00:00;2021-08-13T14:33:52+00:00;https://www.openstreetmap.org/user/taurodomina
1162;12157476;sirvoe;2;752;750;0,27;0;2;0;0;0;0;2022-09-20T15:10:04+00:00;2022-09-20T15:41:27+00:00;https://www.openstreetmap.org/user/sirvoe
1163;12480825;Natasha_Zhovner;2;1080;1078;0,19;0;0;0;2;0;0;2024-01-09T13:28:47+00:00;2024-01-09T13:34:19+00:00;https://www.openstreetmap.org/user/Natasha_Zhovner
1164;12517014;Andrea McFly;2;8;6;25,00;0;2;0;0;0;0;2022-06-24T10:24:23+00:00;2022-06-27T14:26:28+00:00;https://www.openstreetmap.org/user/Andrea%20McFly
1165;12651964;Dracaron;2;466;464;0,43;2;0;0;0;0;0;2021-07-26T19:09:04+00:00;2021-07-31T15:10:10+00:00;https://www.openstreetmap.org/user/Dracaron
1166;12748381;matmercy;2;4;2;50,00;2;0;0;0;0;0;2021-02-26T14:42:18+00:00;2021-02-26T14:44:05+00:00;https://www.openstreetmap.org/user/matmercy
1167;12941331;SmartSystem;2;2;0;100,00;1;1;0;0;0;0;2021-03-28T16:28:35+00:00;2022-01-29T21:34:56+00:00;https://www.openstreetmap.org/user/SmartSystem
1168;13061683;Federico Pinotti;2;3331;3329;0,06;1;1;0;0;0;0;2021-04-23T17:32:14+00:00;2022-02-03T07:08:14+00:00;https://www.openstreetmap.org/user/Federico%20Pinotti
1169;13195444;Tanaka_00;2;53;51;3,77;2;0;0;0;0;0;2021-12-10T13:04:52+00:00;2021-12-10T13:10:24+00:00;https://www.openstreetmap.org/user/Tanaka_00
1170;13401283;PaoloFromFar;2;5;3;40,00;2;0;0;0;0;0;2021-05-24T08:34:18+00:00;2021-05-24T08:35:07+00:00;https://www.openstreetmap.org/user/PaoloFromFar
1171;13409046;Green_Panther;2;5292;5290;0,04;0;2;0;0;0;0;2022-06-14T06:55:26+00:00;2022-06-20T12:05:39+00:00;https://www.openstreetmap.org/user/Green_Panther
1172;13431517;LucaT72;2;2;0;100,00;2;0;0;0;0;0;2021-05-28T14:56:09+00:00;2021-05-28T15:24:45+00:00;https://www.openstreetmap.org/user/LucaT72
1173;13631002;TaddeoR;2;5;3;40,00;2;0;0;0;0;0;2021-06-24T10:53:13+00:00;2021-06-24T10:53:46+00:00;https://www.openstreetmap.org/user/TaddeoR
1174;13637600;Tajtrdlik;2;14049;14047;0,01;0;0;1;1;0;0;2023-08-31T06:41:43+00:00;2024-02-13T11:21:01+00:00;https://www.openstreetmap.org/user/Tajtrdlik
1175;13646717;Rindinadya;2;1735;1733;0,12;0;2;0;0;0;0;2022-02-02T09:29:07+00:00;2022-05-10T10:19:20+00:00;https://www.openstreetmap.org/user/Rindinadya
1176;13714914;Daniele Liciotti;2;2;0;100,00;2;0;0;0;0;0;2021-07-07T10:20:34+00:00;2021-07-07T10:22:44+00:00;https://www.openstreetmap.org/user/Daniele%20Liciotti
1177;13770993;puffete;2;2;0;100,00;2;0;0;0;0;0;2021-07-16T16:57:02+00:00;2021-07-16T17:18:08+00:00;https://www.openstreetmap.org/user/puffete
1178;13841151;Tangy_Joy;2;9902;9900;0,02;0;1;1;0;0;0;2022-06-09T05:01:53+00:00;2023-09-20T09:18:34+00:00;https://www.openstreetmap.org/user/Tangy_Joy
1179;13871314;DGI3112;2;2;0;100,00;2;0;0;0;0;0;2021-08-04T07:05:01+00:00;2021-08-04T07:06:03+00:00;https://www.openstreetmap.org/user/DGI3112
1180;13875228;giovannimartini;2;2;0;100,00;2;0;0;0;0;0;2021-08-04T20:42:53+00:00;2021-08-04T20:45:30+00:00;https://www.openstreetmap.org/user/giovannimartini
1181;13883599;FalconAce;2;2;0;100,00;2;0;0;0;0;0;2021-08-06T06:54:24+00:00;2021-08-06T06:55:55+00:00;https://www.openstreetmap.org/user/FalconAce
1182;14123119;xmr00;2;11;9;18,18;2;0;0;0;0;0;2021-09-16T21:32:28+00:00;2021-09-16T21:36:09+00:00;https://www.openstreetmap.org/user/xmr00
1183;14232454;pau-map;2;265;263;0,75;2;0;0;0;0;0;2021-10-05T10:12:27+00:00;2021-10-05T10:18:33+00:00;https://www.openstreetmap.org/user/pau-map
1184;14234497;Maghe80;2;48;46;4,17;2;0;0;0;0;0;2021-11-20T19:14:06+00:00;2021-11-21T09:21:16+00:00;https://www.openstreetmap.org/user/Maghe80
1185;14271621;prasadtx;2;1102;1100;0,18;0;0;0;2;0;0;2024-08-07T06:53:40+00:00;2024-08-27T06:49:17+00:00;https://www.openstreetmap.org/user/prasadtx
1186;14271633;shivaopa;2;1420;1418;0,14;0;0;0;1;1;0;2024-11-29T12:47:12+00:00;2025-01-22T07:54:44+00:00;https://www.openstreetmap.org/user/shivaopa
1187;14271637;jamiavin;2;724;722;0,28;0;0;0;0;2;0;2025-01-22T07:57:10+00:00;2025-02-20T10:59:37+00:00;https://www.openstreetmap.org/user/jamiavin
1188;14285206;Zoe DePa;2;18;16;11,11;2;0;0;0;0;0;2021-10-13T17:41:49+00:00;2021-10-18T09:12:23+00:00;https://www.openstreetmap.org/user/Zoe%20DePa
1189;14331364;DEE_KEI_1;2;2;0;100,00;2;0;0;0;0;0;2021-10-22T02:26:22+00:00;2021-10-22T02:28:15+00:00;https://www.openstreetmap.org/user/DEE_KEI_1
1190;14397191;beatrice ranalli;2;2;0;100,00;2;0;0;0;0;0;2021-11-03T09:56:29+00:00;2021-11-03T10:10:25+00:00;https://www.openstreetmap.org/user/beatrice%20ranalli
1191;14444010;"Country House ""La Grancia""";2;2;0;100,00;2;0;0;0;0;0;2021-11-11T13:51:29+00:00;2021-12-22T09:55:17+00:00;https://www.openstreetmap.org/user/Country%20House%20%22La%20Grancia%22
1192;14450050;PietroM95;2;2;0;100,00;2;0;0;0;0;0;2021-11-13T20:14:42+00:00;2021-11-15T08:47:41+00:00;https://www.openstreetmap.org/user/PietroM95
1193;14451222;gmaps-pg;2;4;2;50,00;2;0;0;0;0;0;2021-11-12T19:19:56+00:00;2021-11-12T20:55:45+00:00;https://www.openstreetmap.org/user/gmaps-pg
1194;14477954;Alessandro Muscatello;2;2;0;100,00;2;0;0;0;0;0;2021-11-17T18:49:16+00:00;2021-11-17T19:20:42+00:00;https://www.openstreetmap.org/user/Alessandro%20Muscatello
1195;14550710;Fil_Vim;2;6866;6864;0,03;0;0;0;0;1;1;2025-07-02T12:46:13+00:00;2026-09-11T12:17:46+00:00;https://www.openstreetmap.org/user/Fil_Vim
1196;14606342;-_-_-;2;2;0;100,00;1;0;0;1;0;0;2021-12-10T10:24:30+00:00;2024-02-13T08:27:35+00:00;https://www.openstreetmap.org/user/-_-_-
1197;14638802;Aleksey Gorelikov;2;3639;3637;0,05;0;0;1;1;0;0;2023-04-04T16:58:33+00:00;2024-07-11T08:11:36+00:00;https://www.openstreetmap.org/user/Aleksey%20Gorelikov
1198;14657303;OSMUser05;2;7;5;28,57;1;1;0;0;0;0;2021-12-18T09:48:53+00:00;2022-03-22T14:48:53+00:00;https://www.openstreetmap.org/user/OSMUser05
1199;14728702;Tinetto;2;14476;14474;0,01;0;0;0;0;0;2;2026-03-26T09:32:55+00:00;2026-05-12T12:27:38+00:00;https://www.openstreetmap.org/user/Tinetto
1200;14728730;House_island;2;3805;3803;0,05;0;2;0;0;0;0;2022-06-08T10:03:27+00:00;2022-06-08T11:30:39+00:00;https://www.openstreetmap.org/user/House_island
1201;14747621;Besikovitch;2;79;77;2,53;0;0;0;2;0;0;2024-08-11T17:41:17+00:00;2024-08-15T17:45:42+00:00;https://www.openstreetmap.org/user/Besikovitch
1202;15204646;Chap_oga;2;4755;4753;0,04;0;2;0;0;0;0;2022-11-29T04:39:35+00:00;2022-11-29T09:58:29+00:00;https://www.openstreetmap.org/user/Chap_oga
1203;15241511;Illumish;2;91;89;2,20;0;0;2;0;0;0;2023-02-20T18:17:53+00:00;2023-02-20T18:20:47+00:00;https://www.openstreetmap.org/user/Illumish
1204;15373989;nerdinand;2;30;28;6,67;0;0;0;0;0;2;2026-09-15T14:13:58+00:00;2026-09-15T14:21:29+00:00;https://www.openstreetmap.org/user/nerdinand
1205;15458794;Photo_MC;2;2814;2812;0,07;0;2;0;0;0;0;2022-06-11T08:05:44+00:00;2022-06-13T10:09:26+00:00;https://www.openstreetmap.org/user/Photo_MC
1206;15504687;Federico Aretini;2;2;0;100,00;0;2;0;0;0;0;2022-04-06T15:01:55+00:00;2022-04-06T15:03:25+00:00;https://www.openstreetmap.org/user/Federico%20Aretini
1207;15609524;Tommaso Lucarelli;2;2;0;100,00;0;0;0;0;0;2;2026-01-18T14:11:20+00:00;2026-01-18T14:14:26+00:00;https://www.openstreetmap.org/user/Tommaso%20Lucarelli
1208;15890851;sandman23;2;66;64;3,03;0;0;2;0;0;0;2023-08-20T09:52:12+00:00;2023-08-20T09:58:49+00:00;https://www.openstreetmap.org/user/sandman23
1209;15922878;Gianvi67;2;2;0;100,00;0;2;0;0;0;0;2022-05-11T13:45:46+00:00;2022-05-11T13:49:28+00:00;https://www.openstreetmap.org/user/Gianvi67
1210;15947354;VLD526;2;62;60;3,23;0;0;1;0;1;0;2023-06-21T21:29:52+00:00;2025-02-03T11:41:11+00:00;https://www.openstreetmap.org/user/VLD526
1211;15983616;VLD527;2;245;243;0,82;0;0;1;0;1;0;2023-11-24T11:27:58+00:00;2025-01-21T08:15:48+00:00;https://www.openstreetmap.org/user/VLD527
1212;16001948;karaga;2;1661;1659;0,12;0;0;2;0;0;0;2023-04-01T12:41:37+00:00;2023-09-13T12:08:54+00:00;https://www.openstreetmap.org/user/karaga
1213;16065396;stasiu512;2;7773;7771;0,03;0;0;0;0;2;0;2025-08-20T18:14:39+00:00;2025-09-04T07:09:06+00:00;https://www.openstreetmap.org/user/stasiu512
1214;16078862;smalldeenee;2;3;1;66,67;0;2;0;0;0;0;2022-05-24T22:17:12+00:00;2022-05-24T22:38:40+00:00;https://www.openstreetmap.org/user/smalldeenee
1215;16083471;dab64;2;2;0;100,00;0;0;0;0;0;2;2026-08-02T05:01:13+00:00;2026-08-02T14:03:32+00:00;https://www.openstreetmap.org/user/dab64
1216;16145169;McGregor78;2;2;0;100,00;0;2;0;0;0;0;2022-05-30T15:28:16+00:00;2022-05-30T15:53:51+00:00;https://www.openstreetmap.org/user/McGregor78
1217;16155068;spughetti;2;6809;6807;0,03;0;0;0;2;0;0;2024-12-26T18:07:07+00:00;2024-12-26T18:07:17+00:00;https://www.openstreetmap.org/user/spughetti
1218;16383802;Dhanapot;2;716;714;0,28;0;2;0;0;0;0;2022-08-03T11:06:01+00:00;2022-08-05T13:03:23+00:00;https://www.openstreetmap.org/user/Dhanapot
1219;16383807;Mini_music;2;2908;2906;0,07;0;2;0;0;0;0;2022-09-24T05:43:35+00:00;2022-09-24T05:54:52+00:00;https://www.openstreetmap.org/user/Mini_music
1220;16408483;melody_Tej;2;18247;18245;0,01;0;0;0;0;0;2;2026-01-02T05:50:53+00:00;2026-07-28T09:38:54+00:00;https://www.openstreetmap.org/user/melody_Tej
1221;16577323;007Transformer;2;8879;8877;0,02;0;0;0;0;2;0;2025-07-24T06:57:43+00:00;2025-08-07T10:55:12+00:00;https://www.openstreetmap.org/user/007Transformer
1222;16577436;Wildsharky;2;5371;5369;0,04;0;0;0;0;0;2;2026-01-30T10:53:34+00:00;2026-02-17T09:08:26+00:00;https://www.openstreetmap.org/user/Wildsharky
1223;16588177;tsuiga;2;175;173;1,14;0;0;2;0;0;0;2023-07-09T18:06:39+00:00;2023-07-09T19:07:33+00:00;https://www.openstreetmap.org/user/tsuiga
1224;16658114;dupappal;2;1080;1078;0,19;0;0;0;1;1;0;2024-11-19T06:52:19+00:00;2025-01-22T06:44:10+00:00;https://www.openstreetmap.org/user/dupappal
1225;16768152;lkoole;2;2;0;100,00;0;2;0;0;0;0;2022-08-07T10:14:29+00:00;2022-08-10T12:13:24+00:00;https://www.openstreetmap.org/user/lkoole
1226;16800209;itzshoummo;2;547;545;0,37;0;0;0;2;0;0;2024-12-13T19:55:45+00:00;2024-12-13T20:35:43+00:00;https://www.openstreetmap.org/user/itzshoummo
1227;16846689;Rik797;2;28;26;7,14;0;2;0;0;0;0;2022-09-08T12:41:43+00:00;2022-09-08T12:50:35+00:00;https://www.openstreetmap.org/user/Rik797
1228;16881411;Diego Bellagamba;2;5;3;40,00;0;2;0;0;0;0;2022-08-23T14:54:37+00:00;2022-09-24T13:23:12+00:00;https://www.openstreetmap.org/user/Diego%20Bellagamba
1229;16917669;CasaCiarpella;2;2;0;100,00;0;2;0;0;0;0;2022-08-23T20:50:40+00:00;2022-08-23T20:51:07+00:00;https://www.openstreetmap.org/user/CasaCiarpella
1230;16951803;Vas111;2;2998;2996;0,07;0;0;2;0;0;0;2023-07-22T08:56:46+00:00;2023-07-22T09:29:35+00:00;https://www.openstreetmap.org/user/Vas111
1231;16953919;rl71;2;210;208;0,95;0;0;2;0;0;0;2023-08-16T14:50:53+00:00;2023-08-16T14:56:39+00:00;https://www.openstreetmap.org/user/rl71
1232;16954345;ARNPIA;2;2;0;100,00;0;0;0;2;0;0;2024-12-06T08:00:31+00:00;2024-12-06T08:03:56+00:00;https://www.openstreetmap.org/user/ARNPIA
1233;17319146;GDCmap;2;2;0;100,00;0;2;0;0;0;0;2022-10-04T12:51:58+00:00;2022-10-05T06:29:13+00:00;https://www.openstreetmap.org/user/GDCmap
1234;17371415;wolf180190;2;2;0;100,00;0;1;1;0;0;0;2022-10-10T11:02:56+00:00;2023-06-29T10:39:32+00:00;https://www.openstreetmap.org/user/wolf180190
1235;17435194;Renoxsrl1994;2;2;0;100,00;0;2;0;0;0;0;2022-10-24T12:31:54+00:00;2022-10-24T13:09:13+00:00;https://www.openstreetmap.org/user/Renoxsrl1994
1236;17441326;BSN21M;2;1741;1739;0,11;0;0;2;0;0;0;2023-01-14T15:24:39+00:00;2023-01-19T06:35:47+00:00;https://www.openstreetmap.org/user/BSN21M
1237;17530372;Irenicus;2;2;0;100,00;0;0;2;0;0;0;2023-01-19T08:49:27+00:00;2023-01-19T08:52:41+00:00;https://www.openstreetmap.org/user/Irenicus
1238;17865950;alessio giuliano93;2;2;0;100,00;0;2;0;0;0;0;2022-12-02T15:41:54+00:00;2022-12-02T15:55:00+00:00;https://www.openstreetmap.org/user/alessio%20giuliano93
1239;18052108;GianluKa17;2;3;1;66,67;0;2;0;0;0;0;2022-12-21T14:40:40+00:00;2022-12-21T14:48:16+00:00;https://www.openstreetmap.org/user/GianluKa17
1240;18052114;Cristy23;2;2;0;100,00;0;2;0;0;0;0;2022-12-21T14:41:28+00:00;2022-12-21T14:50:05+00:00;https://www.openstreetmap.org/user/Cristy23
1241;18052116;Gius3F;2;2;0;100,00;0;2;0;0;0;0;2022-12-21T14:40:12+00:00;2022-12-21T14:49:55+00:00;https://www.openstreetmap.org/user/Gius3F
1242;18052117;vidikingo;2;52;50;3,85;0;2;0;0;0;0;2022-12-21T14:42:14+00:00;2022-12-21T14:50:09+00:00;https://www.openstreetmap.org/user/vidikingo
1243;18052120;Giovanni150501;2;2;0;100,00;0;2;0;0;0;0;2022-12-21T14:41:04+00:00;2022-12-21T14:45:49+00:00;https://www.openstreetmap.org/user/Giovanni150501
1244;18266291;nicola_alle;2;1050;1048;0,19;0;0;0;0;0;2;2026-08-30T16:26:31+00:00;2026-08-30T16:30:49+00:00;https://www.openstreetmap.org/user/nicola_alle
1245;18511019;Senihtu;2;22841;22839;0,01;0;0;0;0;0;2;2026-09-17T16:03:45+00:00;2026-09-25T16:18:09+00:00;https://www.openstreetmap.org/user/Senihtu
1246;18557753;marco19871804;2;2;0;100,00;0;0;2;0;0;0;2023-02-27T15:26:35+00:00;2023-02-28T11:50:56+00:00;https://www.openstreetmap.org/user/marco19871804
1247;18706708;leuno;2;5;3;40,00;0;0;0;2;0;0;2024-10-15T10:15:24+00:00;2024-10-15T10:18:42+00:00;https://www.openstreetmap.org/user/leuno
1248;18751865;F@b69;2;4;2;50,00;0;0;2;0;0;0;2023-03-17T16:55:54+00:00;2023-03-17T17:01:39+00:00;https://www.openstreetmap.org/user/F%40b69
1249;18790240;sdfsffs;2;2;0;100,00;0;0;2;0;0;0;2023-03-29T12:38:01+00:00;2023-04-18T20:37:20+00:00;https://www.openstreetmap.org/user/sdfsffs
1250;19072460;yulia_gorodetskaya;2;985;983;0,20;0;0;2;0;0;0;2023-06-14T12:35:25+00:00;2023-08-28T08:44:54+00:00;https://www.openstreetmap.org/user/yulia_gorodetskaya
1251;19100619;ioioopenstreetmap;2;2;0;100,00;0;0;2;0;0;0;2023-04-28T16:34:29+00:00;2023-04-28T16:57:32+00:00;https://www.openstreetmap.org/user/ioioopenstreetmap
1252;19210335;shifattest;2;8;6;25,00;0;0;0;0;0;2;2026-05-15T21:14:11+00:00;2026-05-19T18:25:00+00:00;https://www.openstreetmap.org/user/shifattest
1253;19240037;Simona Pergola;2;104;102;1,92;0;0;2;0;0;0;2023-08-18T13:57:19+00:00;2023-08-18T14:17:54+00:00;https://www.openstreetmap.org/user/Simona%20Pergola
1254;19404424;Sape Mullender;2;2;0;100,00;0;0;2;0;0;0;2023-05-27T16:45:08+00:00;2023-05-28T16:57:15+00:00;https://www.openstreetmap.org/user/Sape%20Mullender
1255;19531867;openpwn;2;5;3;40,00;0;0;2;0;0;0;2023-06-10T12:48:55+00:00;2023-06-13T07:25:56+00:00;https://www.openstreetmap.org/user/openpwn
1256;19548357;jummes;2;2;0;100,00;0;0;0;0;0;2;2026-07-08T19:07:18+00:00;2026-07-12T23:26:16+00:00;https://www.openstreetmap.org/user/jummes
1257;19620297;Fabrizioldv;2;2;0;100,00;0;0;2;0;0;0;2023-06-19T13:10:40+00:00;2023-06-19T18:05:17+00:00;https://www.openstreetmap.org/user/Fabrizioldv
1258;19645378;VitoD97;2;2;0;100,00;0;0;2;0;0;0;2023-06-21T17:32:54+00:00;2023-06-21T17:36:16+00:00;https://www.openstreetmap.org/user/VitoD97
1259;19652861;Patrick72@;2;70;68;2,86;0;0;2;0;0;0;2023-06-23T09:57:05+00:00;2023-06-23T10:20:30+00:00;https://www.openstreetmap.org/user/Patrick72%40
1260;19808937;xonya;2;4;2;50,00;0;0;2;0;0;0;2023-07-08T22:54:01+00:00;2023-07-08T23:08:53+00:00;https://www.openstreetmap.org/user/xonya
1261;19844270;Arvari;2;3990;3988;0,05;0;0;2;0;0;0;2023-08-31T08:07:23+00:00;2023-09-19T04:13:55+00:00;https://www.openstreetmap.org/user/Arvari
1262;19969905;Maksim Sazanovich;2;5365;5363;0,04;0;0;0;1;0;1;2024-09-02T12:08:25+00:00;2026-05-12T11:39:37+00:00;https://www.openstreetmap.org/user/Maksim%20Sazanovich
1263;20020849;Michele Guaitini;2;11;9;18,18;0;0;2;0;0;0;2023-07-30T07:13:25+00:00;2023-07-30T07:14:35+00:00;https://www.openstreetmap.org/user/Michele%20Guaitini
1264;20024719;Knippkügelchen;2;18;16;11,11;0;0;2;0;0;0;2023-09-28T12:01:05+00:00;2023-09-28T12:09:00+00:00;https://www.openstreetmap.org/user/Knippk%C3%BCgelchen
1265;20035432;Roberto@B;2;2;0;100,00;0;0;2;0;0;0;2023-08-02T16:18:16+00:00;2023-08-02T16:21:41+00:00;https://www.openstreetmap.org/user/Roberto%40B
1266;20115630;simo_8;2;2;0;100,00;0;0;2;0;0;0;2023-08-25T16:05:04+00:00;2023-08-28T17:29:34+00:00;https://www.openstreetmap.org/user/simo_8
1267;20161667;htwan;2;1380;1378;0,14;0;0;0;2;0;0;2024-02-20T21:32:45+00:00;2024-02-20T21:42:10+00:00;https://www.openstreetmap.org/user/htwan
1268;20170556;Matei Radu;2;5;3;40,00;0;0;2;0;0;0;2023-09-04T11:30:32+00:00;2023-09-04T11:52:00+00:00;https://www.openstreetmap.org/user/Matei%20Radu
1269;20178909;sbera1;2;42;40;4,76;0;0;0;0;2;0;2025-07-02T09:33:04+00:00;2025-09-24T13:45:37+00:00;https://www.openstreetmap.org/user/sbera1
1270;20408980;Marildv;2;1892;1890;0,11;0;0;0;0;1;1;2025-05-30T06:54:06+00:00;2026-01-09T14:56:57+00:00;https://www.openstreetmap.org/user/Marildv
1271;20414961;Brentar;2;7916;7914;0,03;0;0;0;2;0;0;2024-10-18T11:14:24+00:00;2024-10-18T12:25:30+00:00;https://www.openstreetmap.org/user/Brentar
1272;20415443;Palary;2;14729;14727;0,01;0;0;0;1;0;1;2024-05-22T10:46:03+00:00;2026-08-03T11:11:38+00:00;https://www.openstreetmap.org/user/Palary
1273;20432726;Byenin;2;18757;18755;0,01;0;0;0;1;0;1;2024-10-18T09:23:07+00:00;2026-02-16T09:55:59+00:00;https://www.openstreetmap.org/user/Byenin
1274;20466107;mikimapbuilder;2;8737;8735;0,02;0;0;0;2;0;0;2024-02-12T14:19:36+00:00;2024-02-14T07:51:51+00:00;https://www.openstreetmap.org/user/mikimapbuilder
1275;20554835;Giu34567890;2;2;0;100,00;0;0;2;0;0;0;2023-11-05T17:51:35+00:00;2023-11-05T17:55:15+00:00;https://www.openstreetmap.org/user/Giu34567890
1276;20571714;Dorothea Geiss;2;2;0;100,00;0;0;2;0;0;0;2023-11-08T14:49:04+00:00;2023-11-08T14:54:44+00:00;https://www.openstreetmap.org/user/Dorothea%20Geiss
1277;20606484;Luca Facchini;2;9;7;22,22;0;0;0;0;2;0;2025-12-23T11:51:07+00:00;2025-12-23T11:53:32+00:00;https://www.openstreetmap.org/user/Luca%20Facchini
1278;20685736;Studio Civico 111;2;2;0;100,00;0;0;2;0;0;0;2023-12-14T12:10:39+00:00;2023-12-14T12:33:40+00:00;https://www.openstreetmap.org/user/Studio%20Civico%20111
1279;20795476;WWMapper101;2;1029;1027;0,19;0;0;0;0;2;0;2025-01-24T18:11:36+00:00;2025-01-24T18:12:11+00:00;https://www.openstreetmap.org/user/WWMapper101
1280;20813010;pabloz84;2;2;0;100,00;0;0;0;2;0;0;2024-09-26T08:34:02+00:00;2024-09-27T09:43:04+00:00;https://www.openstreetmap.org/user/pabloz84
1281;20939175;mggjcgprenfixer;2;2;0;100,00;0;0;0;2;0;0;2024-01-26T16:17:45+00:00;2024-01-26T16:40:09+00:00;https://www.openstreetmap.org/user/mggjcgprenfixer
1282;20947061;fedeolivieri;2;6;4;33,33;0;0;0;2;0;0;2024-01-29T14:03:46+00:00;2024-01-30T15:21:27+00:00;https://www.openstreetmap.org/user/fedeolivieri
1283;20977587;pietrell;2;5;3;40,00;0;0;0;2;0;0;2024-02-08T10:35:26+00:00;2024-02-08T10:45:31+00:00;https://www.openstreetmap.org/user/pietrell
1284;21047111;Gabrybarry003;2;2;0;100,00;0;0;0;2;0;0;2024-02-19T18:15:56+00:00;2024-02-19T18:27:07+00:00;https://www.openstreetmap.org/user/Gabrybarry003
1285;21170101;Fausto Marcantoni;2;2;0;100,00;0;0;0;2;0;0;2024-03-06T17:18:54+00:00;2024-03-07T10:45:00+00:00;https://www.openstreetmap.org/user/Fausto%20Marcantoni
1286;21263430;Hackjaku;2;20;18;10,00;0;0;0;2;0;0;2024-07-08T14:10:45+00:00;2024-07-08T14:13:16+00:00;https://www.openstreetmap.org/user/Hackjaku
1287;21277013;StefanoErmini;2;2;0;100,00;0;0;0;2;0;0;2024-04-05T09:39:05+00:00;2024-04-07T08:05:31+00:00;https://www.openstreetmap.org/user/StefanoErmini
1288;21312170;115104117;2;2;0;100,00;0;0;0;2;0;0;2024-04-16T09:11:20+00:00;2024-04-16T09:14:34+00:00;https://www.openstreetmap.org/user/115104117
1289;21381606;Zeno Astolfi;2;84;82;2,38;0;0;0;1;1;0;2024-09-07T13:04:43+00:00;2025-08-17T14:22:06+00:00;https://www.openstreetmap.org/user/Zeno%20Astolfi
1290;21382237;Diocesi Macerata;2;2;0;100,00;0;0;0;2;0;0;2024-04-29T16:49:35+00:00;2024-04-29T16:53:09+00:00;https://www.openstreetmap.org/user/Diocesi%20Macerata
1291;21403103;LaserOtter;2;2;0;100,00;0;0;0;2;0;0;2024-05-02T15:52:35+00:00;2024-05-02T15:57:02+00:00;https://www.openstreetmap.org/user/LaserOtter
1292;21644454;Mictre;2;2;0;100,00;0;0;0;2;0;0;2024-06-10T20:41:32+00:00;2024-06-11T09:02:32+00:00;https://www.openstreetmap.org/user/Mictre
1293;21713906;Kacsamaki;2;985;983;0,20;0;0;0;0;2;0;2025-04-25T22:19:32+00:00;2025-04-26T11:19:11+00:00;https://www.openstreetmap.org/user/Kacsamaki
1294;21831969;masscola;2;3;1;66,67;0;0;0;2;0;0;2024-08-30T13:46:26+00:00;2024-08-30T13:48:03+00:00;https://www.openstreetmap.org/user/masscola
1295;21845166;matteorossinifano;2;4;2;50,00;0;0;0;2;0;0;2024-08-13T11:00:29+00:00;2024-08-16T10:05:02+00:00;https://www.openstreetmap.org/user/matteorossinifano
1296;21859044;Data 7;2;574;572;0,35;0;0;0;2;0;0;2024-12-20T20:23:42+00:00;2024-12-20T20:31:39+00:00;https://www.openstreetmap.org/user/Data%207
1297;21868868;Jacopo Fattorini;2;2;0;100,00;0;0;0;2;0;0;2024-08-20T15:54:10+00:00;2024-08-20T15:56:47+00:00;https://www.openstreetmap.org/user/Jacopo%20Fattorini
1298;21885135;JP2GMD2137;2;774;772;0,26;0;0;0;2;0;0;2024-08-29T00:15:51+00:00;2024-08-29T00:16:14+00:00;https://www.openstreetmap.org/user/JP2GMD2137
1299;22017204;Sic7;2;2;0;100,00;0;0;0;2;0;0;2024-10-01T09:47:12+00:00;2024-10-01T09:57:10+00:00;https://www.openstreetmap.org/user/Sic7
1300;22020823;Comune di Jesi;2;2;0;100,00;0;0;0;2;0;0;2024-10-02T08:14:42+00:00;2024-10-03T11:25:45+00:00;https://www.openstreetmap.org/user/Comune%20di%20Jesi
1301;22121546;Tiziano Smeraldo;2;2;0;100,00;0;0;0;0;2;0;2025-05-31T10:36:51+00:00;2025-06-05T15:52:40+00:00;https://www.openstreetmap.org/user/Tiziano%20Smeraldo
1302;22127238;Noiris;2;70;68;2,86;0;0;0;2;0;0;2024-11-11T13:02:48+00:00;2024-11-11T13:18:45+00:00;https://www.openstreetmap.org/user/Noiris
1303;22196962;lucamozzz;2;2;0;100,00;0;0;0;2;0;0;2024-11-19T16:01:11+00:00;2024-11-19T16:38:38+00:00;https://www.openstreetmap.org/user/lucamozzz
1304;22244042;ELEONORA PROJECT;2;2;0;100,00;0;0;0;2;0;0;2024-12-02T08:24:49+00:00;2024-12-02T08:51:11+00:00;https://www.openstreetmap.org/user/ELEONORA%20PROJECT
1305;22336433;LorenzoGentili126052;2;2;0;100,00;0;0;0;1;1;0;2024-12-31T11:26:34+00:00;2025-01-24T11:18:03+00:00;https://www.openstreetmap.org/user/LorenzoGentili126052
1306;22341982;Max861;2;2;0;100,00;0;0;0;0;2;0;2025-01-02T16:13:55+00:00;2025-01-02T16:18:21+00:00;https://www.openstreetmap.org/user/Max861
1307;22427748;alambiccoancona;2;2;0;100,00;0;0;0;0;2;0;2025-01-26T22:17:17+00:00;2025-04-21T07:56:27+00:00;https://www.openstreetmap.org/user/alambiccoancona
1308;22434897;Emma Js;2;809;807;0,25;0;0;0;0;0;2;2026-05-13T06:55:22+00:00;2026-06-08T09:57:03+00:00;https://www.openstreetmap.org/user/Emma%20Js
1309;22581631;mrs_wibkas;2;3;1;66,67;0;0;0;0;2;0;2025-06-14T11:16:50+00:00;2025-06-14T11:17:18+00:00;https://www.openstreetmap.org/user/mrs_wibkas
1310;22612849;HelenPataneika;2;1219;1217;0,16;0;0;0;0;2;0;2025-05-05T15:11:53+00:00;2025-05-05T15:20:59+00:00;https://www.openstreetmap.org/user/HelenPataneika
1311;22630381;Danilo Burattini;2;2;0;100,00;0;0;0;0;2;0;2025-03-22T10:33:47+00:00;2025-03-22T12:00:18+00:00;https://www.openstreetmap.org/user/Danilo%20Burattini
1312;22732307;Yeginbay Aldiyar;2;2;0;100,00;0;0;0;0;2;0;2025-04-10T13:54:48+00:00;2025-04-10T14:03:36+00:00;https://www.openstreetmap.org/user/Yeginbay%20Aldiyar
1313;22823289;Valery Visciglia Aleinik 244854;2;36;34;5,56;0;0;0;0;2;0;2025-06-26T09:21:52+00:00;2025-06-26T09:45:02+00:00;https://www.openstreetmap.org/user/Valery%20Visciglia%20Aleinik%20244854
1314;22851409;daggoo;2;2;0;100,00;0;0;0;0;2;0;2025-05-01T06:20:19+00:00;2025-05-01T06:22:16+00:00;https://www.openstreetmap.org/user/daggoo
1315;22861657;RVR!;2;2;0;100,00;0;0;0;0;2;0;2025-05-04T12:43:46+00:00;2025-05-04T17:44:58+00:00;https://www.openstreetmap.org/user/RVR%21
1316;22984868;Geocrest;2;2759;2757;0,07;0;0;0;0;0;2;2026-04-17T16:47:51+00:00;2026-05-11T09:35:18+00:00;https://www.openstreetmap.org/user/Geocrest
1317;23014783;Rowan Tommins;2;6;4;33,33;0;0;0;0;2;0;2025-06-18T14:03:38+00:00;2025-06-18T16:51:18+00:00;https://www.openstreetmap.org/user/Rowan%20Tommins
1318;23054499;flovd;2;8;6;25,00;0;0;0;0;2;0;2025-06-30T20:36:33+00:00;2025-06-30T20:39:12+00:00;https://www.openstreetmap.org/user/flovd
1319;23066531;DavideP01;2;4;2;50,00;0;0;0;0;0;2;2026-02-11T09:40:48+00:00;2026-02-11T09:46:38+00:00;https://www.openstreetmap.org/user/DavideP01
1320;23068658;sh22r;2;29;27;6,90;0;0;0;0;0;2;2026-04-15T17:24:03+00:00;2026-05-03T08:51:51+00:00;https://www.openstreetmap.org/user/sh22r
1321;23097958;frè;2;2;0;100,00;0;0;0;0;2;0;2025-07-15T12:39:34+00:00;2025-07-16T09:18:32+00:00;https://www.openstreetmap.org/user/fr%C3%A8
1322;23129114;Sargio_57;2;6;4;33,33;0;0;0;0;2;0;2025-08-04T17:45:51+00:00;2025-08-04T17:46:42+00:00;https://www.openstreetmap.org/user/Sargio_57
1323;23208011;Raul_A;2;2;0;100,00;0;0;0;0;1;1;2025-08-20T10:05:42+00:00;2026-05-06T20:16:02+00:00;https://www.openstreetmap.org/user/Raul_A
1324;23211197;simone bellardinelli;2;2;0;100,00;0;0;0;0;2;0;2025-08-21T08:34:21+00:00;2025-08-21T08:37:42+00:00;https://www.openstreetmap.org/user/simone%20bellardinelli
1325;23228531;Salvatore La Vecchia;2;7;5;28,57;0;0;0;0;2;0;2025-09-03T08:56:41+00:00;2025-09-06T11:22:45+00:00;https://www.openstreetmap.org/user/Salvatore%20La%20Vecchia
1326;23253144;Danielejj94;2;2;0;100,00;0;0;0;0;2;0;2025-09-04T20:35:48+00:00;2025-09-04T20:58:59+00:00;https://www.openstreetmap.org/user/Danielejj94
1327;23305731;Daniele Miccini;2;2;0;100,00;0;0;0;0;2;0;2025-09-18T11:44:37+00:00;2025-09-18T11:49:49+00:00;https://www.openstreetmap.org/user/Daniele%20Miccini
1328;23406307;MP1973;2;2;0;100,00;0;0;0;0;2;0;2025-10-17T07:09:54+00:00;2025-10-17T07:25:46+00:00;https://www.openstreetmap.org/user/MP1973
1329;23456492;Claudius-Caesar;2;348;346;0,57;0;0;0;0;2;0;2025-12-21T17:39:38+00:00;2025-12-21T17:39:43+00:00;https://www.openstreetmap.org/user/Claudius-Caesar
1330;23482740;baditaflorinbot;2;323;321;0,62;0;0;0;0;2;0;2025-11-08T12:35:59+00:00;2025-11-08T12:38:07+00:00;https://www.openstreetmap.org/user/baditaflorinbot
1331;23585634;germiricky67;2;2;0;100,00;0;0;0;0;2;0;2025-12-06T16:42:57+00:00;2025-12-06T20:22:40+00:00;https://www.openstreetmap.org/user/germiricky67
1332;23610262;HachiChan;2;2;0;100,00;0;0;0;0;2;0;2025-12-13T21:59:15+00:00;2025-12-13T22:19:27+00:00;https://www.openstreetmap.org/user/HachiChan
1333;23761219;Comunicazione Medica Marche;2;2;0;100,00;0;0;0;0;0;2;2026-01-28T09:11:28+00:00;2026-01-28T09:19:53+00:00;https://www.openstreetmap.org/user/Comunicazione%20Medica%20Marche
1334;23770971;Gioelem93;2;2;0;100,00;0;0;0;0;0;2;2026-01-30T18:29:55+00:00;2026-03-07T11:04:42+00:00;https://www.openstreetmap.org/user/Gioelem93
1335;23783530;Anon-n69420;2;3;1;66,67;0;0;0;0;0;2;2026-02-03T11:22:51+00:00;2026-02-03T11:43:15+00:00;https://www.openstreetmap.org/user/Anon-n69420
1336;23952086;Skatepassion - Pattinaggio;2;2;0;100,00;0;0;0;0;0;2;2026-03-18T09:16:25+00:00;2026-03-18T09:18:15+00:00;https://www.openstreetmap.org/user/Skatepassion%20-%20Pattinaggio
1337;23956011;Rita Pi;2;2;0;100,00;0;0;0;0;0;2;2026-03-26T10:44:02+00:00;2026-03-26T11:00:38+00:00;https://www.openstreetmap.org/user/Rita%20Pi
1338;24008813;Elisa Montesi;2;2;0;100,00;0;0;0;0;0;2;2026-04-03T09:47:56+00:00;2026-04-03T10:04:15+00:00;https://www.openstreetmap.org/user/Elisa%20Montesi
1339;24044653;Giulia2627;2;2;0;100,00;0;0;0;0;0;2;2026-04-15T10:04:01+00:00;2026-04-28T15:11:41+00:00;https://www.openstreetmap.org/user/Giulia2627
1340;24064267;Fabri061;2;2;0;100,00;0;0;0;0;0;2;2026-09-05T16:50:48+00:00;2026-09-06T11:38:28+00:00;https://www.openstreetmap.org/user/Fabri061
1341;24069443;Braian Dradi;2;4;2;50,00;0;0;0;0;0;2;2026-07-23T09:49:43+00:00;2026-07-23T09:51:08+00:00;https://www.openstreetmap.org/user/Braian%20Dradi
1342;24079349;Piticave;2;2;0;100,00;0;0;0;0;0;2;2026-05-23T10:41:48+00:00;2026-05-30T17:18:03+00:00;https://www.openstreetmap.org/user/Piticave
1343;24117795;Alessandro Numana;2;2;0;100,00;0;0;0;0;0;2;2026-05-11T09:39:50+00:00;2026-05-11T09:59:04+00:00;https://www.openstreetmap.org/user/Alessandro%20Numana
1344;24162803;Irapoli;2;2;0;100,00;0;0;0;0;0;2;2026-05-27T16:35:13+00:00;2026-05-27T16:37:12+00:00;https://www.openstreetmap.org/user/Irapoli
1345;24208424;Woffylu;2;2;0;100,00;0;0;0;0;0;2;2026-06-11T15:25:41+00:00;2026-06-11T15:32:09+00:00;https://www.openstreetmap.org/user/Woffylu
1346;24228370;strudlik;2;434;432;0,46;0;0;0;0;0;2;2026-07-27T12:58:31+00:00;2026-07-27T12:58:58+00:00;https://www.openstreetmap.org/user/strudlik
1347;24289167;Guterfluss;2;18;16;11,11;0;0;0;0;0;2;2026-07-24T21:58:59+00:00;2026-07-24T21:59:07+00:00;https://www.openstreetmap.org/user/Guterfluss
1348;24590899;Raffaele Galanti;2;2;0;100,00;0;0;0;0;0;2;2026-09-24T23:29:53+00:00;2026-09-25T14:02:05+00:00;https://www.openstreetmap.org/user/Raffaele%20Galanti
1349;5211;emvee;1;14944;14943;0,01;0;0;1;0;0;0;2023-08-27T11:55:45+00:00;2023-08-27T11:55:45+00:00;https://www.openstreetmap.org/user/emvee
1350;6460;Patrik Eschle;1;771;770;0,13;1;0;0;0;0;0;2021-09-01T05:24:37+00:00;2021-09-01T05:24:37+00:00;https://www.openstreetmap.org/user/Patrik%20Eschle
1351;8082;Pim Moerenhout;1;3434;3433;0,03;0;0;0;0;1;0;2025-08-18T12:05:31+00:00;2025-08-18T12:05:31+00:00;https://www.openstreetmap.org/user/Pim%20Moerenhout
1352;12837;flschm;1;684;683;0,15;0;0;0;1;0;0;2024-03-31T11:16:45+00:00;2024-03-31T11:16:45+00:00;https://www.openstreetmap.org/user/flschm
1353;14424;Steelgreyhound;1;1;0;100,00;0;0;0;1;0;0;2024-09-27T19:32:16+00:00;2024-09-27T19:32:16+00:00;https://www.openstreetmap.org/user/Steelgreyhound
1354;22060;chrischan;1;48;47;2,08;0;0;1;0;0;0;2023-07-03T20:48:05+00:00;2023-07-03T20:48:05+00:00;https://www.openstreetmap.org/user/chrischan
1355;24126;dforsi;1;255;254;0,39;0;0;1;0;0;0;2023-05-30T09:14:18+00:00;2023-05-30T09:14:18+00:00;https://www.openstreetmap.org/user/dforsi
1356;25204;fukejs;1;1631;1630;0,06;0;0;0;0;1;0;2025-01-16T16:58:45+00:00;2025-01-16T16:58:45+00:00;https://www.openstreetmap.org/user/fukejs
1357;26299;uboot;1;7153;7152;0,01;0;0;0;1;0;0;2024-12-29T21:05:48+00:00;2024-12-29T21:05:48+00:00;https://www.openstreetmap.org/user/uboot
1358;26599;cdavila;1;1946;1945;0,05;0;0;0;0;0;1;2026-06-12T05:58:08+00:00;2026-06-12T05:58:08+00:00;https://www.openstreetmap.org/user/cdavila
1359;26734;yetzt;1;1564;1563;0,06;0;0;0;0;0;1;2026-08-08T17:59:47+00:00;2026-08-08T17:59:47+00:00;https://www.openstreetmap.org/user/yetzt
1360;27099;MAPconcierge;1;2539;2538;0,04;0;0;0;0;1;0;2025-04-19T16:24:05+00:00;2025-04-19T16:24:05+00:00;https://www.openstreetmap.org/user/MAPconcierge
1361;29755;Enrico Zini;1;640;639;0,16;0;0;1;0;0;0;2023-09-28T20:20:14+00:00;2023-09-28T20:20:14+00:00;https://www.openstreetmap.org/user/Enrico%20Zini
1362;29874;Godot;1;6734;6733;0,01;0;0;0;0;1;0;2025-11-10T06:54:07+00:00;2025-11-10T06:54:07+00:00;https://www.openstreetmap.org/user/Godot
1363;30255;Tomi;1;308;307;0,32;1;0;0;0;0;0;2021-07-14T10:20:30+00:00;2021-07-14T10:20:30+00:00;https://www.openstreetmap.org/user/Tomi
1364;30566;Pascal Mages;1;134;133;0,75;0;0;0;1;0;0;2024-04-28T07:35:50+00:00;2024-04-28T07:35:50+00:00;https://www.openstreetmap.org/user/Pascal%20Mages
1365;32788;alloalli;1;70;69;1,43;0;0;0;0;1;0;2025-04-04T08:35:38+00:00;2025-04-04T08:35:38+00:00;https://www.openstreetmap.org/user/alloalli
1366;33223;k127;1;8116;8115;0,01;0;0;1;0;0;0;2023-11-30T02:09:42+00:00;2023-11-30T02:09:42+00:00;https://www.openstreetmap.org/user/k127
1367;36065;Team Saturo;1;4939;4938;0,02;0;1;0;0;0;0;2022-10-31T07:21:36+00:00;2022-10-31T07:21:36+00:00;https://www.openstreetmap.org/user/Team%20Saturo
1368;40640;paolobenve;1;302;301;0,33;1;0;0;0;0;0;2021-04-23T12:53:07+00:00;2021-04-23T12:53:07+00:00;https://www.openstreetmap.org/user/paolobenve
1369;41435;Rasch;1;59;58;1,69;0;0;0;1;0;0;2024-04-02T21:43:43+00:00;2024-04-02T21:43:43+00:00;https://www.openstreetmap.org/user/Rasch
1370;44217;kjon;1;23873;23872;0,00;1;0;0;0;0;0;2021-03-27T19:47:40+00:00;2021-03-27T19:47:40+00:00;https://www.openstreetmap.org/user/kjon
1371;52552;Matija Nalis;1;4336;4335;0,02;0;0;1;0;0;0;2023-07-09T02:18:51+00:00;2023-07-09T02:18:51+00:00;https://www.openstreetmap.org/user/Matija%20Nalis
1372;52797;hofoen;1;17546;17545;0,01;0;0;0;1;0;0;2024-11-26T14:52:29+00:00;2024-11-26T14:52:29+00:00;https://www.openstreetmap.org/user/hofoen
1373;61042;Agh;1;1626;1625;0,06;0;0;1;0;0;0;2023-11-21T11:47:16+00:00;2023-11-21T11:47:16+00:00;https://www.openstreetmap.org/user/Agh
1374;61201;gDAniele;1;16;15;6,25;1;0;0;0;0;0;2021-07-23T12:56:39+00:00;2021-07-23T12:56:39+00:00;https://www.openstreetmap.org/user/gDAniele
1375;69102;Mathbau;1;262;261;0,38;0;0;0;0;1;0;2025-12-01T19:46:22+00:00;2025-12-01T19:46:22+00:00;https://www.openstreetmap.org/user/Mathbau
1376;70280;Dong Huan;1;1;0;100,00;0;1;0;0;0;0;2022-09-24T09:39:47+00:00;2022-09-24T09:39:47+00:00;https://www.openstreetmap.org/user/Dong%20Huan
1377;79559;Zando;1;561;560;0,18;0;0;1;0;0;0;2023-07-05T07:51:09+00:00;2023-07-05T07:51:09+00:00;https://www.openstreetmap.org/user/Zando
1378;85116;JIDB;1;1188;1187;0,08;0;0;0;1;0;0;2024-06-03T21:11:35+00:00;2024-06-03T21:11:35+00:00;https://www.openstreetmap.org/user/JIDB
1379;89897;airon90;1;1721;1720;0,06;1;0;0;0;0;0;2021-03-16T08:19:00+00:00;2021-03-16T08:19:00+00:00;https://www.openstreetmap.org/user/airon90
1380;90188;hypersciocco;1;1134;1133;0,09;0;1;0;0;0;0;2022-09-16T08:10:57+00:00;2022-09-16T08:10:57+00:00;https://www.openstreetmap.org/user/hypersciocco
1381;93451;grozsa11;1;21655;21654;0,00;0;0;1;0;0;0;2023-03-06T13:12:14+00:00;2023-03-06T13:12:14+00:00;https://www.openstreetmap.org/user/grozsa11
1382;99231;fra76mm;1;242;241;0,41;0;0;0;0;1;0;2025-09-08T20:58:59+00:00;2025-09-08T20:58:59+00:00;https://www.openstreetmap.org/user/fra76mm
1383;116911;vueltero;1;63;62;1,59;1;0;0;0;0;0;2021-06-25T07:54:52+00:00;2021-06-25T07:54:52+00:00;https://www.openstreetmap.org/user/vueltero
1384;120595;bio;1;7;6;14,29;0;1;0;0;0;0;2022-06-26T18:42:54+00:00;2022-06-26T18:42:54+00:00;https://www.openstreetmap.org/user/bio
1385;126598;Matteo Quatrida;1;38;37;2,63;1;0;0;0;0;0;2021-08-28T07:26:37+00:00;2021-08-28T07:26:37+00:00;https://www.openstreetmap.org/user/Matteo%20Quatrida
1386;142769;asdakloek;1;230;229;0,43;0;0;0;0;1;0;2025-05-03T12:26:47+00:00;2025-05-03T12:26:47+00:00;https://www.openstreetmap.org/user/asdakloek
1387;159039;mutnig;1;245;244;0,41;0;0;0;0;1;0;2025-06-14T07:53:27+00:00;2025-06-14T07:53:27+00:00;https://www.openstreetmap.org/user/mutnig
1388;169252;capataz;1;1265;1264;0,08;0;0;0;1;0;0;2024-11-09T15:43:46+00:00;2024-11-09T15:43:46+00:00;https://www.openstreetmap.org/user/capataz
1389;175702;AxelBoldt;1;930;929;0,11;1;0;0;0;0;0;2021-07-29T19:35:21+00:00;2021-07-29T19:35:21+00:00;https://www.openstreetmap.org/user/AxelBoldt
1390;191112;tekim;1;6997;6996;0,01;0;0;0;1;0;0;2024-03-23T16:12:17+00:00;2024-03-23T16:12:17+00:00;https://www.openstreetmap.org/user/tekim
1391;193512;Pyknite;1;598;597;0,17;0;0;0;0;1;0;2025-08-05T06:06:43+00:00;2025-08-05T06:06:43+00:00;https://www.openstreetmap.org/user/Pyknite
1392;195017;Julien39;1;21687;21686;0,00;0;1;0;0;0;0;2022-07-07T14:05:52+00:00;2022-07-07T14:05:52+00:00;https://www.openstreetmap.org/user/Julien39
1393;195989;gi4mmyz;1;16;15;6,25;0;0;0;0;0;1;2026-08-28T18:40:35+00:00;2026-08-28T18:40:35+00:00;https://www.openstreetmap.org/user/gi4mmyz
1394;209796;LudovicG;1;29211;29210;0,00;0;0;1;0;0;0;2023-04-30T17:59:25+00:00;2023-04-30T17:59:25+00:00;https://www.openstreetmap.org/user/LudovicG
1395;218114;ArizonaMapper;1;13674;13673;0,01;0;0;0;1;0;0;2024-02-09T14:28:29+00:00;2024-02-09T14:28:29+00:00;https://www.openstreetmap.org/user/ArizonaMapper
1396;221961;gvb;1;759;758;0,13;0;0;0;0;1;0;2025-06-29T19:31:27+00:00;2025-06-29T19:31:27+00:00;https://www.openstreetmap.org/user/gvb
1397;223763;Patrick Bous;1;10244;10243;0,01;0;0;1;0;0;0;2023-01-16T10:55:39+00:00;2023-01-16T10:55:39+00:00;https://www.openstreetmap.org/user/Patrick%20Bous
1398;282711;linu650;1;12;11;8,33;0;0;0;0;0;1;2026-03-07T17:05:21+00:00;2026-03-07T17:05:21+00:00;https://www.openstreetmap.org/user/linu650
1399;300459;didier2020;1;13695;13694;0,01;0;0;0;0;0;1;2026-05-31T17:42:01+00:00;2026-05-31T17:42:01+00:00;https://www.openstreetmap.org/user/didier2020
1400;319488;Beta16;1;1;0;100,00;0;0;0;1;0;0;2024-06-23T22:39:12+00:00;2024-06-23T22:39:12+00:00;https://www.openstreetmap.org/user/Beta16
1401;335143;Bogomil Shopov - Бого;1;5510;5509;0,02;0;0;0;0;1;0;2025-10-26T09:24:00+00:00;2025-10-26T09:24:00+00:00;https://www.openstreetmap.org/user/Bogomil%20Shopov%20-%20%D0%91%D0%BE%D0%B3%D0%BE
1402;337806;huldsfred;1;114;113;0,88;0;0;0;0;1;0;2025-10-20T09:05:02+00:00;2025-10-20T09:05:02+00:00;https://www.openstreetmap.org/user/huldsfred
1403;358277;marchio11;1;1;0;100,00;0;1;0;0;0;0;2022-01-18T15:42:59+00:00;2022-01-18T15:42:59+00:00;https://www.openstreetmap.org/user/marchio11
1404;362463;EuleKC;1;1260;1259;0,08;1;0;0;0;0;0;2021-03-16T01:31:37+00:00;2021-03-16T01:31:37+00:00;https://www.openstreetmap.org/user/EuleKC
1405;374342;hocu;1;8985;8984;0,01;0;0;0;1;0;0;2024-08-20T20:24:25+00:00;2024-08-20T20:24:25+00:00;https://www.openstreetmap.org/user/hocu
1406;378808;msturari;1;1;0;100,00;1;0;0;0;0;0;2021-10-15T08:42:41+00:00;2021-10-15T08:42:41+00:00;https://www.openstreetmap.org/user/msturari
1407;379039;pitec;1;1;0;100,00;0;0;0;0;0;1;2026-09-26T16:34:35+00:00;2026-09-26T16:34:35+00:00;https://www.openstreetmap.org/user/pitec
1408;386132;gueggeli;1;987;986;0,10;0;0;1;0;0;0;2023-03-07T12:52:51+00:00;2023-03-07T12:52:51+00:00;https://www.openstreetmap.org/user/gueggeli
1409;392817;alessiopiccioli;1;64;63;1,56;1;0;0;0;0;0;2021-04-18T14:12:20+00:00;2021-04-18T14:12:20+00:00;https://www.openstreetmap.org/user/alessiopiccioli
1410;403512;gspeed;1;59;58;1,69;1;0;0;0;0;0;2021-05-23T16:16:36+00:00;2021-05-23T16:16:36+00:00;https://www.openstreetmap.org/user/gspeed
1411;430497;dotangel;1;1;0;100,00;0;0;1;0;0;0;2023-02-19T14:08:41+00:00;2023-02-19T14:08:41+00:00;https://www.openstreetmap.org/user/dotangel
1412;437598;dmgroom_ct;1;19374;19373;0,01;0;0;0;1;0;0;2024-11-24T11:08:55+00:00;2024-11-24T11:08:55+00:00;https://www.openstreetmap.org/user/dmgroom_ct
1413;445743;ac201;1;15;14;6,67;1;0;0;0;0;0;2021-09-21T19:34:28+00:00;2021-09-21T19:34:28+00:00;https://www.openstreetmap.org/user/ac201
1414;447639;kunyasobe;1;1007;1006;0,10;0;1;0;0;0;0;2022-02-09T18:01:11+00:00;2022-02-09T18:01:11+00:00;https://www.openstreetmap.org/user/kunyasobe
1415;454325;Fnaq;1;183;182;0,55;0;1;0;0;0;0;2022-03-03T07:32:52+00:00;2022-03-03T07:32:52+00:00;https://www.openstreetmap.org/user/Fnaq
1416;454589;sabas88;1;357;356;0,28;0;1;0;0;0;0;2022-09-05T08:56:04+00:00;2022-09-05T08:56:04+00:00;https://www.openstreetmap.org/user/sabas88
1417;461130;Fizzie-DWG;1;26389;26388;0,00;0;0;1;0;0;0;2023-10-25T05:23:56+00:00;2023-10-25T05:23:56+00:00;https://www.openstreetmap.org/user/Fizzie-DWG
1418;512457;elb000;1;506;505;0,20;0;0;1;0;0;0;2023-12-23T09:52:02+00:00;2023-12-23T09:52:02+00:00;https://www.openstreetmap.org/user/elb000
1419;527535;Constable;1;908;907;0,11;0;1;0;0;0;0;2022-09-13T06:07:34+00:00;2022-09-13T06:07:34+00:00;https://www.openstreetmap.org/user/Constable
1420;540554;Massimo Trozzo;1;1;0;100,00;0;1;0;0;0;0;2022-01-30T01:12:57+00:00;2022-01-30T01:12:57+00:00;https://www.openstreetmap.org/user/Massimo%20Trozzo
1421;554235;Malhado;1;287;286;0,35;0;0;0;0;0;1;2026-03-15T11:54:27+00:00;2026-03-15T11:54:27+00:00;https://www.openstreetmap.org/user/Malhado
1422;565887;pacaldi;1;1;0;100,00;0;0;0;1;0;0;2024-08-17T16:33:52+00:00;2024-08-17T16:33:52+00:00;https://www.openstreetmap.org/user/pacaldi
1423;567792;Natfoot;1;5842;5841;0,02;0;0;0;0;0;1;2026-03-02T02:59:26+00:00;2026-03-02T02:59:26+00:00;https://www.openstreetmap.org/user/Natfoot
1424;585860;RosTnT;1;55;54;1,82;0;1;0;0;0;0;2022-01-25T10:58:41+00:00;2022-01-25T10:58:41+00:00;https://www.openstreetmap.org/user/RosTnT
1425;597467;Rimba;1;17;16;5,88;0;0;0;1;0;0;2024-01-07T16:14:47+00:00;2024-01-07T16:14:47+00:00;https://www.openstreetmap.org/user/Rimba
1426;621202;dpaschich;1;19601;19600;0,01;0;0;1;0;0;0;2023-11-29T03:46:28+00:00;2023-11-29T03:46:28+00:00;https://www.openstreetmap.org/user/dpaschich
1427;625524;marcodena;1;6;5;16,67;0;1;0;0;0;0;2022-08-28T15:25:49+00:00;2022-08-28T15:25:49+00:00;https://www.openstreetmap.org/user/marcodena
1428;635443;lorenzgr;1;212;211;0,47;0;0;0;0;1;0;2025-07-22T10:11:42+00:00;2025-07-22T10:11:42+00:00;https://www.openstreetmap.org/user/lorenzgr
1429;644747;valerio_de_luca;1;171;170;0,58;0;1;0;0;0;0;2022-09-18T15:55:24+00:00;2022-09-18T15:55:24+00:00;https://www.openstreetmap.org/user/valerio_de_luca
1430;645206;Colm O'Neill;1;35;34;2,86;0;1;0;0;0;0;2022-01-13T15:17:49+00:00;2022-01-13T15:17:49+00:00;https://www.openstreetmap.org/user/Colm%20O%27Neill
1431;672706;Mike Tamanti;1;1;0;100,00;0;0;0;0;1;0;2025-10-30T00:05:03+00:00;2025-10-30T00:05:03+00:00;https://www.openstreetmap.org/user/Mike%20Tamanti
1432;696723;Fabienamnet;1;789;788;0,13;0;0;0;0;1;0;2025-12-08T17:08:40+00:00;2025-12-08T17:08:40+00:00;https://www.openstreetmap.org/user/Fabienamnet
1433;716570;Francesco V;1;62;61;1,61;0;0;0;1;0;0;2024-05-01T18:45:15+00:00;2024-05-01T18:45:15+00:00;https://www.openstreetmap.org/user/Francesco%20V
1434;792910;BojanKras;1;8531;8530;0,01;0;0;0;1;0;0;2024-08-04T10:41:25+00:00;2024-08-04T10:41:25+00:00;https://www.openstreetmap.org/user/BojanKras
1435;794589;mcceqc;1;54;53;1,85;1;0;0;0;0;0;2021-09-09T22:13:38+00:00;2021-09-09T22:13:38+00:00;https://www.openstreetmap.org/user/mcceqc
1436;827957;ladoga;1;2260;2259;0,04;1;0;0;0;0;0;2021-12-02T12:03:25+00:00;2021-12-02T12:03:25+00:00;https://www.openstreetmap.org/user/ladoga
1437;928855;cmaglie;1;54;53;1,85;0;0;0;0;0;1;2026-01-10T15:48:28+00:00;2026-01-10T15:48:28+00:00;https://www.openstreetmap.org/user/cmaglie
1438;958845;Petr Fukátko;1;330;329;0,30;0;0;0;0;1;0;2025-09-16T12:29:42+00:00;2025-09-16T12:29:42+00:00;https://www.openstreetmap.org/user/Petr%20Fuk%C3%A1tko
1439;1075395;trallallahoi;1;60;59;1,67;0;0;0;0;1;0;2025-05-19T12:58:57+00:00;2025-05-19T12:58:57+00:00;https://www.openstreetmap.org/user/trallallahoi
1440;1151225;andnars;1;1;0;100,00;0;0;0;1;0;0;2024-10-31T15:17:05+00:00;2024-10-31T15:17:05+00:00;https://www.openstreetmap.org/user/andnars
1441;1198074;DoubleA;1;18540;18539;0,01;0;0;1;0;0;0;2023-03-15T17:18:17+00:00;2023-03-15T17:18:17+00:00;https://www.openstreetmap.org/user/DoubleA
1442;1220473;gepgep;1;1;0;100,00;0;0;0;0;1;0;2025-12-19T09:49:22+00:00;2025-12-19T09:49:22+00:00;https://www.openstreetmap.org/user/gepgep
1443;1230818;Ygramul;1;25293;25292;0,00;0;0;0;0;1;0;2025-01-12T20:08:35+00:00;2025-01-12T20:08:35+00:00;https://www.openstreetmap.org/user/Ygramul
1444;1248925;Prt_An;1;2913;2912;0,03;0;1;0;0;0;0;2022-01-26T13:29:15+00:00;2022-01-26T13:29:15+00:00;https://www.openstreetmap.org/user/Prt_An
1445;1306319;spidernik84;1;2;1;50,00;0;0;0;0;0;1;2026-07-13T10:58:57+00:00;2026-07-13T10:58:57+00:00;https://www.openstreetmap.org/user/spidernik84
1446;1414919;charlieloyd;1;703;702;0,14;1;0;0;0;0;0;2021-11-16T04:04:01+00:00;2021-11-16T04:04:01+00:00;https://www.openstreetmap.org/user/charlieloyd
1447;1443767;Olyon;1;14411;14410;0,01;1;0;0;0;0;0;2021-03-03T01:13:24+00:00;2021-03-03T01:13:24+00:00;https://www.openstreetmap.org/user/Olyon
1448;1538111;avinet_ua;1;4862;4861;0,02;0;0;1;0;0;0;2023-05-25T20:54:28+00:00;2023-05-25T20:54:28+00:00;https://www.openstreetmap.org/user/avinet_ua
1449;1565883;Leedrag;1;1;0;100,00;0;0;0;0;0;1;2026-09-13T10:24:19+00:00;2026-09-13T10:24:19+00:00;https://www.openstreetmap.org/user/Leedrag
1450;1683540;vindert;1;510;509;0,20;0;0;0;0;1;0;2025-06-22T17:04:04+00:00;2025-06-22T17:04:04+00:00;https://www.openstreetmap.org/user/vindert
1451;1695771;CptSteve;1;1;0;100,00;1;0;0;0;0;0;2021-09-01T06:43:16+00:00;2021-09-01T06:43:16+00:00;https://www.openstreetmap.org/user/CptSteve
1452;1716999;CriGuss;1;13;12;7,69;0;0;0;0;1;0;2025-09-09T08:55:54+00:00;2025-09-09T08:55:54+00:00;https://www.openstreetmap.org/user/CriGuss
1453;1725320;aleianny;1;1;0;100,00;1;0;0;0;0;0;2021-04-16T09:21:35+00:00;2021-04-16T09:21:35+00:00;https://www.openstreetmap.org/user/aleianny
1454;1730966;mkabes;1;267;266;0,37;0;0;0;1;0;0;2024-04-02T12:19:26+00:00;2024-04-02T12:19:26+00:00;https://www.openstreetmap.org/user/mkabes
1455;1737217;gilbertotcc;1;2;1;50,00;0;0;0;1;0;0;2024-03-10T19:43:51+00:00;2024-03-10T19:43:51+00:00;https://www.openstreetmap.org/user/gilbertotcc
1456;1785346;Sylvain258;1;175;174;0,57;0;0;0;1;0;0;2024-02-29T22:03:33+00:00;2024-02-29T22:03:33+00:00;https://www.openstreetmap.org/user/Sylvain258
1457;1797153;fabionte;1;1;0;100,00;1;0;0;0;0;0;2021-03-14T17:13:49+00:00;2021-03-14T17:13:49+00:00;https://www.openstreetmap.org/user/fabionte
1458;1853016;gerpas;1;6;5;16,67;0;1;0;0;0;0;2022-07-12T10:45:42+00:00;2022-07-12T10:45:42+00:00;https://www.openstreetmap.org/user/gerpas
1459;1884038;gnacca;1;62;61;1,61;0;0;0;0;1;0;2025-07-22T08:48:24+00:00;2025-07-22T08:48:24+00:00;https://www.openstreetmap.org/user/gnacca
1460;1906004;Kai Johnson;1;6214;6213;0,02;0;0;1;0;0;0;2023-07-26T15:13:34+00:00;2023-07-26T15:13:34+00:00;https://www.openstreetmap.org/user/Kai%20Johnson
1461;1976047;cartomatto;1;404;403;0,25;1;0;0;0;0;0;2021-08-27T07:37:07+00:00;2021-08-27T07:37:07+00:00;https://www.openstreetmap.org/user/cartomatto
1462;1977249;piergiovanna;1;6;5;16,67;0;0;1;0;0;0;2023-05-14T10:50:45+00:00;2023-05-14T10:50:45+00:00;https://www.openstreetmap.org/user/piergiovanna
1463;1994883;franzo15;1;3;2;33,33;0;0;0;0;0;1;2026-05-23T12:09:49+00:00;2026-05-23T12:09:49+00:00;https://www.openstreetmap.org/user/franzo15
1464;2070701;OpenBeerMapContributor;1;366;365;0,27;0;1;0;0;0;0;2022-07-10T23:38:41+00:00;2022-07-10T23:38:41+00:00;https://www.openstreetmap.org/user/OpenBeerMapContributor
1465;2108156;robertotempo;1;212;211;0,47;0;0;0;1;0;0;2024-07-07T11:13:02+00:00;2024-07-07T11:13:02+00:00;https://www.openstreetmap.org/user/robertotempo
1466;2128073;ananonymousmapper;1;430;429;0,23;1;0;0;0;0;0;2021-06-22T14:26:21+00:00;2021-06-22T14:26:21+00:00;https://www.openstreetmap.org/user/ananonymousmapper
1467;2336003;Fillipil;1;9;8;11,11;0;1;0;0;0;0;2022-12-22T17:26:08+00:00;2022-12-22T17:26:08+00:00;https://www.openstreetmap.org/user/Fillipil
1468;2373418;mbranco2;1;124;123;0,81;1;0;0;0;0;0;2021-05-07T15:49:41+00:00;2021-05-07T15:49:41+00:00;https://www.openstreetmap.org/user/mbranco2
1469;2388813;Juga;1;258;257;0,39;0;1;0;0;0;0;2022-06-07T07:33:17+00:00;2022-06-07T07:33:17+00:00;https://www.openstreetmap.org/user/Juga
1470;2413424;mauro_guglielmi;1;1;0;100,00;0;0;1;0;0;0;2023-10-19T07:11:50+00:00;2023-10-19T07:11:50+00:00;https://www.openstreetmap.org/user/mauro_guglielmi
1471;2432197;tomhu;1;12;11;8,33;0;0;0;1;0;0;2024-10-08T17:34:42+00:00;2024-10-08T17:34:42+00:00;https://www.openstreetmap.org/user/tomhu
1472;2434593;Pierpaoloercoli;1;1;0;100,00;0;0;0;0;1;0;2025-12-23T19:40:17+00:00;2025-12-23T19:40:17+00:00;https://www.openstreetmap.org/user/Pierpaoloercoli
1473;2473351;Artlander77;1;1;0;100,00;0;0;0;0;1;0;2025-11-01T10:13:54+00:00;2025-11-01T10:13:54+00:00;https://www.openstreetmap.org/user/Artlander77
1474;2492702;deprado63;1;1081;1080;0,09;0;0;0;1;0;0;2024-10-27T11:28:41+00:00;2024-10-27T11:28:41+00:00;https://www.openstreetmap.org/user/deprado63
1475;2496484;FERINA365;1;8083;8082;0,01;0;0;1;0;0;0;2023-04-25T14:34:25+00:00;2023-04-25T14:34:25+00:00;https://www.openstreetmap.org/user/FERINA365
1476;2498239;maurizioa;1;1782;1781;0,06;0;1;0;0;0;0;2022-09-20T19:58:26+00:00;2022-09-20T19:58:26+00:00;https://www.openstreetmap.org/user/maurizioa
1477;2681220;FolRegv;1;4;3;25,00;0;0;0;1;0;0;2024-12-30T13:03:51+00:00;2024-12-30T13:03:51+00:00;https://www.openstreetmap.org/user/FolRegv
1478;2698880;macabe5387;1;113;112;0,88;1;0;0;0;0;0;2021-08-04T13:48:27+00:00;2021-08-04T13:48:27+00:00;https://www.openstreetmap.org/user/macabe5387
1479;2799447;Wilhelm Scavo;1;19;18;5,26;1;0;0;0;0;0;2021-03-30T09:19:32+00:00;2021-03-30T09:19:32+00:00;https://www.openstreetmap.org/user/Wilhelm%20Scavo
1480;2820801;Reino Baptista;1;16729;16728;0,01;1;0;0;0;0;0;2021-06-14T12:03:56+00:00;2021-06-14T12:03:56+00:00;https://www.openstreetmap.org/user/Reino%20Baptista
1481;2855602;redgrafica;1;1;0;100,00;0;0;1;0;0;0;2023-08-25T08:35:26+00:00;2023-08-25T08:35:26+00:00;https://www.openstreetmap.org/user/redgrafica
1482;2911916;jackspie;1;2;1;50,00;0;1;0;0;0;0;2022-02-07T12:34:39+00:00;2022-02-07T12:34:39+00:00;https://www.openstreetmap.org/user/jackspie
1483;2916541;NazzaF;1;1;0;100,00;0;0;0;0;1;0;2025-10-29T10:51:44+00:00;2025-10-29T10:51:44+00:00;https://www.openstreetmap.org/user/NazzaF
1484;3008685;Ciribix;1;30;29;3,33;0;1;0;0;0;0;2022-04-03T22:01:08+00:00;2022-04-03T22:01:08+00:00;https://www.openstreetmap.org/user/Ciribix
1485;3028180;CoreForce;1;19;18;5,26;0;0;0;0;1;0;2025-07-03T19:58:01+00:00;2025-07-03T19:58:01+00:00;https://www.openstreetmap.org/user/CoreForce
1486;3168532;ClairM;1;423;422;0,24;0;0;0;0;0;1;2026-03-05T16:37:14+00:00;2026-03-05T16:37:14+00:00;https://www.openstreetmap.org/user/ClairM
1487;3247186;Nick Manini;1;213;212;0,47;0;0;0;0;1;0;2025-03-26T13:37:07+00:00;2025-03-26T13:37:07+00:00;https://www.openstreetmap.org/user/Nick%20Manini
1488;3307068;Hypsometric;1;9698;9697;0,01;0;0;0;0;0;1;2026-09-18T11:26:31+00:00;2026-09-18T11:26:31+00:00;https://www.openstreetmap.org/user/Hypsometric
1489;3449441;simcapp;1;272;271;0,37;0;0;1;0;0;0;2023-10-02T12:47:47+00:00;2023-10-02T12:47:47+00:00;https://www.openstreetmap.org/user/simcapp
1490;3449692;raul_lezameta;1;306;305;0,33;1;0;0;0;0;0;2021-06-13T10:24:20+00:00;2021-06-13T10:24:20+00:00;https://www.openstreetmap.org/user/raul_lezameta
1491;3453577;Lorenzo Giovannini;1;3;2;33,33;0;0;0;0;1;0;2025-12-21T01:28:30+00:00;2025-12-21T01:28:30+00:00;https://www.openstreetmap.org/user/Lorenzo%20Giovannini
1492;3454984;shervin86n;1;40;39;2,50;0;0;0;1;0;0;2024-02-23T10:04:04+00:00;2024-02-23T10:04:04+00:00;https://www.openstreetmap.org/user/shervin86n
1493;3481392;boldtrn;1;163;162;0,61;0;0;1;0;0;0;2023-10-03T08:38:05+00:00;2023-10-03T08:38:05+00:00;https://www.openstreetmap.org/user/boldtrn
1494;3493476;danbag;1;3104;3103;0,03;1;0;0;0;0;0;2021-10-23T09:28:09+00:00;2021-10-23T09:28:09+00:00;https://www.openstreetmap.org/user/danbag
1495;3575988;Valente Giancarlo;1;1;0;100,00;1;0;0;0;0;0;2021-08-18T09:27:14+00:00;2021-08-18T09:27:14+00:00;https://www.openstreetmap.org/user/Valente%20Giancarlo
1496;3592641;Montalbano67;1;5;4;20,00;0;0;1;0;0;0;2023-07-02T17:41:08+00:00;2023-07-02T17:41:08+00:00;https://www.openstreetmap.org/user/Montalbano67
1497;3643075;ASD Sabina Trekking;1;1010;1009;0,10;0;0;0;1;0;0;2024-07-29T10:46:53+00:00;2024-07-29T10:46:53+00:00;https://www.openstreetmap.org/user/ASD%20Sabina%20Trekking
1498;3798707;GiulyR98;1;2854;2853;0,04;0;0;0;0;0;1;2026-01-12T20:32:00+00:00;2026-01-12T20:32:00+00:00;https://www.openstreetmap.org/user/GiulyR98
1499;3810171;Alessandro Mattioli;1;23;22;4,35;0;0;1;0;0;0;2023-09-28T15:05:11+00:00;2023-09-28T15:05:11+00:00;https://www.openstreetmap.org/user/Alessandro%20Mattioli
1500;3846472;tuukkapuranen;1;271;270;0,37;0;0;0;0;0;1;2026-03-15T14:43:15+00:00;2026-03-15T14:43:15+00:00;https://www.openstreetmap.org/user/tuukkapuranen
1501;3859834;Malyacko;1;9;8;11,11;0;0;0;0;0;1;2026-04-28T21:54:35+00:00;2026-04-28T21:54:35+00:00;https://www.openstreetmap.org/user/Malyacko
1502;4007486;Simone Morbidoni;1;1;0;100,00;0;1;0;0;0;0;2022-06-08T00:17:50+00:00;2022-06-08T00:17:50+00:00;https://www.openstreetmap.org/user/Simone%20Morbidoni
1503;4022573;Lola Fox;1;2353;2352;0,04;0;1;0;0;0;0;2022-07-24T07:36:00+00:00;2022-07-24T07:36:00+00:00;https://www.openstreetmap.org/user/Lola%20Fox
1504;4051317;Aharon Belloni;1;20;19;5,00;0;1;0;0;0;0;2022-02-09T14:48:28+00:00;2022-02-09T14:48:28+00:00;https://www.openstreetmap.org/user/Aharon%20Belloni
1505;4083030;BSTH;1;12;11;8,33;1;0;0;0;0;0;2021-06-21T13:14:54+00:00;2021-06-21T13:14:54+00:00;https://www.openstreetmap.org/user/BSTH
1506;4244429;MLDB;1;6;5;16,67;0;0;1;0;0;0;2023-06-02T16:59:56+00:00;2023-06-02T16:59:56+00:00;https://www.openstreetmap.org/user/MLDB
1507;4399305;Andrea Santilli;1;2;1;50,00;1;0;0;0;0;0;2021-07-12T12:07:29+00:00;2021-07-12T12:07:29+00:00;https://www.openstreetmap.org/user/Andrea%20Santilli
1508;4440378;Valerio Borgo;1;18;17;5,56;0;1;0;0;0;0;2022-08-10T10:27:17+00:00;2022-08-10T10:27:17+00:00;https://www.openstreetmap.org/user/Valerio%20Borgo
1509;4444076;birdplay;1;107;106;0,93;0;0;1;0;0;0;2023-09-17T16:35:22+00:00;2023-09-17T16:35:22+00:00;https://www.openstreetmap.org/user/birdplay
1510;4515353;quincylvania;1;11528;11527;0,01;0;0;0;0;1;0;2025-03-20T19:15:54+00:00;2025-03-20T19:15:54+00:00;https://www.openstreetmap.org/user/quincylvania
1511;4616566;andreacittadini;1;1;0;100,00;0;0;0;1;0;0;2024-08-08T12:13:00+00:00;2024-08-08T12:13:00+00:00;https://www.openstreetmap.org/user/andreacittadini
1512;4705730;AnisKoutsi;1;98;97;1,02;0;0;0;0;1;0;2025-09-21T14:09:44+00:00;2025-09-21T14:09:44+00:00;https://www.openstreetmap.org/user/AnisKoutsi
1513;4712099;brozwenc2;1;60;59;1,67;0;0;0;0;1;0;2025-10-03T17:18:15+00:00;2025-10-03T17:18:15+00:00;https://www.openstreetmap.org/user/brozwenc2
1514;4763621;loviuz;1;609;608;0,16;0;0;1;0;0;0;2023-12-08T10:51:45+00:00;2023-12-08T10:51:45+00:00;https://www.openstreetmap.org/user/loviuz
1515;4798258;polibio;1;8;7;12,50;1;0;0;0;0;0;2021-06-25T18:23:24+00:00;2021-06-25T18:23:24+00:00;https://www.openstreetmap.org/user/polibio
1516;4839706;steyregg;1;1684;1683;0,06;0;0;0;1;0;0;2024-08-05T13:25:00+00:00;2024-08-05T13:25:00+00:00;https://www.openstreetmap.org/user/steyregg
1517;4934189;TSaldana;1;114;113;0,88;1;0;0;0;0;0;2021-09-10T14:37:27+00:00;2021-09-10T14:37:27+00:00;https://www.openstreetmap.org/user/TSaldana
1518;5105082;Blastax;1;3;2;33,33;0;0;0;0;1;0;2025-08-06T12:00:34+00:00;2025-08-06T12:00:34+00:00;https://www.openstreetmap.org/user/Blastax
1519;5351353;DarioMangoni;1;179;178;0,56;0;0;0;0;0;1;2026-04-21T09:20:53+00:00;2026-04-21T09:20:53+00:00;https://www.openstreetmap.org/user/DarioMangoni
1520;5380579;Jakob48;1;5145;5144;0,02;1;0;0;0;0;0;2021-12-19T15:07:28+00:00;2021-12-19T15:07:28+00:00;https://www.openstreetmap.org/user/Jakob48
1521;5556349;Maciej Orzech;1;31;30;3,23;0;0;0;0;1;0;2025-09-12T10:40:12+00:00;2025-09-12T10:40:12+00:00;https://www.openstreetmap.org/user/Maciej%20Orzech
1522;5766362;Davide Pierini;1;1;0;100,00;0;0;0;0;1;0;2025-04-07T18:08:39+00:00;2025-04-07T18:08:39+00:00;https://www.openstreetmap.org/user/Davide%20Pierini
1523;5868891;Boschi Cristiano;1;1;0;100,00;0;1;0;0;0;0;2022-08-03T14:17:00+00:00;2022-08-03T14:17:00+00:00;https://www.openstreetmap.org/user/Boschi%20Cristiano
1524;6077186;Servizi e Partners;1;1;0;100,00;0;0;0;1;0;0;2024-05-08T08:37:57+00:00;2024-05-08T08:37:57+00:00;https://www.openstreetmap.org/user/Servizi%20e%20Partners
1525;6125147;Kookykooky;1;14178;14177;0,01;0;0;0;0;1;0;2025-09-17T09:04:52+00:00;2025-09-17T09:04:52+00:00;https://www.openstreetmap.org/user/Kookykooky
1526;6449772;Christopher-0118;1;769;768;0,13;0;1;0;0;0;0;2022-09-26T11:03:10+00:00;2022-09-26T11:03:10+00:00;https://www.openstreetmap.org/user/Christopher-0118
1527;6515906;Zinoural;1;247;246;0,40;1;0;0;0;0;0;2021-07-11T16:54:32+00:00;2021-07-11T16:54:32+00:00;https://www.openstreetmap.org/user/Zinoural
1528;6584303;Studio Odontoiatrico Dr Calzonetti;1;1;0;100,00;0;0;0;1;0;0;2024-07-03T23:59:42+00:00;2024-07-03T23:59:42+00:00;https://www.openstreetmap.org/user/Studio%20Odontoiatrico%20Dr%20Calzonetti
1529;6600050;Heam;1;168;167;0,60;0;0;0;0;0;1;2026-09-23T19:04:26+00:00;2026-09-23T19:04:26+00:00;https://www.openstreetmap.org/user/Heam
1530;7078274;gabriele_sani;1;4442;4441;0,02;0;0;1;0;0;0;2023-09-07T10:09:47+00:00;2023-09-07T10:09:47+00:00;https://www.openstreetmap.org/user/gabriele_sani
1531;7126821;Soulrack;1;1;0;100,00;1;0;0;0;0;0;2021-03-18T11:53:55+00:00;2021-03-18T11:53:55+00:00;https://www.openstreetmap.org/user/Soulrack
1532;7198720;Netadmap;1;1;0;100,00;1;0;0;0;0;0;2021-08-08T14:04:02+00:00;2021-08-08T14:04:02+00:00;https://www.openstreetmap.org/user/Netadmap
1533;7272314;marc__marc;1;4192;4191;0,02;1;0;0;0;0;0;2021-02-22T01:16:38+00:00;2021-02-22T01:16:38+00:00;https://www.openstreetmap.org/user/marc__marc
1534;7288118;Pietro92;1;1;0;100,00;1;0;0;0;0;0;2021-10-06T10:45:35+00:00;2021-10-06T10:45:35+00:00;https://www.openstreetmap.org/user/Pietro92
1535;7447150;CVNDMM;1;95;94;1,05;1;0;0;0;0;0;2021-07-25T13:36:56+00:00;2021-07-25T13:36:56+00:00;https://www.openstreetmap.org/user/CVNDMM
1536;8178087;paoletto8;1;7;6;14,29;1;0;0;0;0;0;2021-02-24T18:43:47+00:00;2021-02-24T18:43:47+00:00;https://www.openstreetmap.org/user/paoletto8
1537;8241440;jbcharron;1;33977;33976;0,00;0;0;0;0;1;0;2025-05-01T18:15:18+00:00;2025-05-01T18:15:18+00:00;https://www.openstreetmap.org/user/jbcharron
1538;8250230;Huguespotter;1;15;14;6,67;1;0;0;0;0;0;2021-01-18T08:10:05+00:00;2021-01-18T08:10:05+00:00;https://www.openstreetmap.org/user/Huguespotter
1539;8265587;27barzo;1;1;0;100,00;1;0;0;0;0;0;2021-06-05T09:30:29+00:00;2021-06-05T09:30:29+00:00;https://www.openstreetmap.org/user/27barzo
1540;8341954;Petra Lamantagne;1;1243;1242;0,08;0;0;0;0;0;1;2026-02-21T18:29:36+00:00;2026-02-21T18:29:36+00:00;https://www.openstreetmap.org/user/Petra%20Lamantagne
1541;8343633;Electrik Teak;1;1;0;100,00;1;0;0;0;0;0;2021-03-23T06:33:38+00:00;2021-03-23T06:33:38+00:00;https://www.openstreetmap.org/user/Electrik%20Teak
1542;8468948;Feli Weigi;1;1241;1240;0,08;0;0;1;0;0;0;2023-06-13T18:46:55+00:00;2023-06-13T18:46:55+00:00;https://www.openstreetmap.org/user/Feli%20Weigi
1543;8656157;lionfish16;1;1849;1848;0,05;0;0;0;0;0;1;2026-07-10T17:43:15+00:00;2026-07-10T17:43:15+00:00;https://www.openstreetmap.org/user/lionfish16
1544;8680696;Giugent93;1;582;581;0,17;0;0;0;1;0;0;2024-10-31T11:52:15+00:00;2024-10-31T11:52:15+00:00;https://www.openstreetmap.org/user/Giugent93
1545;8724788;Aleksandar Matejevic;1;15263;15262;0,01;0;0;0;0;0;1;2026-07-06T05:30:36+00:00;2026-07-06T05:30:36+00:00;https://www.openstreetmap.org/user/Aleksandar%20Matejevic
1546;8786346;Antonio Zaetta;1;102;101;0,98;0;1;0;0;0;0;2022-04-15T18:32:40+00:00;2022-04-15T18:32:40+00:00;https://www.openstreetmap.org/user/Antonio%20Zaetta
1547;8806133;Davide Cozzi;1;1456;1455;0,07;1;0;0;0;0;0;2021-07-08T03:50:57+00:00;2021-07-08T03:50:57+00:00;https://www.openstreetmap.org/user/Davide%20Cozzi
1548;8808716;20180911;1;2450;2449;0,04;1;0;0;0;0;0;2021-01-20T16:27:55+00:00;2021-01-20T16:27:55+00:00;https://www.openstreetmap.org/user/20180911
1549;8829660;MinerMax555;1;5952;5951;0,02;0;0;1;0;0;0;2023-10-30T21:51:54+00:00;2023-10-30T21:51:54+00:00;https://www.openstreetmap.org/user/MinerMax555
1550;8884283;rittoch;1;1293;1292;0,08;1;0;0;0;0;0;2021-12-09T13:38:53+00:00;2021-12-09T13:38:53+00:00;https://www.openstreetmap.org/user/rittoch
1551;8956876;Luca737;1;15;14;6,67;0;1;0;0;0;0;2022-02-02T12:05:28+00:00;2022-02-02T12:05:28+00:00;https://www.openstreetmap.org/user/Luca737
1552;8988832;VLD075;1;820;819;0,12;0;0;0;1;0;0;2024-01-15T17:57:56+00:00;2024-01-15T17:57:56+00:00;https://www.openstreetmap.org/user/VLD075
1553;9043034;mstmob;1;143;142;0,70;0;0;0;0;0;1;2026-05-26T20:36:41+00:00;2026-05-26T20:36:41+00:00;https://www.openstreetmap.org/user/mstmob
1554;9196866;Peter:D;1;1326;1325;0,08;0;0;0;1;0;0;2024-08-19T14:52:30+00:00;2024-08-19T14:52:30+00:00;https://www.openstreetmap.org/user/Peter%3AD
1555;9236408;MapperIT;1;28;27;3,57;1;0;0;0;0;0;2021-09-03T08:14:34+00:00;2021-09-03T08:14:34+00:00;https://www.openstreetmap.org/user/MapperIT
1556;9411532;Vollis;1;1323;1322;0,08;1;0;0;0;0;0;2021-01-28T21:13:50+00:00;2021-01-28T21:13:50+00:00;https://www.openstreetmap.org/user/Vollis
1557;9553345;ChrisHousenerd;1;10;9;10,00;0;0;0;0;0;1;2026-09-08T13:23:56+00:00;2026-09-08T13:23:56+00:00;https://www.openstreetmap.org/user/ChrisHousenerd
1558;9564652;wireguy;1;25378;25377;0,00;0;0;0;0;0;1;2026-08-11T13:49:00+00:00;2026-08-11T13:49:00+00:00;https://www.openstreetmap.org/user/wireguy
1559;9572990;Gabriele Ganzi;1;60;59;1,67;1;0;0;0;0;0;2021-01-22T11:57:56+00:00;2021-01-22T11:57:56+00:00;https://www.openstreetmap.org/user/Gabriele%20Ganzi
1560;9606745;dennispgmn;1;8;7;12,50;0;0;0;0;1;0;2025-04-14T11:24:10+00:00;2025-04-14T11:24:10+00:00;https://www.openstreetmap.org/user/dennispgmn
1561;9916830;ceseprova;1;24;23;4,17;1;0;0;0;0;0;2021-06-06T07:45:13+00:00;2021-06-06T07:45:13+00:00;https://www.openstreetmap.org/user/ceseprova
1562;10055437;Spiekerooger;1;1272;1271;0,08;0;0;0;1;0;0;2024-02-01T20:48:32+00:00;2024-02-01T20:48:32+00:00;https://www.openstreetmap.org/user/Spiekerooger
1563;10057790;basilare;1;2;1;50,00;0;0;0;1;0;0;2024-02-16T10:25:30+00:00;2024-02-16T10:25:30+00:00;https://www.openstreetmap.org/user/basilare
1564;10112965;Jeremy Riva;1;25;24;4,00;0;1;0;0;0;0;2022-12-30T14:44:32+00:00;2022-12-30T14:44:32+00:00;https://www.openstreetmap.org/user/Jeremy%20Riva
1565;10114379;Nearby0051;1;6769;6768;0,01;1;0;0;0;0;0;2021-11-27T16:46:26+00:00;2021-11-27T16:46:26+00:00;https://www.openstreetmap.org/user/Nearby0051
1566;10119369;Ted Bloodworth;1;1;0;100,00;0;1;0;0;0;0;2022-07-06T08:44:03+00:00;2022-07-06T08:44:03+00:00;https://www.openstreetmap.org/user/Ted%20Bloodworth
1567;10129333;solenoid jam;1;11430;11429;0,01;0;0;1;0;0;0;2023-11-27T20:58:53+00:00;2023-11-27T20:58:53+00:00;https://www.openstreetmap.org/user/solenoid%20jam
1568;10141361;Nicolas Bouliane;1;145;144;0,69;0;1;0;0;0;0;2022-02-12T09:20:59+00:00;2022-02-12T09:20:59+00:00;https://www.openstreetmap.org/user/Nicolas%20Bouliane
1569;10161369;Michele Marrazzo;1;72;71;1,39;0;1;0;0;0;0;2022-02-20T14:04:34+00:00;2022-02-20T14:04:34+00:00;https://www.openstreetmap.org/user/Michele%20Marrazzo
1570;10192112;utkap;1;2375;2374;0,04;1;0;0;0;0;0;2021-04-20T03:59:54+00:00;2021-04-20T03:59:54+00:00;https://www.openstreetmap.org/user/utkap
1571;10218496;technopitecus;1;56;55;1,79;0;0;0;0;0;1;2026-08-08T19:30:27+00:00;2026-08-08T19:30:27+00:00;https://www.openstreetmap.org/user/technopitecus
1572;10258792;xyzt1974;1;1;0;100,00;0;0;1;0;0;0;2023-05-04T12:55:45+00:00;2023-05-04T12:55:45+00:00;https://www.openstreetmap.org/user/xyzt1974
1573;10269073;granpasso811;1;2553;2552;0,04;0;0;0;1;0;0;2024-10-21T10:14:58+00:00;2024-10-21T10:14:58+00:00;https://www.openstreetmap.org/user/granpasso811
1574;10273973;BettyBu;1;1;0;100,00;0;0;1;0;0;0;2023-07-04T05:29:35+00:00;2023-07-04T05:29:35+00:00;https://www.openstreetmap.org/user/BettyBu
1575;10289417;pie3636;1;6425;6424;0,02;0;1;0;0;0;0;2022-10-02T14:57:06+00:00;2022-10-02T14:57:06+00:00;https://www.openstreetmap.org/user/pie3636
1576;10350966;JuliaW323;1;968;967;0,10;1;0;0;0;0;0;2021-03-23T23:09:43+00:00;2021-03-23T23:09:43+00:00;https://www.openstreetmap.org/user/JuliaW323
1577;10377718;matteo_biglioli;1;3;2;33,33;1;0;0;0;0;0;2021-02-09T13:30:24+00:00;2021-02-09T13:30:24+00:00;https://www.openstreetmap.org/user/matteo_biglioli
1578;10394095;fghj753;1;6677;6676;0,01;1;0;0;0;0;0;2021-07-21T14:02:47+00:00;2021-07-21T14:02:47+00:00;https://www.openstreetmap.org/user/fghj753
1579;10402849;AtiMarcoT;1;63;62;1,59;0;0;0;1;0;0;2024-06-03T10:38:01+00:00;2024-06-03T10:38:01+00:00;https://www.openstreetmap.org/user/AtiMarcoT
1580;10412913;howtech;1;8513;8512;0,01;1;0;0;0;0;0;2021-10-26T06:52:09+00:00;2021-10-26T06:52:09+00:00;https://www.openstreetmap.org/user/howtech
1581;10480289;attaragi;1;3325;3324;0,03;0;0;0;0;1;0;2025-02-28T11:21:51+00:00;2025-02-28T11:21:51+00:00;https://www.openstreetmap.org/user/attaragi
1582;10588374;joyclem;1;2951;2950;0,03;0;1;0;0;0;0;2022-02-28T12:43:47+00:00;2022-02-28T12:43:47+00:00;https://www.openstreetmap.org/user/joyclem
1583;10629053;Tomek_Koz;1;697;696;0,14;0;0;0;0;0;1;2026-05-21T10:21:39+00:00;2026-05-21T10:21:39+00:00;https://www.openstreetmap.org/user/Tomek_Koz
1584;10637318;VakantieMarche;1;1;0;100,00;1;0;0;0;0;0;2021-04-11T10:28:58+00:00;2021-04-11T10:28:58+00:00;https://www.openstreetmap.org/user/VakantieMarche
1585;10744247;VLD159;1;614;613;0,16;1;0;0;0;0;0;2021-01-20T18:13:39+00:00;2021-01-20T18:13:39+00:00;https://www.openstreetmap.org/user/VLD159
1586;10763057;VitKlim;1;1309;1308;0,08;1;0;0;0;0;0;2021-08-19T13:32:53+00:00;2021-08-19T13:32:53+00:00;https://www.openstreetmap.org/user/VitKlim
1587;10766262;tzen;1;1;0;100,00;0;1;0;0;0;0;2022-11-02T08:17:22+00:00;2022-11-02T08:17:22+00:00;https://www.openstreetmap.org/user/tzen
1588;10832481;ujinevich;1;21959;21958;0,00;0;0;0;1;0;0;2024-10-30T09:20:34+00:00;2024-10-30T09:20:34+00:00;https://www.openstreetmap.org/user/ujinevich
1589;10850228;pasha-klm;1;1657;1656;0,06;1;0;0;0;0;0;2021-12-07T05:21:23+00:00;2021-12-07T05:21:23+00:00;https://www.openstreetmap.org/user/pasha-klm
1590;10875409;Friendly_Ghost;1;11146;11145;0,01;0;1;0;0;0;0;2022-11-22T13:15:47+00:00;2022-11-22T13:15:47+00:00;https://www.openstreetmap.org/user/Friendly_Ghost
1591;10882995;Necessarycoot72;1;36170;36169;0,00;0;0;0;1;0;0;2024-05-21T08:15:48+00:00;2024-05-21T08:15:48+00:00;https://www.openstreetmap.org/user/Necessarycoot72
1592;10931692;kirsing;1;45;44;2,22;1;0;0;0;0;0;2021-09-09T06:56:33+00:00;2021-09-09T06:56:33+00:00;https://www.openstreetmap.org/user/kirsing
1593;10988408;Matyjace;1;2382;2381;0,04;0;0;1;0;0;0;2023-11-10T10:19:54+00:00;2023-11-10T10:19:54+00:00;https://www.openstreetmap.org/user/Matyjace
1594;11015901;raspberrycoffee;1;3519;3518;0,03;1;0;0;0;0;0;2021-10-04T01:16:12+00:00;2021-10-04T01:16:12+00:00;https://www.openstreetmap.org/user/raspberrycoffee
1595;11022966;Sofiya_Khilchyk;1;893;892;0,11;1;0;0;0;0;0;2021-08-30T13:26:37+00:00;2021-08-30T13:26:37+00:00;https://www.openstreetmap.org/user/Sofiya_Khilchyk
1596;11211647;wermak;1;26025;26024;0,00;1;0;0;0;0;0;2021-04-14T12:55:01+00:00;2021-04-14T12:55:01+00:00;https://www.openstreetmap.org/user/wermak
1597;11291099;Nicola De Innocentis;1;234;233;0,43;1;0;0;0;0;0;2021-10-11T14:29:38+00:00;2021-10-11T14:29:38+00:00;https://www.openstreetmap.org/user/Nicola%20De%20Innocentis
1598;11303102;watmildon;1;15790;15789;0,01;0;0;1;0;0;0;2023-04-30T03:50:12+00:00;2023-04-30T03:50:12+00:00;https://www.openstreetmap.org/user/watmildon
1599;11329839;giuliobranchetti;1;1107;1106;0,09;1;0;0;0;0;0;2021-08-01T11:34:24+00:00;2021-08-01T11:34:24+00:00;https://www.openstreetmap.org/user/giuliobranchetti
1600;11417369;VLD170;1;15730;15729;0,01;0;0;0;0;1;0;2025-10-16T22:02:02+00:00;2025-10-16T22:02:02+00:00;https://www.openstreetmap.org/user/VLD170
1601;11422217;boschettuzzo;1;81;80;1,23;1;0;0;0;0;0;2021-06-01T11:38:49+00:00;2021-06-01T11:38:49+00:00;https://www.openstreetmap.org/user/boschettuzzo
1602;11558577;nschg;1;4403;4402;0,02;1;0;0;0;0;0;2021-04-19T03:47:22+00:00;2021-04-19T03:47:22+00:00;https://www.openstreetmap.org/user/nschg
1603;11563583;arhemon;1;1226;1225;0,08;0;1;0;0;0;0;2022-05-02T13:33:15+00:00;2022-05-02T13:33:15+00:00;https://www.openstreetmap.org/user/arhemon
1604;11637450;SilverShew;1;1;0;100,00;0;1;0;0;0;0;2022-11-24T23:42:07+00:00;2022-11-24T23:42:07+00:00;https://www.openstreetmap.org/user/SilverShew
1605;11695921;cigala10;1;2;1;50,00;1;0;0;0;0;0;2021-06-05T20:45:03+00:00;2021-06-05T20:45:03+00:00;https://www.openstreetmap.org/user/cigala10
1606;11728473;Alex_men101;1;1;0;100,00;0;0;0;1;0;0;2024-05-10T14:17:57+00:00;2024-05-10T14:17:57+00:00;https://www.openstreetmap.org/user/Alex_men101
1607;11741743;randerv;1;94;93;1,06;1;0;0;0;0;0;2021-01-19T11:37:51+00:00;2021-01-19T11:37:51+00:00;https://www.openstreetmap.org/user/randerv
1608;11759459;pareps;1;3524;3523;0,03;1;0;0;0;0;0;2021-04-16T04:24:55+00:00;2021-04-16T04:24:55+00:00;https://www.openstreetmap.org/user/pareps
1609;11816683;DrdAlf55;1;50;49;2,00;0;0;1;0;0;0;2023-11-23T23:11:34+00:00;2023-11-23T23:11:34+00:00;https://www.openstreetmap.org/user/DrdAlf55
1610;11825496;floetentom;1;25;24;4,00;0;0;1;0;0;0;2023-07-23T14:52:32+00:00;2023-07-23T14:52:32+00:00;https://www.openstreetmap.org/user/floetentom
1611;11854945;Manuelini;1;3;2;33,33;0;1;0;0;0;0;2022-07-13T21:12:18+00:00;2022-07-13T21:12:18+00:00;https://www.openstreetmap.org/user/Manuelini
1612;11911273;Rienux;1;5435;5434;0,02;1;0;0;0;0;0;2021-09-02T18:14:39+00:00;2021-09-02T18:14:39+00:00;https://www.openstreetmap.org/user/Rienux
1613;11994989;Moreno Fazio;1;92;91;1,09;1;0;0;0;0;0;2021-08-22T20:57:54+00:00;2021-08-22T20:57:54+00:00;https://www.openstreetmap.org/user/Moreno%20Fazio
1614;12080251;Alessandra02;1;1;0;100,00;1;0;0;0;0;0;2021-01-07T18:06:33+00:00;2021-01-07T18:06:33+00:00;https://www.openstreetmap.org/user/Alessandra02
1615;12145776;filmor;1;502;501;0,20;0;0;0;0;0;1;2026-06-03T19:04:20+00:00;2026-06-03T19:04:20+00:00;https://www.openstreetmap.org/user/filmor
1616;12214248;nomenondisponibile;1;1;0;100,00;1;0;0;0;0;0;2021-02-18T10:39:17+00:00;2021-02-18T10:39:17+00:00;https://www.openstreetmap.org/user/nomenondisponibile
1617;12304204;marialoyko;1;1466;1465;0,07;0;0;1;0;0;0;2023-06-30T18:30:29+00:00;2023-06-30T18:30:29+00:00;https://www.openstreetmap.org/user/marialoyko
1618;12344479;ZhannaB;1;2407;2406;0,04;0;0;1;0;0;0;2023-06-21T12:16:25+00:00;2023-06-21T12:16:25+00:00;https://www.openstreetmap.org/user/ZhannaB
1619;12368447;riki99;1;1;0;100,00;0;1;0;0;0;0;2022-03-01T13:20:06+00:00;2022-03-01T13:20:06+00:00;https://www.openstreetmap.org/user/riki99
1620;12418400;Davide Fa;1;108;107;0,93;0;0;0;0;1;0;2025-02-16T17:00:47+00:00;2025-02-16T17:00:47+00:00;https://www.openstreetmap.org/user/Davide%20Fa
1621;12419855;Koreller;1;3717;3716;0,03;0;0;0;1;0;0;2024-10-10T17:13:34+00:00;2024-10-10T17:13:34+00:00;https://www.openstreetmap.org/user/Koreller
1622;12422321;haljedi;1;1;0;100,00;0;0;0;0;1;0;2025-11-19T20:55:31+00:00;2025-11-19T20:55:31+00:00;https://www.openstreetmap.org/user/haljedi
1623;12427544;faser77;1;1;0;100,00;0;0;0;0;1;0;2025-07-08T08:46:32+00:00;2025-07-08T08:46:32+00:00;https://www.openstreetmap.org/user/faser77
1624;12443591;Roccio;1;225;224;0,44;0;1;0;0;0;0;2022-07-10T16:49:13+00:00;2022-07-10T16:49:13+00:00;https://www.openstreetmap.org/user/Roccio
1625;12448811;Giuseppe Maino;1;2;1;50,00;1;0;0;0;0;0;2021-01-07T17:41:16+00:00;2021-01-07T17:41:16+00:00;https://www.openstreetmap.org/user/Giuseppe%20Maino
1626;12468812;Farisan HiFi;1;462;461;0,22;0;0;0;1;0;0;2024-05-13T08:04:26+00:00;2024-05-13T08:04:26+00:00;https://www.openstreetmap.org/user/Farisan%20HiFi
1627;12485436;ArnoGoo;1;1;0;100,00;0;0;0;0;1;0;2025-07-22T13:28:12+00:00;2025-07-22T13:28:12+00:00;https://www.openstreetmap.org/user/ArnoGoo
1628;12489656;Ludovica Raparo;1;1;0;100,00;1;0;0;0;0;0;2021-01-15T12:14:12+00:00;2021-01-15T12:14:12+00:00;https://www.openstreetmap.org/user/Ludovica%20Raparo
1629;12511042;del_account;1;1195;1194;0,08;1;0;0;0;0;0;2021-10-26T10:24:16+00:00;2021-10-26T10:24:16+00:00;https://www.openstreetmap.org/user/del_account
1630;12560069;Sorre;1;1;0;100,00;1;0;0;0;0;0;2021-01-27T17:52:29+00:00;2021-01-27T17:52:29+00:00;https://www.openstreetmap.org/user/Sorre
1631;12598837;Squishy2259;1;1;0;100,00;1;0;0;0;0;0;2021-02-03T14:20:34+00:00;2021-02-03T14:20:34+00:00;https://www.openstreetmap.org/user/Squishy2259
1632;12622800;streckengaenger21;1;1834;1833;0,05;0;0;1;0;0;0;2023-06-18T19:28:22+00:00;2023-06-18T19:28:22+00:00;https://www.openstreetmap.org/user/streckengaenger21
1633;12640051;tjnakano;1;7966;7965;0,01;0;0;1;0;0;0;2023-05-24T18:32:01+00:00;2023-05-24T18:32:01+00:00;https://www.openstreetmap.org/user/tjnakano
1634;12767050;uburex;1;1;0;100,00;0;0;0;0;0;1;2026-09-15T05:03:12+00:00;2026-09-15T05:03:12+00:00;https://www.openstreetmap.org/user/uburex
1635;12783643;Cinzia Cheetah;1;1;0;100,00;1;0;0;0;0;0;2021-03-04T10:10:08+00:00;2021-03-04T10:10:08+00:00;https://www.openstreetmap.org/user/Cinzia%20Cheetah
1636;12900760;NastassiaKalesnikava;1;5478;5477;0,02;1;0;0;0;0;0;2021-04-06T15:00:04+00:00;2021-04-06T15:00:04+00:00;https://www.openstreetmap.org/user/NastassiaKalesnikava
1637;12923042;Land2000;1;133;132;0,75;0;0;0;1;0;0;2024-07-12T18:59:33+00:00;2024-07-12T18:59:33+00:00;https://www.openstreetmap.org/user/Land2000
1638;12924857;Teresa Manoni;1;1;0;100,00;0;0;1;0;0;0;2023-05-24T06:48:36+00:00;2023-05-24T06:48:36+00:00;https://www.openstreetmap.org/user/Teresa%20Manoni
1639;12932770;o0ps!;1;1480;1479;0,07;1;0;0;0;0;0;2021-06-03T09:42:32+00:00;2021-06-03T09:42:32+00:00;https://www.openstreetmap.org/user/o0ps%21
1640;13061535;Heba Daraghma;1;1;0;100,00;1;0;0;0;0;0;2021-04-19T16:09:35+00:00;2021-04-19T16:09:35+00:00;https://www.openstreetmap.org/user/Heba%20Daraghma
1641;13097056;PCarew_EG;1;3696;3695;0,03;0;1;0;0;0;0;2022-09-07T19:50:49+00:00;2022-09-07T19:50:49+00:00;https://www.openstreetmap.org/user/PCarew_EG
1642;13196804;Nad_Alley;1;8126;8125;0,01;0;1;0;0;0;0;2022-06-24T04:58:04+00:00;2022-06-24T04:58:04+00:00;https://www.openstreetmap.org/user/Nad_Alley
1643;13196817;Giza_Up;1;7617;7616;0,01;0;1;0;0;0;0;2022-06-16T05:52:29+00:00;2022-06-16T05:52:29+00:00;https://www.openstreetmap.org/user/Giza_Up
1644;13207978;univalence;1;3644;3643;0,03;1;0;0;0;0;0;2021-05-04T12:33:38+00:00;2021-05-04T12:33:38+00:00;https://www.openstreetmap.org/user/univalence
1645;13235518;francesco lotito;1;1;0;100,00;1;0;0;0;0;0;2021-05-03T14:45:46+00:00;2021-05-03T14:45:46+00:00;https://www.openstreetmap.org/user/francesco%20lotito
1646;13336924;Ereff-OSM;1;16;15;6,25;0;0;0;0;1;0;2025-10-08T16:04:08+00:00;2025-10-08T16:04:08+00:00;https://www.openstreetmap.org/user/Ereff-OSM
1647;13346875;lollo255;1;31;30;3,23;0;0;0;0;0;1;2026-06-19T16:47:52+00:00;2026-06-19T16:47:52+00:00;https://www.openstreetmap.org/user/lollo255
1648;13357277;plnc;1;2;1;50,00;0;0;0;0;1;0;2025-03-22T18:18:52+00:00;2025-03-22T18:18:52+00:00;https://www.openstreetmap.org/user/plnc
1649;13367865;DUCANERO SRL;1;1;0;100,00;1;0;0;0;0;0;2021-05-19T15:59:05+00:00;2021-05-19T15:59:05+00:00;https://www.openstreetmap.org/user/DUCANERO%20SRL
1650;13376891;BMW-Klaus;1;1;0;100,00;1;0;0;0;0;0;2021-05-20T18:17:16+00:00;2021-05-20T18:17:16+00:00;https://www.openstreetmap.org/user/BMW-Klaus
1651;13436144;Alessandro Cera;1;35;34;2,86;0;0;0;0;1;0;2025-08-05T08:50:37+00:00;2025-08-05T08:50:37+00:00;https://www.openstreetmap.org/user/Alessandro%20Cera
1652;13441375;driharper;1;33;32;3,03;0;0;1;0;0;0;2023-07-06T12:02:49+00:00;2023-07-06T12:02:49+00:00;https://www.openstreetmap.org/user/driharper
1653;13449511;Lepanto;1;211;210;0,47;0;1;0;0;0;0;2022-11-07T16:41:50+00:00;2022-11-07T16:41:50+00:00;https://www.openstreetmap.org/user/Lepanto
1654;13449899;Crusoe Team;1;1;0;100,00;1;0;0;0;0;0;2021-05-31T09:20:53+00:00;2021-05-31T09:20:53+00:00;https://www.openstreetmap.org/user/Crusoe%20Team
1655;13453414;alex8699c;1;228;227;0,44;1;0;0;0;0;0;2021-06-04T18:39:34+00:00;2021-06-04T18:39:34+00:00;https://www.openstreetmap.org/user/alex8699c
1656;13486038;waspbe;1;52;51;1,92;1;0;0;0;0;0;2021-12-06T11:27:25+00:00;2021-12-06T11:27:25+00:00;https://www.openstreetmap.org/user/waspbe
1657;13523614;Sotto Passo Lounge;1;1;0;100,00;1;0;0;0;0;0;2021-06-09T13:43:51+00:00;2021-06-09T13:43:51+00:00;https://www.openstreetmap.org/user/Sotto%20Passo%20Lounge
1658;13566882;Silverium;1;494;493;0,20;1;0;0;0;0;0;2021-07-03T07:27:11+00:00;2021-07-03T07:27:11+00:00;https://www.openstreetmap.org/user/Silverium
1659;13579862;divagazionieteree;1;25;24;4,00;0;0;0;0;0;1;2026-05-17T16:58:11+00:00;2026-05-17T16:58:11+00:00;https://www.openstreetmap.org/user/divagazionieteree
1660;13650936;Eike-Franzen;1;4;3;25,00;0;1;0;0;0;0;2022-03-19T12:58:24+00:00;2022-03-19T12:58:24+00:00;https://www.openstreetmap.org/user/Eike-Franzen
1661;13664124;Green_Rally;1;3941;3940;0,03;0;1;0;0;0;0;2022-06-24T08:41:39+00:00;2022-06-24T08:41:39+00:00;https://www.openstreetmap.org/user/Green_Rally
1662;13686526;irgendsoeinhanswurst;1;796;795;0,13;0;0;0;1;0;0;2024-06-28T21:10:53+00:00;2024-06-28T21:10:53+00:00;https://www.openstreetmap.org/user/irgendsoeinhanswurst
1663;13856593;Gcanyon;1;1;0;100,00;0;0;0;0;1;0;2025-07-01T22:54:04+00:00;2025-07-01T22:54:04+00:00;https://www.openstreetmap.org/user/Gcanyon
1664;13857060;Riccardo Fox;1;2;1;50,00;0;0;0;1;0;0;2024-02-18T08:15:44+00:00;2024-02-18T08:15:44+00:00;https://www.openstreetmap.org/user/Riccardo%20Fox
1665;13872483;ramyazka;1;3728;3727;0,03;0;0;0;0;0;1;2026-05-29T07:51:21+00:00;2026-05-29T07:51:21+00:00;https://www.openstreetmap.org/user/ramyazka
1666;13949976;fababas the one;1;876;875;0,11;0;0;0;0;1;0;2025-01-04T15:05:58+00:00;2025-01-04T15:05:58+00:00;https://www.openstreetmap.org/user/fababas%20the%20one
1667;13960668;DreamsKM;1;133;132;0,75;1;0;0;0;0;0;2021-09-09T14:43:52+00:00;2021-09-09T14:43:52+00:00;https://www.openstreetmap.org/user/DreamsKM
1668;13971212;ABluePotatoe;1;142;141;0,70;0;1;0;0;0;0;2022-07-29T13:07:26+00:00;2022-07-29T13:07:26+00:00;https://www.openstreetmap.org/user/ABluePotatoe
1669;13986573;dombul;1;669;668;0,15;0;0;0;0;1;0;2025-04-21T21:44:11+00:00;2025-04-21T21:44:11+00:00;https://www.openstreetmap.org/user/dombul
1670;14018940;nirupdur;1;307;306;0,33;0;0;0;1;0;0;2024-08-14T09:15:12+00:00;2024-08-14T09:15:12+00:00;https://www.openstreetmap.org/user/nirupdur
1671;14021395;sivasaic;1;1;0;100,00;0;1;0;0;0;0;2022-10-04T15:52:50+00:00;2022-10-04T15:52:50+00:00;https://www.openstreetmap.org/user/sivasaic
1672;14032631;sakshau;1;148;147;0,68;0;0;0;0;1;0;2025-02-25T10:16:07+00:00;2025-02-25T10:16:07+00:00;https://www.openstreetmap.org/user/sakshau
1673;14057548;ppku;1;676;675;0,15;0;0;0;0;1;0;2025-06-24T18:20:26+00:00;2025-06-24T18:20:26+00:00;https://www.openstreetmap.org/user/ppku
1674;14073591;ilTugi;1;1;0;100,00;1;0;0;0;0;0;2021-09-08T07:14:05+00:00;2021-09-08T07:14:05+00:00;https://www.openstreetmap.org/user/ilTugi
1675;14220709;Monica Gori;1;42;41;2,38;0;0;1;0;0;0;2023-04-29T12:37:57+00:00;2023-04-29T12:37:57+00:00;https://www.openstreetmap.org/user/Monica%20Gori
1676;14244966;Ethel Urbani;1;1;0;100,00;1;0;0;0;0;0;2021-11-04T09:12:12+00:00;2021-11-04T09:12:12+00:00;https://www.openstreetmap.org/user/Ethel%20Urbani
1677;14271620;pgerendl;1;1207;1206;0,08;0;0;0;0;1;0;2025-11-11T06:14:00+00:00;2025-11-11T06:14:00+00:00;https://www.openstreetmap.org/user/pgerendl
1678;14312081;Stefano Gullì;1;1;0;100,00;1;0;0;0;0;0;2021-10-18T20:45:02+00:00;2021-10-18T20:45:02+00:00;https://www.openstreetmap.org/user/Stefano%20Gull%C3%AC
1679;14327227;kaasbroodje;1;2558;2557;0,04;0;0;0;0;0;1;2026-01-16T15:10:11+00:00;2026-01-16T15:10:11+00:00;https://www.openstreetmap.org/user/kaasbroodje
1680;14328487;FScoppolini;1;1;0;100,00;1;0;0;0;0;0;2021-10-21T13:24:28+00:00;2021-10-21T13:24:28+00:00;https://www.openstreetmap.org/user/FScoppolini
1681;14437425;KostyaZAyAc;1;967;966;0,10;1;0;0;0;0;0;2021-12-08T09:18:55+00:00;2021-12-08T09:18:55+00:00;https://www.openstreetmap.org/user/KostyaZAyAc
1682;14601624;PrairieMaple99;1;1204;1203;0,08;0;0;0;0;0;1;2026-08-23T19:55:59+00:00;2026-08-23T19:55:59+00:00;https://www.openstreetmap.org/user/PrairieMaple99
1683;14619194;Rayquaza89;1;2;1;50,00;0;0;1;0;0;0;2023-08-02T20:48:10+00:00;2023-08-02T20:48:10+00:00;https://www.openstreetmap.org/user/Rayquaza89
1684;14713774;nicodemo71;1;1;0;100,00;0;0;0;0;0;1;2026-06-14T16:14:11+00:00;2026-06-14T16:14:11+00:00;https://www.openstreetmap.org/user/nicodemo71
1685;14716456;Emma Marzi;1;1;0;100,00;1;0;0;0;0;0;2021-12-27T11:13:29+00:00;2021-12-27T11:13:29+00:00;https://www.openstreetmap.org/user/Emma%20Marzi
1686;14728461;FilippoDonati;1;1;0;100,00;1;0;0;0;0;0;2021-12-28T15:34:58+00:00;2021-12-28T15:34:58+00:00;https://www.openstreetmap.org/user/FilippoDonati
1687;14728796;Doddi_ule;1;4773;4772;0,02;0;1;0;0;0;0;2022-06-14T11:57:49+00:00;2022-06-14T11:57:49+00:00;https://www.openstreetmap.org/user/Doddi_ule
1688;14761658;Tourism_info;1;794;793;0,13;0;0;0;0;1;0;2025-09-19T07:44:13+00:00;2025-09-19T07:44:13+00:00;https://www.openstreetmap.org/user/Tourism_info
1689;14858789;user_14858789;1;359;358;0,28;0;1;0;0;0;0;2022-02-05T22:57:44+00:00;2022-02-05T22:57:44+00:00;https://www.openstreetmap.org/user/user_14858789
1690;14877392;FedeRossi;1;15;14;6,67;0;1;0;0;0;0;2022-01-31T21:07:26+00:00;2022-01-31T21:07:26+00:00;https://www.openstreetmap.org/user/FedeRossi
1691;14928707;Justen Rosati;1;1;0;100,00;0;1;0;0;0;0;2022-01-24T10:59:10+00:00;2022-01-24T10:59:10+00:00;https://www.openstreetmap.org/user/Justen%20Rosati
1692;15001997;Naglieri;1;1;0;100,00;0;1;0;0;0;0;2022-02-02T22:22:20+00:00;2022-02-02T22:22:20+00:00;https://www.openstreetmap.org/user/Naglieri
1693;15008581;Potter_Gang;1;3903;3902;0,03;0;1;0;0;0;0;2022-06-10T11:49:57+00:00;2022-06-10T11:49:57+00:00;https://www.openstreetmap.org/user/Potter_Gang
1694;15008625;Peace_Stroke;1;4481;4480;0,02;0;1;0;0;0;0;2022-09-27T09:55:09+00:00;2022-09-27T09:55:09+00:00;https://www.openstreetmap.org/user/Peace_Stroke
1695;15022913;davgue;1;1;0;100,00;0;1;0;0;0;0;2022-02-05T18:53:08+00:00;2022-02-05T18:53:08+00:00;https://www.openstreetmap.org/user/davgue
1696;15100011;CroceRossaMacerata;1;1;0;100,00;0;1;0;0;0;0;2022-02-16T11:51:31+00:00;2022-02-16T11:51:31+00:00;https://www.openstreetmap.org/user/CroceRossaMacerata
1697;15104853;VLD194;1;1209;1208;0,08;0;0;1;0;0;0;2023-11-06T19:53:51+00:00;2023-11-06T19:53:51+00:00;https://www.openstreetmap.org/user/VLD194
1698;15110071;Agriturismo Vecchio Gelso;1;1;0;100,00;0;1;0;0;0;0;2022-02-17T16:17:11+00:00;2022-02-17T16:17:11+00:00;https://www.openstreetmap.org/user/Agriturismo%20Vecchio%20Gelso
1699;15204697;Chil_creep;1;3614;3613;0,03;0;1;0;0;0;0;2022-06-15T08:22:52+00:00;2022-06-15T08:22:52+00:00;https://www.openstreetmap.org/user/Chil_creep
1700;15204708;Moto_JB;1;3882;3881;0,03;0;1;0;0;0;0;2022-06-08T06:29:09+00:00;2022-06-08T06:29:09+00:00;https://www.openstreetmap.org/user/Moto_JB
1701;15221749;Lorenzo2309;1;1;0;100,00;0;1;0;0;0;0;2022-03-03T16:15:59+00:00;2022-03-03T16:15:59+00:00;https://www.openstreetmap.org/user/Lorenzo2309
1702;15282959;ueltje;1;130;129;0,77;0;0;0;1;0;0;2024-05-12T17:23:23+00:00;2024-05-12T17:23:23+00:00;https://www.openstreetmap.org/user/ueltje
1703;15284682;Jnp624;1;19;18;5,26;0;0;0;0;0;1;2026-02-15T02:46:51+00:00;2026-02-15T02:46:51+00:00;https://www.openstreetmap.org/user/Jnp624
1704;15333674;damr92;1;557;556;0,18;0;0;0;1;0;0;2024-09-01T16:43:35+00:00;2024-09-01T16:43:35+00:00;https://www.openstreetmap.org/user/damr92
1705;15370460;Marofef;1;1;0;100,00;0;1;0;0;0;0;2022-03-21T09:33:12+00:00;2022-03-21T09:33:12+00:00;https://www.openstreetmap.org/user/Marofef
1706;15454123;Carlo Santini;1;1;0;100,00;0;0;0;0;1;0;2025-03-24T13:21:08+00:00;2025-03-24T13:21:08+00:00;https://www.openstreetmap.org/user/Carlo%20Santini
1707;15458650;MarioKP;1;718;717;0,14;0;1;0;0;0;0;2022-06-09T06:19:56+00:00;2022-06-09T06:19:56+00:00;https://www.openstreetmap.org/user/MarioKP
1708;15458758;GS_vogue;1;4789;4788;0,02;0;1;0;0;0;0;2022-06-09T11:15:02+00:00;2022-06-09T11:15:02+00:00;https://www.openstreetmap.org/user/GS_vogue
1709;15511309;Haisan302;1;37;36;2,70;0;0;0;0;0;1;2026-05-17T04:55:19+00:00;2026-05-17T04:55:19+00:00;https://www.openstreetmap.org/user/Haisan302
1710;15648810;Ed_Severini;1;1;0;100,00;0;1;0;0;0;0;2022-04-21T11:06:59+00:00;2022-04-21T11:06:59+00:00;https://www.openstreetmap.org/user/Ed_Severini
1711;15764211;Surf Club Civitanova;1;3;2;33,33;0;1;0;0;0;0;2022-04-29T13:47:11+00:00;2022-04-29T13:47:11+00:00;https://www.openstreetmap.org/user/Surf%20Club%20Civitanova
1712;15886906;il_Cervo;1;142;141;0,70;0;0;1;0;0;0;2023-05-01T15:12:27+00:00;2023-05-01T15:12:27+00:00;https://www.openstreetmap.org/user/il_Cervo
1713;15888398;photoingarage;1;1;0;100,00;0;1;0;0;0;0;2022-05-08T14:55:18+00:00;2022-05-08T14:55:18+00:00;https://www.openstreetmap.org/user/photoingarage
1714;16018029;Reskyns;1;1;0;100,00;0;1;0;0;0;0;2022-05-20T17:23:44+00:00;2022-05-20T17:23:44+00:00;https://www.openstreetmap.org/user/Reskyns
1715;16257628;Alessandro Monti;1;35;34;2,86;0;1;0;0;0;0;2022-08-24T15:03:23+00:00;2022-08-24T15:03:23+00:00;https://www.openstreetmap.org/user/Alessandro%20Monti
1716;16333856;Lorenzo A;1;1;0;100,00;0;1;0;0;0;0;2022-09-08T09:41:05+00:00;2022-09-08T09:41:05+00:00;https://www.openstreetmap.org/user/Lorenzo%20A
1717;16377153;Francesco_fx;1;23;22;4,35;0;1;0;0;0;0;2022-09-06T11:45:18+00:00;2022-09-06T11:45:18+00:00;https://www.openstreetmap.org/user/Francesco_fx
1718;16409968;SNL_photo;1;2276;2275;0,04;0;1;0;0;0;0;2022-11-25T05:02:46+00:00;2022-11-25T05:02:46+00:00;https://www.openstreetmap.org/user/SNL_photo
1719;16410020;KP_Tech;1;927;926;0,11;0;1;0;0;0;0;2022-10-07T11:31:53+00:00;2022-10-07T11:31:53+00:00;https://www.openstreetmap.org/user/KP_Tech
1720;16423180;Grugnok;1;1;0;100,00;0;1;0;0;0;0;2022-07-06T09:03:57+00:00;2022-07-06T09:03:57+00:00;https://www.openstreetmap.org/user/Grugnok
1721;16455258;changio;1;463;462;0,22;0;0;0;0;1;0;2025-04-10T13:15:31+00:00;2025-04-10T13:15:31+00:00;https://www.openstreetmap.org/user/changio
1722;16531033;srratnal;1;88;87;1,14;0;0;1;0;0;0;2023-05-04T10:03:42+00:00;2023-05-04T10:03:42+00:00;https://www.openstreetmap.org/user/srratnal
1723;16556306;Andrea Martocchia;1;1;0;100,00;0;1;0;0;0;0;2022-07-15T19:18:05+00:00;2022-07-15T19:18:05+00:00;https://www.openstreetmap.org/user/Andrea%20Martocchia
1724;16577325;whitepanda;1;9323;9322;0,01;0;0;1;0;0;0;2023-10-23T08:40:33+00:00;2023-10-23T08:40:33+00:00;https://www.openstreetmap.org/user/whitepanda
1725;16579252;Vjncenzo;1;4;3;25,00;0;0;1;0;0;0;2023-07-24T20:13:31+00:00;2023-07-24T20:13:31+00:00;https://www.openstreetmap.org/user/Vjncenzo
1726;16642036;user_16642036;1;1474;1473;0,07;0;1;0;0;0;0;2022-12-05T23:35:12+00:00;2022-12-05T23:35:12+00:00;https://www.openstreetmap.org/user/user_16642036
1727;16658107;ehemasri;1;861;860;0,12;0;0;0;1;0;0;2024-09-09T10:43:52+00:00;2024-09-09T10:43:52+00:00;https://www.openstreetmap.org/user/ehemasri
1728;16681099;analogon;1;904;903;0,11;0;0;0;1;0;0;2024-07-22T10:15:43+00:00;2024-07-22T10:15:43+00:00;https://www.openstreetmap.org/user/analogon
1729;16753123;NickRohn;1;5;4;20,00;0;0;0;0;1;0;2025-04-20T21:34:43+00:00;2025-04-20T21:34:43+00:00;https://www.openstreetmap.org/user/NickRohn
1730;16795510;ValentinaGate-away;1;44;43;2,27;0;0;0;0;1;0;2025-04-22T10:54:30+00:00;2025-04-22T10:54:30+00:00;https://www.openstreetmap.org/user/ValentinaGate-away
1731;16885898;Massimo Servidei;1;1;0;100,00;0;1;0;0;0;0;2022-08-20T07:20:29+00:00;2022-08-20T07:20:29+00:00;https://www.openstreetmap.org/user/Massimo%20Servidei
1732;17001488;Villaggio Bitcoin;1;29;28;3,45;0;0;1;0;0;0;2023-04-28T12:17:37+00:00;2023-04-28T12:17:37+00:00;https://www.openstreetmap.org/user/Villaggio%20Bitcoin
1733;17108801;NETENG;1;1;0;100,00;0;1;0;0;0;0;2022-09-12T16:04:35+00:00;2022-09-12T16:04:35+00:00;https://www.openstreetmap.org/user/NETENG
1734;17213119;Sgaio;1;154;153;0,65;0;0;1;0;0;0;2023-02-13T11:30:52+00:00;2023-02-13T11:30:52+00:00;https://www.openstreetmap.org/user/Sgaio
1735;17236937;map();1;6707;6706;0,01;0;0;0;1;0;0;2024-06-02T10:52:44+00:00;2024-06-02T10:52:44+00:00;https://www.openstreetmap.org/user/map%28%29
1736;17280502;Faizy_MD;1;1558;1557;0,06;0;1;0;0;0;0;2022-11-30T05:09:06+00:00;2022-11-30T05:09:06+00:00;https://www.openstreetmap.org/user/Faizy_MD
1737;17281955;Gud_Slam;1;1715;1714;0,06;0;1;0;0;0;0;2022-11-25T10:55:12+00:00;2022-11-25T10:55:12+00:00;https://www.openstreetmap.org/user/Gud_Slam
1738;17291489;Léo Qwant;1;131;130;0,76;0;0;0;1;0;0;2024-12-28T12:36:49+00:00;2024-12-28T12:36:49+00:00;https://www.openstreetmap.org/user/L%C3%A9o%20Qwant
1739;17322645;m1Lya;1;1;0;100,00;0;1;0;0;0;0;2022-10-04T22:02:04+00:00;2022-10-04T22:02:04+00:00;https://www.openstreetmap.org/user/m1Lya
1740;17402786;raffaelebe;1;2;1;50,00;0;1;0;0;0;0;2022-10-13T15:26:34+00:00;2022-10-13T15:26:34+00:00;https://www.openstreetmap.org/user/raffaelebe
1741;17469923;Roberto1985;1;1;0;100,00;0;1;0;0;0;0;2022-10-24T09:19:16+00:00;2022-10-24T09:19:16+00:00;https://www.openstreetmap.org/user/Roberto1985
1742;17517412;Cesare Banducci;1;6;5;16,67;0;0;0;0;1;0;2025-01-10T08:29:02+00:00;2025-01-10T08:29:02+00:00;https://www.openstreetmap.org/user/Cesare%20Banducci
1743;17565129;descubrebitcoin;1;4089;4088;0,02;0;0;1;0;0;0;2023-12-15T07:13:09+00:00;2023-12-15T07:13:09+00:00;https://www.openstreetmap.org/user/descubrebitcoin
1744;17589739;Andrea Serrani;1;1;0;100,00;0;1;0;0;0;0;2022-11-05T13:23:52+00:00;2022-11-05T13:23:52+00:00;https://www.openstreetmap.org/user/Andrea%20Serrani
1745;17610555;Ordine Agronomi e Forestali;1;3;2;33,33;0;1;0;0;0;0;2022-11-09T12:50:46+00:00;2022-11-09T12:50:46+00:00;https://www.openstreetmap.org/user/Ordine%20Agronomi%20e%20Forestali
1746;17669138;GPX3T;1;127;126;0,79;0;0;0;1;0;0;2024-10-14T15:34:03+00:00;2024-10-14T15:34:03+00:00;https://www.openstreetmap.org/user/GPX3T
1747;17843669;DomKor;1;885;884;0,11;0;0;0;0;1;0;2025-04-29T17:23:48+00:00;2025-04-29T17:23:48+00:00;https://www.openstreetmap.org/user/DomKor
1748;18113418;INNOCENTINI DAMIANO;1;4;3;25,00;0;1;0;0;0;0;2022-12-28T14:13:03+00:00;2022-12-28T14:13:03+00:00;https://www.openstreetmap.org/user/INNOCENTINI%20DAMIANO
1749;18157288;kechan_tagfix;1;6729;6728;0,01;0;0;1;0;0;0;2023-01-22T15:54:13+00:00;2023-01-22T15:54:13+00:00;https://www.openstreetmap.org/user/kechan_tagfix
1750;18191954;Stephan Reckziegel;1;4;3;25,00;0;0;1;0;0;0;2023-08-11T18:44:46+00:00;2023-08-11T18:44:46+00:00;https://www.openstreetmap.org/user/Stephan%20Reckziegel
1751;18237714;alisamsam;1;9;8;11,11;0;0;0;0;0;1;2026-04-20T18:02:43+00:00;2026-04-20T18:02:43+00:00;https://www.openstreetmap.org/user/alisamsam
1752;18273465;Protocolli Creativi srl;1;1;0;100,00;0;0;0;1;0;0;2024-05-20T19:58:37+00:00;2024-05-20T19:58:37+00:00;https://www.openstreetmap.org/user/Protocolli%20Creativi%20srl
1753;18305684;user_18305684;1;5941;5940;0,02;0;0;1;0;0;0;2023-07-10T23:48:40+00:00;2023-07-10T23:48:40+00:00;https://www.openstreetmap.org/user/user_18305684
1754;18344114;"Alessandro Colomberotto ""Mammut""";1;390;389;0,26;0;0;1;0;0;0;2023-02-12T21:33:30+00:00;2023-02-12T21:33:30+00:00;https://www.openstreetmap.org/user/Alessandro%20Colomberotto%20%22Mammut%22
1755;18393952;boweiu;1;14;13;7,14;0;0;0;0;1;0;2025-08-02T10:52:43+00:00;2025-08-02T10:52:43+00:00;https://www.openstreetmap.org/user/boweiu
1756;18397677;Claudio Borean;1;2;1;50,00;0;0;1;0;0;0;2023-02-09T16:19:40+00:00;2023-02-09T16:19:40+00:00;https://www.openstreetmap.org/user/Claudio%20Borean
1757;18428479;April Fairy;1;530;529;0,19;0;0;0;1;0;0;2024-12-02T08:14:53+00:00;2024-12-02T08:14:53+00:00;https://www.openstreetmap.org/user/April%20Fairy
1758;18469761;simo_explorer;1;1823;1822;0,05;0;0;0;0;1;0;2025-06-24T14:35:31+00:00;2025-06-24T14:35:31+00:00;https://www.openstreetmap.org/user/simo_explorer
1759;18474291;epsim;1;6;5;16,67;0;0;1;0;0;0;2023-02-14T03:00:50+00:00;2023-02-14T03:00:50+00:00;https://www.openstreetmap.org/user/epsim
1760;18483703;ottetto;1;1;0;100,00;0;0;1;0;0;0;2023-02-14T21:31:03+00:00;2023-02-14T21:31:03+00:00;https://www.openstreetmap.org/user/ottetto
1761;18535027;crocilorenzo;1;1;0;100,00;0;0;1;0;0;0;2023-02-22T16:59:33+00:00;2023-02-22T16:59:33+00:00;https://www.openstreetmap.org/user/crocilorenzo
1762;18598919;Ale_osm91;1;1;0;100,00;0;0;0;1;0;0;2024-02-29T09:11:40+00:00;2024-02-29T09:11:40+00:00;https://www.openstreetmap.org/user/Ale_osm91
1763;18669457;dahcat;1;924;923;0,11;0;0;0;0;0;1;2026-05-16T13:17:37+00:00;2026-05-16T13:17:37+00:00;https://www.openstreetmap.org/user/dahcat
1764;18718921;Beachfood;1;1;0;100,00;0;0;1;0;0;0;2023-03-14T19:00:13+00:00;2023-03-14T19:00:13+00:00;https://www.openstreetmap.org/user/Beachfood
1765;18768236;Fidesa47;1;1;0;100,00;0;0;1;0;0;0;2023-03-20T13:38:33+00:00;2023-03-20T13:38:33+00:00;https://www.openstreetmap.org/user/Fidesa47
1766;18768599;ozamriy;1;1;0;100,00;0;0;1;0;0;0;2023-03-20T13:28:50+00:00;2023-03-20T13:28:50+00:00;https://www.openstreetmap.org/user/ozamriy
1767;18770542;McLovining;1;1;0;100,00;0;0;0;0;1;0;2025-04-23T15:03:07+00:00;2025-04-23T15:03:07+00:00;https://www.openstreetmap.org/user/McLovining
1768;18779565;giovannic4;1;1;0;100,00;0;0;1;0;0;0;2023-03-22T14:10:36+00:00;2023-03-22T14:10:36+00:00;https://www.openstreetmap.org/user/giovannic4
1769;18780211;Pacio931;1;1;0;100,00;0;0;1;0;0;0;2023-03-22T16:29:24+00:00;2023-03-22T16:29:24+00:00;https://www.openstreetmap.org/user/Pacio931
1770;18807367;gmeyer1;1;15;14;6,67;0;0;0;0;1;0;2025-08-20T09:23:04+00:00;2025-08-20T09:23:04+00:00;https://www.openstreetmap.org/user/gmeyer1
1771;18813207;MichelePlus;1;1;0;100,00;0;0;1;0;0;0;2023-03-29T13:54:29+00:00;2023-03-29T13:54:29+00:00;https://www.openstreetmap.org/user/MichelePlus
1772;18923067;saldenisov;1;549;548;0,18;0;0;1;0;0;0;2023-08-17T08:42:20+00:00;2023-08-17T08:42:20+00:00;https://www.openstreetmap.org/user/saldenisov
1773;18935922;giangi00;1;1;0;100,00;0;0;1;0;0;0;2023-04-13T06:47:31+00:00;2023-04-13T06:47:31+00:00;https://www.openstreetmap.org/user/giangi00
1774;18943434;chanez07;1;156;155;0,64;0;0;1;0;0;0;2023-05-29T18:12:44+00:00;2023-05-29T18:12:44+00:00;https://www.openstreetmap.org/user/chanez07
1775;19025166;albertodicapua;1;1;0;100,00;0;0;1;0;0;0;2023-04-21T13:50:03+00:00;2023-04-21T13:50:03+00:00;https://www.openstreetmap.org/user/albertodicapua
1776;19086315;Giuseppe Russo1123;1;9;8;11,11;0;0;1;0;0;0;2023-04-28T09:27:05+00:00;2023-04-28T09:27:05+00:00;https://www.openstreetmap.org/user/Giuseppe%20Russo1123
1777;19087872;EspPiot;1;1;0;100,00;0;0;1;0;0;0;2023-04-27T12:46:11+00:00;2023-04-27T12:46:11+00:00;https://www.openstreetmap.org/user/EspPiot
1778;19142617;Maurizio17;1;1;0;100,00;0;0;1;0;0;0;2023-05-06T14:03:19+00:00;2023-05-06T14:03:19+00:00;https://www.openstreetmap.org/user/Maurizio17
1779;19198184;the_real_shb;1;654;653;0,15;0;0;0;1;0;0;2024-05-23T15:57:05+00:00;2024-05-23T15:57:05+00:00;https://www.openstreetmap.org/user/the_real_shb
1780;19230590;DanielBucala;1;1;0;100,00;0;0;1;0;0;0;2023-05-11T13:04:30+00:00;2023-05-11T13:04:30+00:00;https://www.openstreetmap.org/user/DanielBucala
1781;19265664;Fufino;1;62;61;1,61;0;0;1;0;0;0;2023-09-03T14:31:11+00:00;2023-09-03T14:31:11+00:00;https://www.openstreetmap.org/user/Fufino
1782;19433532;the_valmat;1;10;9;10,00;0;0;1;0;0;0;2023-06-14T14:33:41+00:00;2023-06-14T14:33:41+00:00;https://www.openstreetmap.org/user/the_valmat
1783;19497998;branco-josm;1;425;424;0,24;0;0;0;1;0;0;2024-03-04T10:46:46+00:00;2024-03-04T10:46:46+00:00;https://www.openstreetmap.org/user/branco-josm
1784;19604952;Medusa Rebecca;1;1;0;100,00;0;0;1;0;0;0;2023-06-17T12:53:09+00:00;2023-06-17T12:53:09+00:00;https://www.openstreetmap.org/user/Medusa%20Rebecca
1785;19645340;Eugenia Z;1;1;0;100,00;0;0;1;0;0;0;2023-06-21T16:28:07+00:00;2023-06-21T16:28:07+00:00;https://www.openstreetmap.org/user/Eugenia%20Z
1786;19689285;famigliapileri;1;386;385;0,26;0;0;1;0;0;0;2023-07-31T19:05:32+00:00;2023-07-31T19:05:32+00:00;https://www.openstreetmap.org/user/famigliapileri
1787;19732486;Niko100s;1;1;0;100,00;0;0;1;0;0;0;2023-06-30T21:06:17+00:00;2023-06-30T21:06:17+00:00;https://www.openstreetmap.org/user/Niko100s
1788;19747250;r-ricci;1;1;0;100,00;0;0;0;0;1;0;2025-09-21T21:27:09+00:00;2025-09-21T21:27:09+00:00;https://www.openstreetmap.org/user/r-ricci
1789;19759764;lasyasha;1;3;2;33,33;0;0;1;0;0;0;2023-08-24T12:38:27+00:00;2023-08-24T12:38:27+00:00;https://www.openstreetmap.org/user/lasyasha
1790;19765444;EdoardoDG;1;9;8;11,11;0;0;1;0;0;0;2023-07-15T14:44:03+00:00;2023-07-15T14:44:03+00:00;https://www.openstreetmap.org/user/EdoardoDG
1791;19853039;enriconas;1;81;80;1,23;0;0;1;0;0;0;2023-07-13T20:32:02+00:00;2023-07-13T20:32:02+00:00;https://www.openstreetmap.org/user/enriconas
1792;19904239;AnyANia;1;1;0;100,00;0;0;1;0;0;0;2023-07-18T13:27:52+00:00;2023-07-18T13:27:52+00:00;https://www.openstreetmap.org/user/AnyANia
1793;19962033;mattcoz;1;1;0;100,00;0;0;1;0;0;0;2023-08-20T17:15:43+00:00;2023-08-20T17:15:43+00:00;https://www.openstreetmap.org/user/mattcoz
1794;19969758;OaraS;1;15;14;6,67;0;0;1;0;0;0;2023-07-24T15:04:01+00:00;2023-07-24T15:04:01+00:00;https://www.openstreetmap.org/user/OaraS
1795;20040659;ValentinaTwo;1;20;19;5,00;0;0;1;0;0;0;2023-10-27T10:56:53+00:00;2023-10-27T10:56:53+00:00;https://www.openstreetmap.org/user/ValentinaTwo
1796;20051395;ajmat;1;1973;1972;0,05;0;0;0;0;0;1;2026-02-19T04:07:47+00:00;2026-02-19T04:07:47+00:00;https://www.openstreetmap.org/user/ajmat
1797;20051396;rajdhani;1;5895;5894;0,02;0;0;0;0;0;1;2026-02-06T04:56:46+00:00;2026-02-06T04:56:46+00:00;https://www.openstreetmap.org/user/rajdhani
1798;20065796;fiouw34;1;1;0;100,00;0;0;1;0;0;0;2023-08-11T18:34:53+00:00;2023-08-11T18:34:53+00:00;https://www.openstreetmap.org/user/fiouw34
1799;20069831;zarmaaa;1;203;202;0,49;0;0;0;1;0;0;2024-08-16T22:28:26+00:00;2024-08-16T22:28:26+00:00;https://www.openstreetmap.org/user/zarmaaa
1800;20090547;meli_bou92;1;223;222;0,45;0;0;0;0;0;1;2026-04-15T15:03:41+00:00;2026-04-15T15:03:41+00:00;https://www.openstreetmap.org/user/meli_bou92
1801;20115235;Fraux;1;25;24;4,00;0;0;0;0;1;0;2025-08-12T08:52:37+00:00;2025-08-12T08:52:37+00:00;https://www.openstreetmap.org/user/Fraux
1802;20119713;DavidVinc;1;2;1;50,00;0;0;1;0;0;0;2023-08-26T22:04:31+00:00;2023-08-26T22:04:31+00:00;https://www.openstreetmap.org/user/DavidVinc
1803;20133984;Antonio Petrarca;1;139;138;0,72;0;0;1;0;0;0;2023-11-22T13:42:19+00:00;2023-11-22T13:42:19+00:00;https://www.openstreetmap.org/user/Antonio%20Petrarca
1804;20144444;MappingMore;1;2287;2286;0,04;0;0;0;0;0;1;2026-03-03T11:24:28+00:00;2026-03-03T11:24:28+00:00;https://www.openstreetmap.org/user/MappingMore
1805;20144448;World_Winner;1;9051;9050;0,01;0;0;0;0;0;1;2026-06-17T12:03:37+00:00;2026-06-17T12:03:37+00:00;https://www.openstreetmap.org/user/World_Winner
1806;20178934;svsdp;1;33;32;3,03;0;0;0;0;1;0;2025-06-09T10:56:33+00:00;2025-06-09T10:56:33+00:00;https://www.openstreetmap.org/user/svsdp
1807;20245448;BettaBit;1;7;6;14,29;0;0;1;0;0;0;2023-09-14T15:03:18+00:00;2023-09-14T15:03:18+00:00;https://www.openstreetmap.org/user/BettaBit
1808;20328704;ServError;1;3;2;33,33;0;0;1;0;0;0;2023-10-28T07:39:08+00:00;2023-10-28T07:39:08+00:00;https://www.openstreetmap.org/user/ServError
1809;20335028;user_20335028;1;19;18;5,26;0;0;1;0;0;0;2023-09-25T22:16:09+00:00;2023-09-25T22:16:09+00:00;https://www.openstreetmap.org/user/user_20335028
1810;20341436;Emmeredde;1;1;0;100,00;0;0;1;0;0;0;2023-09-26T14:10:26+00:00;2023-09-26T14:10:26+00:00;https://www.openstreetmap.org/user/Emmeredde
1811;20378861;JubeiEnhjo;1;27;26;3,70;0;0;0;0;1;0;2025-01-06T18:16:38+00:00;2025-01-06T18:16:38+00:00;https://www.openstreetmap.org/user/JubeiEnhjo
1812;20389959;Evgeniya_;1;109;108;0,92;0;0;0;0;0;1;2026-05-03T13:45:30+00:00;2026-05-03T13:45:30+00:00;https://www.openstreetmap.org/user/Evgeniya_
1813;20490915;anshanin;1;27510;27509;0,00;0;0;0;1;0;0;2024-12-14T13:15:51+00:00;2024-12-14T13:15:51+00:00;https://www.openstreetmap.org/user/anshanin
1814;20498310;Ostenaaa;1;1357;1356;0,07;0;0;0;0;1;0;2025-06-27T11:19:02+00:00;2025-06-27T11:19:02+00:00;https://www.openstreetmap.org/user/Ostenaaa
1815;20509407;Alexis04132;1;5202;5201;0,02;0;0;0;0;0;1;2026-05-17T19:42:05+00:00;2026-05-17T19:42:05+00:00;https://www.openstreetmap.org/user/Alexis04132
1816;20518511;RØSHØ;1;62;61;1,61;0;0;0;0;0;1;2026-06-09T09:16:59+00:00;2026-06-09T09:16:59+00:00;https://www.openstreetmap.org/user/R%C3%98SH%C3%98
1817;20521826;Marco Webeing;1;1;0;100,00;0;0;1;0;0;0;2023-10-31T11:44:33+00:00;2023-10-31T11:44:33+00:00;https://www.openstreetmap.org/user/Marco%20Webeing
1818;20566567;Lorenzo Tanucci;1;1;0;100,00;0;0;1;0;0;0;2023-11-07T09:34:05+00:00;2023-11-07T09:34:05+00:00;https://www.openstreetmap.org/user/Lorenzo%20Tanucci
1819;20663625;Gale Alvaro Malcolm;1;1;0;100,00;0;0;1;0;0;0;2023-12-09T11:05:29+00:00;2023-12-09T11:05:29+00:00;https://www.openstreetmap.org/user/Gale%20Alvaro%20Malcolm
1820;20694182;Luke Raw;1;1;0;100,00;0;0;1;0;0;0;2023-12-27T20:02:02+00:00;2023-12-27T20:02:02+00:00;https://www.openstreetmap.org/user/Luke%20Raw
1821;20696077;PapiCompapi;1;36;35;2,78;0;0;0;1;0;0;2024-06-27T19:30:46+00:00;2024-06-27T19:30:46+00:00;https://www.openstreetmap.org/user/PapiCompapi
1822;20865392;Barbados Slim;1;1;0;100,00;0;0;0;1;0;0;2024-01-11T07:49:33+00:00;2024-01-11T07:49:33+00:00;https://www.openstreetmap.org/user/Barbados%20Slim
1823;20902003;Ronnicci;1;1;0;100,00;0;0;0;1;0;0;2024-01-16T15:11:24+00:00;2024-01-16T15:11:24+00:00;https://www.openstreetmap.org/user/Ronnicci
1824;20932254;nicolachion;1;1;0;100,00;0;0;0;1;0;0;2024-01-24T13:41:23+00:00;2024-01-24T13:41:23+00:00;https://www.openstreetmap.org/user/nicolachion
1825;20978120;climbfinder;1;17;16;5,88;0;0;0;1;0;0;2024-03-23T11:10:47+00:00;2024-03-23T11:10:47+00:00;https://www.openstreetmap.org/user/climbfinder
1826;20985129;Biagio Bucci;1;1;0;100,00;0;0;0;1;0;0;2024-02-10T11:34:58+00:00;2024-02-10T11:34:58+00:00;https://www.openstreetmap.org/user/Biagio%20Bucci
1827;21068368;maybeyes;1;816;815;0,12;0;0;0;0;0;1;2026-04-25T08:32:11+00:00;2026-04-25T08:32:11+00:00;https://www.openstreetmap.org/user/maybeyes
1828;21081516;VigSim76;1;3;2;33,33;0;0;0;1;0;0;2024-02-23T19:53:29+00:00;2024-02-23T19:53:29+00:00;https://www.openstreetmap.org/user/VigSim76
1829;21134035;richiriccardo;1;1;0;100,00;0;0;0;0;0;1;2026-01-28T16:54:02+00:00;2026-01-28T16:54:02+00:00;https://www.openstreetmap.org/user/richiriccardo
1830;21160158;Paul_geovelo;1;362;361;0,28;0;0;0;1;0;0;2024-05-03T12:52:50+00:00;2024-05-03T12:52:50+00:00;https://www.openstreetmap.org/user/Paul_geovelo
1831;21174913;Michele Possenti;1;1;0;100,00;0;0;0;1;0;0;2024-03-07T12:09:00+00:00;2024-03-07T12:09:00+00:00;https://www.openstreetmap.org/user/Michele%20Possenti
1832;21175021;TheLostLuke;1;1;0;100,00;0;0;0;1;0;0;2024-03-07T10:47:34+00:00;2024-03-07T10:47:34+00:00;https://www.openstreetmap.org/user/TheLostLuke
1833;21175044;Alevalleo;1;1;0;100,00;0;0;0;1;0;0;2024-03-07T13:19:09+00:00;2024-03-07T13:19:09+00:00;https://www.openstreetmap.org/user/Alevalleo
1834;21175056;Alessasso06;1;1;0;100,00;0;0;0;1;0;0;2024-03-07T13:19:03+00:00;2024-03-07T13:19:03+00:00;https://www.openstreetmap.org/user/Alessasso06
1835;21175062;Federico Fati;1;1;0;100,00;0;0;0;1;0;0;2024-03-07T13:19:00+00:00;2024-03-07T13:19:00+00:00;https://www.openstreetmap.org/user/Federico%20Fati
1836;21175101;Nicholas Giorgini;1;1;0;100,00;0;0;0;1;0;0;2024-03-07T13:11:35+00:00;2024-03-07T13:11:35+00:00;https://www.openstreetmap.org/user/Nicholas%20Giorgini
1837;21175212;Fedemcrc;1;1;0;100,00;0;0;0;1;0;0;2024-03-07T11:29:27+00:00;2024-03-07T11:29:27+00:00;https://www.openstreetmap.org/user/Fedemcrc
1838;21204721;pfrenqu;1;1;0;100,00;0;0;0;1;0;0;2024-03-26T16:42:41+00:00;2024-03-26T16:42:41+00:00;https://www.openstreetmap.org/user/pfrenqu
1839;21228157;Alicemigliori;1;1;0;100,00;0;0;0;1;0;0;2024-03-25T09:21:42+00:00;2024-03-25T09:21:42+00:00;https://www.openstreetmap.org/user/Alicemigliori
1840;21237254;mlallina;1;1;0;100,00;0;0;0;1;0;0;2024-03-24T11:50:25+00:00;2024-03-24T11:50:25+00:00;https://www.openstreetmap.org/user/mlallina
1841;21241393;Bonanni Nazzareno;1;1;0;100,00;0;0;0;1;0;0;2024-03-26T14:25:45+00:00;2024-03-26T14:25:45+00:00;https://www.openstreetmap.org/user/Bonanni%20Nazzareno
1842;21303597;icca78;1;1;0;100,00;0;0;0;1;0;0;2024-04-13T18:07:16+00:00;2024-04-13T18:07:16+00:00;https://www.openstreetmap.org/user/icca78
1843;21308641;KernicDE;1;33;32;3,03;0;0;0;0;0;1;2026-08-27T10:45:22+00:00;2026-08-27T10:45:22+00:00;https://www.openstreetmap.org/user/KernicDE
1844;21333536;Zac82;1;1;0;100,00;0;0;0;1;0;0;2024-04-22T12:03:51+00:00;2024-04-22T12:03:51+00:00;https://www.openstreetmap.org/user/Zac82
1845;21409162;fede_v;1;1;0;100,00;0;0;0;1;0;0;2024-07-10T14:52:35+00:00;2024-07-10T14:52:35+00:00;https://www.openstreetmap.org/user/fede_v
1846;21484107;Palaress;1;13;12;7,69;0;0;0;0;0;1;2026-06-04T17:42:48+00:00;2026-06-04T17:42:48+00:00;https://www.openstreetmap.org/user/Palaress
1847;21507518;Guinness1ne;1;1;0;100,00;0;0;0;1;0;0;2024-05-15T12:25:31+00:00;2024-05-15T12:25:31+00:00;https://www.openstreetmap.org/user/Guinness1ne
1848;21507874;Matteo Som;1;28;27;3,57;0;0;0;1;0;0;2024-07-22T15:51:09+00:00;2024-07-22T15:51:09+00:00;https://www.openstreetmap.org/user/Matteo%20Som
1849;21555751;FroschForscher;1;9164;9163;0,01;0;0;0;0;0;1;2026-04-12T11:39:09+00:00;2026-04-12T11:39:09+00:00;https://www.openstreetmap.org/user/FroschForscher
1850;21570305;BlauerRothirsch;1;4021;4020;0,02;0;0;0;0;1;0;2025-08-17T12:53:54+00:00;2025-08-17T12:53:54+00:00;https://www.openstreetmap.org/user/BlauerRothirsch
1851;21618251;Emiliz;1;7124;7123;0,01;0;0;0;1;0;0;2024-10-15T09:30:47+00:00;2024-10-15T09:30:47+00:00;https://www.openstreetmap.org/user/Emiliz
1852;21624939;Alessio Curzel AC;1;96;95;1,04;0;0;0;0;0;1;2026-02-02T10:37:01+00:00;2026-02-02T10:37:01+00:00;https://www.openstreetmap.org/user/Alessio%20Curzel%20AC
1853;21642921;ruqsar;1;68;67;1,47;0;0;0;1;0;0;2024-10-18T09:35:11+00:00;2024-10-18T09:35:11+00:00;https://www.openstreetmap.org/user/ruqsar
1854;21642924;sreenlr;1;163;162;0,61;0;0;0;1;0;0;2024-12-23T12:48:17+00:00;2024-12-23T12:48:17+00:00;https://www.openstreetmap.org/user/sreenlr
1855;21642934;renusri;1;24;23;4,17;0;0;0;1;0;0;2024-10-15T07:40:42+00:00;2024-10-15T07:40:42+00:00;https://www.openstreetmap.org/user/renusri
1856;21643154;sw_uwu;1;1230;1229;0,08;0;0;0;0;1;0;2025-01-06T13:17:21+00:00;2025-01-06T13:17:21+00:00;https://www.openstreetmap.org/user/sw_uwu
1857;21657267;catgirlseraid;1;22336;22335;0,00;0;0;0;0;1;0;2025-04-27T08:07:32+00:00;2025-04-27T08:07:32+00:00;https://www.openstreetmap.org/user/catgirlseraid
1858;21678733;72B17;1;1;0;100,00;0;0;0;1;0;0;2024-06-20T21:29:37+00:00;2024-06-20T21:29:37+00:00;https://www.openstreetmap.org/user/72B17
1859;21712856;nenemeister;1;241;240;0,41;0;0;0;1;0;0;2024-07-01T21:46:39+00:00;2024-07-01T21:46:39+00:00;https://www.openstreetmap.org/user/nenemeister
1860;21716093;Konny Ponny;1;9;8;11,11;0;0;0;0;1;0;2025-05-21T06:48:50+00:00;2025-05-21T06:48:50+00:00;https://www.openstreetmap.org/user/Konny%20Ponny
1861;21763301;Margheritabiscaroni;1;1;0;100,00;0;0;0;1;0;0;2024-07-17T16:08:33+00:00;2024-07-17T16:08:33+00:00;https://www.openstreetmap.org/user/Margheritabiscaroni
1862;21782583;Comune di Montegiorgio;1;1;0;100,00;0;0;0;1;0;0;2024-07-29T08:56:56+00:00;2024-07-29T08:56:56+00:00;https://www.openstreetmap.org/user/Comune%20di%20Montegiorgio
1863;21788060;MarmoPL;1;2;1;50,00;0;0;0;1;0;0;2024-07-27T11:02:18+00:00;2024-07-27T11:02:18+00:00;https://www.openstreetmap.org/user/MarmoPL
1864;21810832;Pieve San Biagio Appartamenti;1;1;0;100,00;0;0;0;0;1;0;2025-12-11T10:13:44+00:00;2025-12-11T10:13:44+00:00;https://www.openstreetmap.org/user/Pieve%20San%20Biagio%20Appartamenti
1865;21811670;marcus_one;1;1;0;100,00;0;0;0;1;0;0;2024-08-02T12:43:11+00:00;2024-08-02T12:43:11+00:00;https://www.openstreetmap.org/user/marcus_one
1866;21819077;unzow;1;2000;1999;0,05;0;0;0;1;0;0;2024-10-07T10:56:50+00:00;2024-10-07T10:56:50+00:00;https://www.openstreetmap.org/user/unzow
1867;21836120;user_21836120;1;220;219;0,45;0;0;0;1;0;0;2024-08-27T19:29:55+00:00;2024-08-27T19:29:55+00:00;https://www.openstreetmap.org/user/user_21836120
1868;21844370;shikasu;1;47;46;2,13;0;0;0;1;0;0;2024-10-18T11:24:18+00:00;2024-10-18T11:24:18+00:00;https://www.openstreetmap.org/user/shikasu
1869;21863202;NIK DAM;1;2;1;50,00;0;0;0;1;0;0;2024-08-19T06:18:05+00:00;2024-08-19T06:18:05+00:00;https://www.openstreetmap.org/user/NIK%20DAM
1870;21871781;TeresaTrz;1;2;1;50,00;0;0;0;1;0;0;2024-08-22T10:28:43+00:00;2024-08-22T10:28:43+00:00;https://www.openstreetmap.org/user/TeresaTrz
1871;21883015;uneaten puffed;1;10506;10505;0,01;0;0;0;1;0;0;2024-09-17T05:33:24+00:00;2024-09-17T05:33:24+00:00;https://www.openstreetmap.org/user/uneaten%20puffed
1872;21887990;giulio_g;1;627;626;0,16;0;0;0;0;0;1;2026-02-25T07:51:45+00:00;2026-02-25T07:51:45+00:00;https://www.openstreetmap.org/user/giulio_g
1873;21906409;Lanfrancotti Ermindo;1;1;0;100,00;0;0;0;1;0;0;2024-09-03T06:41:21+00:00;2024-09-03T06:41:21+00:00;https://www.openstreetmap.org/user/Lanfrancotti%20Ermindo
1874;21925492;lmpndr;1;1;0;100,00;0;0;0;1;0;0;2024-09-06T06:57:51+00:00;2024-09-06T06:57:51+00:00;https://www.openstreetmap.org/user/lmpndr
1875;21987794;Pipof069;1;99;98;1,01;0;0;0;0;1;0;2025-06-25T14:51:02+00:00;2025-06-25T14:51:02+00:00;https://www.openstreetmap.org/user/Pipof069
1876;22006698;vitalihasalreadybeentaken;1;1;0;100,00;0;0;0;0;0;1;2026-06-04T20:58:33+00:00;2026-06-04T20:58:33+00:00;https://www.openstreetmap.org/user/vitalihasalreadybeentaken
1877;22026478;compass123;1;870;869;0,11;0;0;0;1;0;0;2024-12-11T17:47:16+00:00;2024-12-11T17:47:16+00:00;https://www.openstreetmap.org/user/compass123
1878;22040473;Nico Vi;1;33;32;3,03;0;0;0;0;0;1;2026-08-15T18:00:24+00:00;2026-08-15T18:00:24+00:00;https://www.openstreetmap.org/user/Nico%20Vi
1879;22051354;Pedalare con lentezza;1;1;0;100,00;0;0;0;1;0;0;2024-10-10T09:26:30+00:00;2024-10-10T09:26:30+00:00;https://www.openstreetmap.org/user/Pedalare%20con%20lentezza
1880;22068719;EvelinaGas;1;133;132;0,75;0;0;0;0;1;0;2025-08-27T06:42:07+00:00;2025-08-27T06:42:07+00:00;https://www.openstreetmap.org/user/EvelinaGas
1881;22083316;Nicola Elisei;1;1;0;100,00;0;0;0;1;0;0;2024-10-18T16:41:49+00:00;2024-10-18T16:41:49+00:00;https://www.openstreetmap.org/user/Nicola%20Elisei
1882;22094834;Catherine Kachan;1;6036;6035;0,02;0;0;0;1;0;0;2024-11-25T08:53:54+00:00;2024-11-25T08:53:54+00:00;https://www.openstreetmap.org/user/Catherine%20Kachan
1883;22140832;Fontibona;1;412;411;0,24;0;0;0;1;0;0;2024-12-13T00:23:08+00:00;2024-12-13T00:23:08+00:00;https://www.openstreetmap.org/user/Fontibona
1884;22199592;LucaStef;1;91;90;1,10;0;0;0;0;0;1;2026-05-09T13:51:57+00:00;2026-05-09T13:51:57+00:00;https://www.openstreetmap.org/user/LucaStef
1885;22230346;Corrado Fiore;1;1;0;100,00;0;0;0;1;0;0;2024-11-28T08:39:15+00:00;2024-11-28T08:39:15+00:00;https://www.openstreetmap.org/user/Corrado%20Fiore
1886;22283373;Mattia Staffolani;1;1;0;100,00;0;0;0;0;0;1;2026-05-02T12:11:56+00:00;2026-05-02T12:11:56+00:00;https://www.openstreetmap.org/user/Mattia%20Staffolani
1887;22328633;Igino59;1;1;0;100,00;0;0;0;0;1;0;2025-01-15T09:35:37+00:00;2025-01-15T09:35:37+00:00;https://www.openstreetmap.org/user/Igino59
1888;22399638;impresa edile G & L immobiliare srl;1;1;0;100,00;0;0;0;0;1;0;2025-01-19T10:17:37+00:00;2025-01-19T10:17:37+00:00;https://www.openstreetmap.org/user/impresa%20edile%20G%20%26%20L%20immobiliare%20srl
1889;22415402;Lawrence d'Aniello;1;14;13;7,14;0;0;0;0;1;0;2025-01-23T14:45:52+00:00;2025-01-23T14:45:52+00:00;https://www.openstreetmap.org/user/Lawrence%20d%27Aniello
1890;22422854;AF Brand Design;1;1;0;100,00;0;0;0;0;1;0;2025-01-25T10:04:01+00:00;2025-01-25T10:04:01+00:00;https://www.openstreetmap.org/user/AF%20Brand%20Design
1891;22440319;PMT SRLS;1;2;1;50,00;0;0;0;0;1;0;2025-01-30T00:31:48+00:00;2025-01-30T00:31:48+00:00;https://www.openstreetmap.org/user/PMT%20SRLS
1892;22476595;Maddy16869;1;14;13;7,14;0;0;0;0;1;0;2025-02-08T20:30:31+00:00;2025-02-08T20:30:31+00:00;https://www.openstreetmap.org/user/Maddy16869
1893;22487744;Giancarlo Agostini;1;1;0;100,00;0;0;0;0;1;0;2025-03-29T15:46:35+00:00;2025-03-29T15:46:35+00:00;https://www.openstreetmap.org/user/Giancarlo%20Agostini
1894;22582709;gabripey;1;301;300;0,33;0;0;0;0;1;0;2025-06-17T13:00:51+00:00;2025-06-17T13:00:51+00:00;https://www.openstreetmap.org/user/gabripey
1895;22639481;openaudio_ITA;1;1;0;100,00;0;0;0;0;1;0;2025-03-17T09:06:56+00:00;2025-03-17T09:06:56+00:00;https://www.openstreetmap.org/user/openaudio_ITA
1896;22661481;Alberto Franceschetti;1;1;0;100,00;0;0;0;0;1;0;2025-03-22T17:07:36+00:00;2025-03-22T17:07:36+00:00;https://www.openstreetmap.org/user/Alberto%20Franceschetti
1897;22709556;gitvanni;1;1;0;100,00;0;0;0;0;1;0;2025-04-10T13:34:16+00:00;2025-04-10T13:34:16+00:00;https://www.openstreetmap.org/user/gitvanni
1898;22711707;sindbad_05;1;1;0;100,00;0;0;0;0;1;0;2025-11-29T18:20:23+00:00;2025-11-29T18:20:23+00:00;https://www.openstreetmap.org/user/sindbad_05
1899;22732227;TanLoc Nguyen;1;1;0;100,00;0;0;0;0;1;0;2025-04-10T12:38:32+00:00;2025-04-10T12:38:32+00:00;https://www.openstreetmap.org/user/TanLoc%20Nguyen
1900;22732623;gitvanni99;1;1;0;100,00;0;0;0;0;1;0;2025-04-10T12:38:35+00:00;2025-04-10T12:38:35+00:00;https://www.openstreetmap.org/user/gitvanni99
1901;22733997;Buithuyngoc;1;1;0;100,00;0;0;0;0;1;0;2025-04-10T13:57:41+00:00;2025-04-10T13:57:41+00:00;https://www.openstreetmap.org/user/Buithuyngoc
1902;22757195;Riviera Immobiliare;1;1;0;100,00;0;0;0;0;1;0;2025-04-13T19:22:52+00:00;2025-04-13T19:22:52+00:00;https://www.openstreetmap.org/user/Riviera%20Immobiliare
1903;22767399;Looorenzo;1;1;0;100,00;0;0;0;0;1;0;2025-04-14T21:12:27+00:00;2025-04-14T21:12:27+00:00;https://www.openstreetmap.org/user/Looorenzo
1904;22861828;Raf332;1;1;0;100,00;0;0;0;0;1;0;2025-05-04T13:49:53+00:00;2025-05-04T13:49:53+00:00;https://www.openstreetmap.org/user/Raf332
1905;22886327;koeleco;1;1;0;100,00;0;0;0;0;1;0;2025-08-12T16:08:53+00:00;2025-08-12T16:08:53+00:00;https://www.openstreetmap.org/user/koeleco
1906;22897696;jokr192;1;27;26;3,70;0;0;0;0;1;0;2025-05-16T14:42:42+00:00;2025-05-16T14:42:42+00:00;https://www.openstreetmap.org/user/jokr192
1907;22919632;matteobott;1;2827;2826;0,04;0;0;0;0;0;1;2026-05-31T10:43:11+00:00;2026-05-31T10:43:11+00:00;https://www.openstreetmap.org/user/matteobott
1908;23009424;Susy98!;1;1;0;100,00;0;0;0;0;1;0;2025-06-16T20:54:28+00:00;2025-06-16T20:54:28+00:00;https://www.openstreetmap.org/user/Susy98%21
1909;23062974;Riccardo Barba;1;1;0;100,00;0;0;0;0;1;0;2025-07-03T12:23:43+00:00;2025-07-03T12:23:43+00:00;https://www.openstreetmap.org/user/Riccardo%20Barba
1910;23122619;TheDoc00;1;1;0;100,00;0;0;0;0;1;0;2025-07-23T14:41:35+00:00;2025-07-23T14:41:35+00:00;https://www.openstreetmap.org/user/TheDoc00
1911;23146570;guerrillamaps;1;1;0;100,00;0;0;0;0;1;0;2025-07-31T13:31:17+00:00;2025-07-31T13:31:17+00:00;https://www.openstreetmap.org/user/guerrillamaps
1912;23163452;Rmancio;1;1;0;100,00;0;0;0;0;1;0;2025-08-05T20:43:18+00:00;2025-08-05T20:43:18+00:00;https://www.openstreetmap.org/user/Rmancio
1913;23178216;Riccardo Tesei;1;1;0;100,00;0;0;0;0;1;0;2025-08-10T23:09:06+00:00;2025-08-10T23:09:06+00:00;https://www.openstreetmap.org/user/Riccardo%20Tesei
1914;23183273;WaterFinderOrg;1;153;152;0,65;0;0;0;0;0;1;2026-06-17T12:38:31+00:00;2026-06-17T12:38:31+00:00;https://www.openstreetmap.org/user/WaterFinderOrg
1915;23184914;Lollooooo;1;1;0;100,00;0;0;0;0;1;0;2025-08-12T21:24:23+00:00;2025-08-12T21:24:23+00:00;https://www.openstreetmap.org/user/Lollooooo
1916;23199478;czdawes;1;2166;2165;0,05;0;0;0;0;0;1;2026-04-23T13:28:33+00:00;2026-04-23T13:28:33+00:00;https://www.openstreetmap.org/user/czdawes
1917;23215874;ev290802;1;73;72;1,37;0;0;0;0;1;0;2025-08-23T11:48:32+00:00;2025-08-23T11:48:32+00:00;https://www.openstreetmap.org/user/ev290802
1918;23254293;Fisioterapia Persona Trainer Fisioestetica;1;1;0;100,00;0;0;0;0;1;0;2025-09-03T18:24:57+00:00;2025-09-03T18:24:57+00:00;https://www.openstreetmap.org/user/Fisioterapia%20Persona%20Trainer%20Fisioestetica
1919;23279492;GiacomoN;1;1;0;100,00;0;0;0;0;1;0;2025-09-10T22:37:07+00:00;2025-09-10T22:37:07+00:00;https://www.openstreetmap.org/user/GiacomoN
1920;23280973;Assicurazioni Pavoni;1;1;0;100,00;0;0;0;0;1;0;2025-09-11T09:21:33+00:00;2025-09-11T09:21:33+00:00;https://www.openstreetmap.org/user/Assicurazioni%20Pavoni
1921;23283321;lalo cura;1;1;0;100,00;0;0;0;0;1;0;2025-09-11T22:53:52+00:00;2025-09-11T22:53:52+00:00;https://www.openstreetmap.org/user/lalo%20cura
1922;23286435;osmJack;1;1;0;100,00;0;0;0;0;1;0;2025-09-12T20:33:14+00:00;2025-09-12T20:33:14+00:00;https://www.openstreetmap.org/user/osmJack
1923;23286734;Asgdflfòsagafàdn76@;1;1;0;100,00;0;0;0;0;1;0;2025-09-12T23:38:20+00:00;2025-09-12T23:38:20+00:00;https://www.openstreetmap.org/user/Asgdflf%C3%B2sagaf%C3%A0dn76%40
1924;23299822;Skizzo1;1;1;0;100,00;0;0;0;0;1;0;2025-10-16T17:40:13+00:00;2025-10-16T17:40:13+00:00;https://www.openstreetmap.org/user/Skizzo1
1925;23309598;Aemme Studio Danza;1;1;0;100,00;0;0;0;0;1;0;2025-09-19T13:36:18+00:00;2025-09-19T13:36:18+00:00;https://www.openstreetmap.org/user/Aemme%20Studio%20Danza
1926;23329798;G4briell0;1;1;0;100,00;0;0;0;0;1;0;2025-09-25T08:10:47+00:00;2025-09-25T08:10:47+00:00;https://www.openstreetmap.org/user/G4briell0
1927;23332141;napy84;1;1;0;100,00;0;0;0;0;1;0;2025-09-25T20:10:24+00:00;2025-09-25T20:10:24+00:00;https://www.openstreetmap.org/user/napy84
1928;23351425;_Tommaso__;1;1;0;100,00;0;0;0;0;1;0;2025-10-01T15:24:17+00:00;2025-10-01T15:24:17+00:00;https://www.openstreetmap.org/user/_Tommaso__
1929;23372016;orto75;1;1;0;100,00;0;0;0;0;1;0;2025-10-07T17:01:47+00:00;2025-10-07T17:01:47+00:00;https://www.openstreetmap.org/user/orto75
1930;23410949;_riccardo_;1;1;0;100,00;0;0;0;0;1;0;2025-10-20T15:43:17+00:00;2025-10-20T15:43:17+00:00;https://www.openstreetmap.org/user/_riccardo_
1931;23433221;123Wes;1;2;1;50,00;0;0;0;0;0;1;2026-08-16T05:29:13+00:00;2026-08-16T05:29:13+00:00;https://www.openstreetmap.org/user/123Wes
1932;23436351;RonkPorty;1;1;0;100,00;0;0;0;0;1;0;2025-10-26T07:20:48+00:00;2025-10-26T07:20:48+00:00;https://www.openstreetmap.org/user/RonkPorty
1933;23444715;DianelAgo;1;1;0;100,00;0;0;0;0;1;0;2025-10-28T12:18:02+00:00;2025-10-28T12:18:02+00:00;https://www.openstreetmap.org/user/DianelAgo
1934;23479994;flavio_gerosa;1;1;0;100,00;0;0;0;0;1;0;2025-11-07T09:58:50+00:00;2025-11-07T09:58:50+00:00;https://www.openstreetmap.org/user/flavio_gerosa
1935;23487403;Jack Holle;1;34;33;2,94;0;0;0;0;0;1;2026-06-28T08:22:03+00:00;2026-06-28T08:22:03+00:00;https://www.openstreetmap.org/user/Jack%20Holle
1936;23489020;KANYANO EXPERIENCE;1;1;0;100,00;0;0;0;0;1;0;2025-11-10T10:36:09+00:00;2025-11-10T10:36:09+00:00;https://www.openstreetmap.org/user/KANYANO%20EXPERIENCE
1937;23498516;Sergio MBX;1;1;0;100,00;0;0;0;0;1;0;2025-11-12T16:52:26+00:00;2025-11-12T16:52:26+00:00;https://www.openstreetmap.org/user/Sergio%20MBX
1938;23510122;Tofana77;1;2;1;50,00;0;0;0;0;1;0;2025-11-15T21:42:57+00:00;2025-11-15T21:42:57+00:00;https://www.openstreetmap.org/user/Tofana77
1939;23548816;Le25emeTheo;1;1;0;100,00;0;0;0;0;1;0;2025-11-26T10:09:19+00:00;2025-11-26T10:09:19+00:00;https://www.openstreetmap.org/user/Le25emeTheo
1940;23550737;_John_Doe_;1;664;663;0,15;0;0;0;0;0;1;2026-04-10T13:29:02+00:00;2026-04-10T13:29:02+00:00;https://www.openstreetmap.org/user/_John_Doe_
1941;23566701;Usually Kyle;1;1;0;100,00;0;0;0;0;0;1;2026-03-21T17:35:50+00:00;2026-03-21T17:35:50+00:00;https://www.openstreetmap.org/user/Usually%20Kyle
1942;23582635;RicPic web solutions;1;1;0;100,00;0;0;0;0;1;0;2025-12-19T15:26:08+00:00;2025-12-19T15:26:08+00:00;https://www.openstreetmap.org/user/RicPic%20web%20solutions
1943;23590927;Tibo78;1;1;0;100,00;0;0;0;0;1;0;2025-12-08T11:31:15+00:00;2025-12-08T11:31:15+00:00;https://www.openstreetmap.org/user/Tibo78
1944;23594736;GeorgiSh;1;897;896;0,11;0;0;0;0;0;1;2026-05-21T08:31:22+00:00;2026-05-21T08:31:22+00:00;https://www.openstreetmap.org/user/GeorgiSh
1945;23601792;dima monsky;1;1851;1850;0,05;0;0;0;0;0;1;2026-01-24T20:22:15+00:00;2026-01-24T20:22:15+00:00;https://www.openstreetmap.org/user/dima%20monsky
1946;23622768;dedoxxx91;1;1;0;100,00;0;0;0;0;1;0;2025-12-17T14:18:58+00:00;2025-12-17T14:18:58+00:00;https://www.openstreetmap.org/user/dedoxxx91
1947;23676182;Manuel Verrecchia;1;1;0;100,00;0;0;0;0;0;1;2026-01-05T18:55:08+00:00;2026-01-05T18:55:08+00:00;https://www.openstreetmap.org/user/Manuel%20Verrecchia
1948;23682920;Bloomest Lavanderia Self Service Filottrano;1;1;0;100,00;0;0;0;0;0;1;2026-01-07T12:28:55+00:00;2026-01-07T12:28:55+00:00;https://www.openstreetmap.org/user/Bloomest%20Lavanderia%20Self%20Service%20Filottrano
1949;23700315;AndreiTsimafeyeu;1;1244;1243;0,08;0;0;0;0;0;1;2026-09-11T04:23:51+00:00;2026-09-11T04:23:51+00:00;https://www.openstreetmap.org/user/AndreiTsimafeyeu
1950;23713095;Federica Clare;1;1;0;100,00;0;0;0;0;0;1;2026-01-15T15:19:40+00:00;2026-01-15T15:19:40+00:00;https://www.openstreetmap.org/user/Federica%20Clare
1951;23719512;marco_colombera;1;1;0;100,00;0;0;0;0;0;1;2026-01-17T10:08:02+00:00;2026-01-17T10:08:02+00:00;https://www.openstreetmap.org/user/marco_colombera
1952;23767861;Ortopedia Panichelli;1;1;0;100,00;0;0;0;0;0;1;2026-01-29T22:42:28+00:00;2026-01-29T22:42:28+00:00;https://www.openstreetmap.org/user/Ortopedia%20Panichelli
1953;23792263;Pannon Pilgrim;1;13;12;7,69;0;0;0;0;0;1;2026-04-29T15:08:59+00:00;2026-04-29T15:08:59+00:00;https://www.openstreetmap.org/user/Pannon%20Pilgrim
1954;23806966;4D_Service;1;1;0;100,00;0;0;0;0;0;1;2026-02-09T18:25:44+00:00;2026-02-09T18:25:44+00:00;https://www.openstreetmap.org/user/4D_Service
1955;23830433;vitaliebasta;1;2;1;50,00;0;0;0;0;0;1;2026-09-19T18:56:42+00:00;2026-09-19T18:56:42+00:00;https://www.openstreetmap.org/user/vitaliebasta
1956;23878005;DavR123;1;16;15;6,25;0;0;0;0;0;1;2026-05-01T20:03:29+00:00;2026-05-01T20:03:29+00:00;https://www.openstreetmap.org/user/DavR123
1957;23891171;Babuzzi;1;1;0;100,00;0;0;0;0;0;1;2026-03-03T00:59:27+00:00;2026-03-03T00:59:27+00:00;https://www.openstreetmap.org/user/Babuzzi
1958;23908453;Danielejj;1;1;0;100,00;0;0;0;0;0;1;2026-03-06T16:59:42+00:00;2026-03-06T16:59:42+00:00;https://www.openstreetmap.org/user/Danielejj
1959;23950205;Valelli;1;32;31;3,12;0;0;0;0;0;1;2026-05-04T21:49:46+00:00;2026-05-04T21:49:46+00:00;https://www.openstreetmap.org/user/Valelli
1960;23962762;EditorFromItaly;1;626;625;0,16;0;0;0;0;0;1;2026-05-17T19:10:49+00:00;2026-05-17T19:10:49+00:00;https://www.openstreetmap.org/user/EditorFromItaly
1961;23969990;Ferro22;1;1;0;100,00;0;0;0;0;0;1;2026-03-23T21:48:00+00:00;2026-03-23T21:48:00+00:00;https://www.openstreetmap.org/user/Ferro22
1962;23995134;ALBERTO_STREETMAP;1;1;0;100,00;0;0;0;0;0;1;2026-03-30T16:19:53+00:00;2026-03-30T16:19:53+00:00;https://www.openstreetmap.org/user/ALBERTO_STREETMAP
1963;24018436;Il giardino degli incanti;1;1;0;100,00;0;0;0;0;0;1;2026-04-06T17:13:16+00:00;2026-04-06T17:13:16+00:00;https://www.openstreetmap.org/user/Il%20giardino%20degli%20incanti
1964;24026674;marduck85;1;1;0;100,00;0;0;0;0;0;1;2026-04-09T08:04:32+00:00;2026-04-09T08:04:32+00:00;https://www.openstreetmap.org/user/marduck85
1965;24046934;giacomotonelli;1;2;1;50,00;0;0;0;0;0;1;2026-04-15T21:46:18+00:00;2026-04-15T21:46:18+00:00;https://www.openstreetmap.org/user/giacomotonelli
1966;24055961;evyy;1;1787;1786;0,06;0;0;0;0;0;1;2026-08-27T19:19:34+00:00;2026-08-27T19:19:34+00:00;https://www.openstreetmap.org/user/evyy
1967;24061814;Azzurracala;1;1;0;100,00;0;0;0;0;0;1;2026-04-20T20:38:54+00:00;2026-04-20T20:38:54+00:00;https://www.openstreetmap.org/user/Azzurracala
1968;24073385;Teo Joelle;1;2;1;50,00;0;0;0;0;0;1;2026-04-24T14:52:30+00:00;2026-04-24T14:52:30+00:00;https://www.openstreetmap.org/user/Teo%20Joelle
1969;24108586;Kwatera;1;1;0;100,00;0;0;0;0;0;1;2026-05-07T12:30:49+00:00;2026-05-07T12:30:49+00:00;https://www.openstreetmap.org/user/Kwatera
1970;24108620;FranciViz;1;1;0;100,00;0;0;0;0;0;1;2026-05-07T12:30:41+00:00;2026-05-07T12:30:41+00:00;https://www.openstreetmap.org/user/FranciViz
1971;24148063;davicpm;1;1;0;100,00;0;0;0;0;0;1;2026-05-21T19:58:36+00:00;2026-05-21T19:58:36+00:00;https://www.openstreetmap.org/user/davicpm
1972;24152812;Fedepac97;1;2;1;50,00;0;0;0;0;0;1;2026-05-23T16:47:38+00:00;2026-05-23T16:47:38+00:00;https://www.openstreetmap.org/user/Fedepac97
1973;24153327;L'Autostazione || Bar Ristorante Pizzeria;1;1;0;100,00;0;0;0;0;0;1;2026-05-23T22:18:50+00:00;2026-05-23T22:18:50+00:00;https://www.openstreetmap.org/user/L%27Autostazione%20%7C%7C%20Bar%20Ristorante%20Pizzeria
1974;24154878;Marco Bonin;1;1;0;100,00;0;0;0;0;0;1;2026-07-25T07:29:31+00:00;2026-07-25T07:29:31+00:00;https://www.openstreetmap.org/user/Marco%20Bonin
1975;24161882;lilgas17;1;1;0;100,00;0;0;0;0;0;1;2026-05-27T09:57:10+00:00;2026-05-27T09:57:10+00:00;https://www.openstreetmap.org/user/lilgas17
1976;24203749;Aletzi;1;1;0;100,00;0;0;0;0;0;1;2026-08-07T18:36:33+00:00;2026-08-07T18:36:33+00:00;https://www.openstreetmap.org/user/Aletzi
1977;24208798;esnho esnho;1;14;13;7,14;0;0;0;0;0;1;2026-06-12T19:20:06+00:00;2026-06-12T19:20:06+00:00;https://www.openstreetmap.org/user/esnho%20esnho
1978;24224823;Melania Fattorini;1;1;0;100,00;0;0;0;0;0;1;2026-06-17T10:51:24+00:00;2026-06-17T10:51:24+00:00;https://www.openstreetmap.org/user/Melania%20Fattorini
1979;24257681;danytone;1;1;0;100,00;0;0;0;0;0;1;2026-06-27T18:42:15+00:00;2026-06-27T18:42:15+00:00;https://www.openstreetmap.org/user/danytone
1980;24261862;ltcars27;1;1778;1777;0,06;0;0;0;0;0;1;2026-08-19T17:44:18+00:00;2026-08-19T17:44:18+00:00;https://www.openstreetmap.org/user/ltcars27
1981;24294308;Claudioo803;1;1;0;100,00;0;0;0;0;0;1;2026-07-19T15:42:18+00:00;2026-07-19T15:42:18+00:00;https://www.openstreetmap.org/user/Claudioo803
1982;24351789;Urbino Center Suites;1;1;0;100,00;0;0;0;0;0;1;2026-07-26T10:50:41+00:00;2026-07-26T10:50:41+00:00;https://www.openstreetmap.org/user/Urbino%20Center%20Suites
1983;24368971;Takasss;1;1;0;100,00;0;0;0;0;0;1;2026-07-30T20:32:44+00:00;2026-07-30T20:32:44+00:00;https://www.openstreetmap.org/user/Takasss
1984;24411557;StuartInItaly;1;1;0;100,00;0;0;0;0;0;1;2026-08-12T09:40:15+00:00;2026-08-12T09:40:15+00:00;https://www.openstreetmap.org/user/StuartInItaly
1985;24411679;namecoder1;1;1;0;100,00;0;0;0;0;0;1;2026-08-12T10:19:02+00:00;2026-08-12T10:19:02+00:00;https://www.openstreetmap.org/user/namecoder1
1986;24476404;marcoszoe;1;3;2;33,33;0;0;0;0;0;1;2026-08-27T12:15:18+00:00;2026-08-27T12:15:18+00:00;https://www.openstreetmap.org/user/marcoszoe
1987;24493727;gioz93;1;33;32;3,03;0;0;0;0;0;1;2026-08-31T12:02:44+00:00;2026-08-31T12:02:44+00:00;https://www.openstreetmap.org/user/gioz93
1988;24545251;gUEDDAFI;1;1;0;100,00;0;0;0;0;0;1;2026-09-12T09:35:03+00:00;2026-09-12T09:35:03+00:00;https://www.openstreetmap.org/user/gUEDDAFI
1989;24549112;JasDa;1;1;0;100,00;0;0;0;0;0;1;2026-09-15T16:02:25+00:00;2026-09-15T16:02:25+00:00;https://www.openstreetmap.org/user/JasDa
1990;24570752;Raphsn;1;1;0;100,00;0;0;0;0;0;1;2026-09-19T11:34:23+00:00;2026-09-19T11:34:23+00:00;https://www.openstreetmap.org/user/Raphsn
1991;24596303;buitree;1;1;0;100,00;0;0;0;0;0;1;2026-09-26T16:45:15+00:00;2026-09-26T16:45:15+00:00;https://www.openstreetmap.org/user/buitree
1992;24598293;dejack;1;2;1;50,00;0;0;0;0;0;1;2026-09-27T11:11:52+00:00;2026-09-27T11:11:52+00:00;https://www.openstreetmap.org/user/dejack
1993;24599561;Luigi Bertozzi;1;1;0;100,00;0;0;0;0;0;1;2026-09-27T18:36:34+00:00;2026-09-27T18:36:34+00:00;https://www.openstreetmap.org/user/Luigi%20Bertozzi
